# Aspose.3D Wavefront OBJ Exporter
# Copyright 2004-2022 Aspose Pty Ltd.
# File created: 12/13/2022 01:08:11

mtllib material.lib

#
# object Box001
#

v 3.79779213666915888 3.83332085236907008 4.89097271373832144
v -3.71633607149124144 3.6236662827432156 3.5354047139103244
v 0.537797212600708 -5.40127468481659888 3.32033349963175796
v 4.12357228994369506 -4.20615864172577856 2.11157821691156756
v -0.4476909041404724 4.24090718850493432 0.47642507482726872
v 0.03511014953255653 -3.69451666250824928 0.10631668648918602
v -4.26896196603775024 -0.4212178625166416 5.12814582141608354
v 3.9599184393882752 -1.97682476416230208 4.99148043219643968
v 3.51143854856491088 3.59173106774687768 0.76411280929615088
v -0.00953141879290342 1.423986192792654 -1.32074057692877744
v -3.62813001871109008 -3.54904961958527568 2.79456448414337904
v -5.46806913614273072 1.08357202634215355 1.29856275953551404
v 4.62504047155380248 0.00461347866803407 0.2446063557793252
v 0.93677288293838496 4.66689777001738552 5.383559574514706
v -5.3401513695716858 1.60148024186491968 3.92569417424978432
v -3.79380828142166144 -2.17961454764008522 0.74124177994382016
v -2.58422213792800904 -2.92785716429352768 4.33621436132209224
v 4.11273521184921264 -4.06303835287690163 3.45005712219771968
v -3.4288960099220276 3.38189005479216576 0.92490859690077792
v -2.06588011980056763 2.7287194691598416 4.76305964118090224
v 0.51910173892974856 -3.32530546560883524 5.58586816679745368
v 1.73860222101211552 -1.71907031908631328 6.20144324511350932
v -4.2353554368019104 1.68578457459807392 0.41800589508195784
v 4.70937579870224 -0.4961972273886204 2.7766241064837232
v -5.59649521112442016 -1.06177306547760963 3.73490241571145984
v 1.77394789457321168 4.34960651025176048 1.80205979062041872
v 1.3297404646873474 -1.32289195433259012 -1.13084523276305048
v 2.35930198431015016 -4.85296774283051488 1.18434515958890784
v 0.58970397710800168 3.25287341699004172 5.95772916944842736
v 3.94642800092697136 0.72217249497771264 4.9559564208140472
v -0.8665247559547424 4.69084024056792256 4.29921666955404192
v -2.35811978578567504 0.91833775863051408 5.40953530295779216
v 4.05887359380722046 4.16448306664824486 3.47503184769060168
v -1.04861479997634888 3.91941475495696064 2.13732091902259924
v 3.53932589292526248 3.50519752129912376 1.79259895466286416
v -5.0476570725440979 2.89480614289641376 1.9958191154826608
v 2.71109813451766968 -3.16501140967011452 5.37968673318651728
v -4.73591047525405888 -2.69057155027985576 2.02124333171128967
v 3.8101748824119568 -2.214462760835886 0.63959021190337496
v 1.14833956956863404 3.776499267667532 -0.38931755875461608
v -2.54148823022842408 -2.07865405455231667 4.89152985700842176
v -2.09026533365249634 3.49445104226469992 0.77965866335321728
v -1.28535991907119752 -0.58459979668259624 -0.93159405526558464
v -2.7734180092811584 -3.1110391654074192 1.03322228343451172
v 2.42287343740463256 4.98828172311186784 4.65832266869624336
v 1.48773139715194704 -4.01284027472138404 4.99604523089159616
v 4.26544421911239624 2.45005344972014424 0.40898043081622152
v -2.01975280046463012 3.51318144425749776 3.9264868281411936
v -4.20503288507461548 1.21083366498351096 5.08243655532957916
v 2.59190744161605832 -5.39053440466523168 2.5198481347773196
v 4.66344684362411496 -2.71697736158967016 2.30102166886193516
v -2.47547703981399536 -3.70140624418854712 2.00525543978623943
v -1.69638532400131224 -3.83811998739838608 3.98512665417710816
v 4.20498746633529664 -1.622143629938364 3.91464074326093232
v -3.244037926197052 0.380432453006506 0.07188747550315577
v 4.08674758672714233 2.71907639130949976 5.04061603002249114
v -1.44022065401077272 3.76554727181792256 4.90845184169309328
v 4.57099479436874392 1.25398587808012964 2.4905162971709416
v 0.62563282251358032 0.5914540849626064 6.32802275119921376
v 2.6751951575279236 4.58861732110381128 2.52974885555217096
v 0.46480453014373776 -4.86267996206879616 0.93479813837398496
v -3.87055927515029904 3.9458048306405544 2.33045337489633652
v 2.09394186735153198 1.40746259316802024 -1.2752634262682676
v 3.35891956090927124 -4.90529108420014384 3.29274165821910004
v -0.4981494843959808 -5.1794133223593235 2.21365534370127648
v 1.98925155401229856 -3.38182473555207256 -0.00531160346268344
v 3.70760101079940792 -3.6700446642935276 1.15732602965901066
v 3.95032590627670288 0.58634096011519432 -0.53205115571648424
v -5.876284658908844 0.581551905721426 3.35836266829819864
v -3.7517011761665344 -2.90500045195221904 4.01738233461652782
v 2.39069527387619016 0.581832941621542 6.13505641146694814
v -1.1172066330909729 -3.7769577540457248 0.70830474177158464
v -5.7462487816810608 -1.11408520117402076 2.78590425180284736
v -3.9815168976783752 -1.58517527952790264 4.91885472013588304
v -1.79093700647354128 -2.68009663000702856 0.12202181454106942
v 4.69377654790878296 2.76138925179839136 3.54330243506906584
v -0.97940272092819216 3.527074571698904 -0.14817286960201148
v -0.9815497994422912 -0.15679574385285378 5.83241101982677888
v -3.04437524080276489 2.97696113213896752 4.43596453717692896
v 3.44912999868392944 -3.4314484633505344 4.49044831290966328
v -1.0619780421257019 -3.56991100683808328 4.82934114096308064
v -4.27062755823135376 -0.39563340321183208 0.44066505596571656
v 0.00396991986781358 5.09393643960356712 3.3250208565967938
v -2.74785810708999632 1.86295532807707792 0.02431309302975837
v -4.88986498117446896 -2.35663080587983132 3.56015254098464592
v 4.1594056487083435 2.7807426415383816 2.12506062031400234
v 1.00795513391494751 5.30212783440947532 4.48824789510747736
v 2.03870528936386108 4.28119945153594016 0.44900883126006976
v 3.6049746870994568 2.59661173447966576 -0.23501903634884336
v 4.38021177053451536 -1.6530187167227268 1.58902304362185024
v -4.59201914072036744 2.64010929688811304 1.03455038446986691
v 4.36630862951278688 0.4713243208825588 3.5185526205633408
v 3.74392002820968624 -1.10908866301178932 -0.34814613682485884
v 1.44122534990310672 -4.96405268087983136 4.12249493163643876
v -2.83001881837844848 4.12687873467803002 2.84246091848937968
v 1.57306236028671264 5.29138755425810812 3.36910605998811264
v 3.33022564649581908 2.50309395417571064 5.60545629070985288
v 4.03928989171981811 -0.80006635561585424 5.06015744929690925
v 2.68140166997909544 -4.54334974661469456 4.21696118986663748
v 0.87435019016265872 4.5520224533975124 2.2360411085525982
v -3.05768972635269165 -2.21077776327729224 0.59215055554160048
v -5.58486562967300416 -0.08092650398612022 1.57631027303040128
v -5.2744503617286682 0.03714165091514587 4.47974433860925104
v -1.24044793844223024 4.1106247864663601 2.78851341799700944
v -4.00643450021743774 -3.16422176733613014 1.67156189790352984
v 4.7877582907676696 1.04686009511351585 1.21919874411120332
v 1.52428096532821656 -5.41540289297699928 1.64229150505137512
v 4.62958520650863648 -2.30656505003571512 3.27793330683199712
v 1.25095790624618532 -4.29730129614472388 0.40193920978272504
v -3.27277761697769164 -2.55538082495331768 4.59724790795253568
v -1.55582159757614136 3.87900876626372336 1.32583470730185836
v -0.50275975465774536 3.10309314355254174 5.74265398030705392
v -0.90869581699371344 -4.67738676443696024 1.4963860503792432
v 3.36944884061813352 -1.89488017931580544 5.58659291678257832
v -5.586611807346344 2.1075906716287136 2.81147189433109184
v 3.93989008665084832 3.9122550450265408 2.57524099475784848
v -1.43820315599441528 1.07545232400298119 5.72837892301321008
v 2.12832039594650268 2.17962050065398216 6.04306881143541829
v 2.59853929281234744 -3.85951185598969456 4.67897605584089152
v 0.44077339768409728 4.39511441811919216 0.3368448069183092
# 120 vertices

vn -0.31485679745674132 -0.23556052148342132 0.91944354772567744
vn -0.3194260597229004 -0.24488340318202972 0.91542297601699824
vn -0.30779069662094116 -0.22124068439006804 0.9253742098808288
vn 0.56652086973190304 0.26340767741203308 -0.7808139324188232
vn 0.56652098894119264 0.26340770721435548 -0.7808140516281128
vn 0.56652092933654784 0.26340773701667784 -0.780813992023468
vn -0.3194260597229004 -0.24488340318202972 0.91542297601699824
vn -0.31485679745674132 -0.23556052148342132 0.91944354772567744
vn -0.32474303245544432 -0.25579646229743956 0.91055476665496832
vn 0.42793273925781248 -0.18826401233673096 -0.88398540019989008
vn 0.42716890573501584 -0.1869201362133026 -0.8846397995948792
vn 0.4280404448509216 -0.18845362961292268 -0.88389289379119872
vn -0.74630969762802128 -0.05001027509570122 -0.6637175679206848
vn -0.75588804483413696 -0.06827235221862793 -0.65113127231597904
vn -0.71719861030578616 0.00123275106307119 -0.69686770439147952
vn -0.12272187322378158 0.99119818210601808 -0.04965444654226303
vn -0.12272187322378158 0.99119818210601808 -0.04965445026755333
vn -0.12272187322378158 0.99119818210601808 -0.04965444281697273
vn -0.77206444740295408 -0.35816997289657592 -0.52500545978546144
vn -0.77296799421310432 -0.36069998145103456 -0.5219348073005676
vn -0.77836948633193968 -0.37651592493057248 -0.50237095355987552
vn -0.22168150544166564 -0.93500274419784544 -0.276816189289093
vn -0.26751214265823364 -0.91644632816314704 -0.29759600758552552
vn -0.2499118447303772 -0.92392206192016608 -0.28967607021331788
vn -0.88464856147766112 -0.36039555072784424 -0.29582422971725464
vn -0.88464856147766112 -0.36039555072784424 -0.29582425951957704
vn -0.88464850187301632 -0.36039552092552184 -0.29582422971725464
vn -0.66475552320480344 0.29974699020385744 0.684289276599884
vn -0.68026727437973024 0.294073224067688 0.6713847517967224
vn -0.67772048711776736 0.2950212061405182 0.67354094982147216
vn 0.96451395750045776 -0.11276347935199738 0.2387409061193466
vn 0.97674596309661872 -0.0608707070350647 0.20557732880115508
vn 0.9722280502319336 -0.00709893135353922 0.23392760753631592
vn 0.49652370810508728 -0.57353365421295168 0.65155452489852904
vn 0.49652373790740968 -0.57353365421295168 0.65155458450317384
vn 0.49652370810508728 -0.57353365421295168 0.65155458450317384
vn 0.95345866680145264 0.17160548269748688 -0.2479276806116104
vn 0.93920791149139408 0.242036372423172 -0.24353010952472688
vn 0.93162196874618528 0.29179814457893372 -0.21664345264434816
vn 0.43545603752136232 0.89055836200714112 -0.1314685195684433
vn 0.46950718760490416 0.85756272077560432 -0.21011714637279512
vn 0.43296143412590024 0.88637238740921024 -0.16397719085216522
vn 0.33196881413459776 0.54644024372100832 -0.76889520883560176
vn 0.33196881413459776 0.54644018411636352 -0.76889514923095696
vn 0.33196881413459776 0.54644018411636352 -0.76889520883560176
vn -0.43263959884643552 0.52197152376174928 -0.7350977659225464
vn -0.43263959884643552 0.52197152376174928 -0.7350977659225464
vn -0.43263959884643552 0.52197152376174928 -0.7350977659225464
vn -0.31352263689041136 -0.36371153593063352 0.877164363861084
vn -0.31352263689041136 -0.36371156573295592 0.8771644234657288
vn -0.31352263689041136 -0.36371156573295592 0.8771644234657288
vn -0.57504481077194216 -0.80205911397933952 -0.16132134199142456
vn -0.57504487037658688 -0.80205917358398432 -0.16132135689258576
vn -0.57504481077194216 -0.80205917358398432 -0.16132134199142456
vn -0.72837448120117184 0.64730274677276608 0.22465460002422332
vn -0.71764445304870608 0.6630238890647888 0.21303917467594148
vn -0.71505671739578248 0.6666908860206604 0.21027877926826476
vn -0.71505671739578248 0.6666908860206604 0.21027877926826476
vn -0.71764445304870608 0.6630238890647888 0.21303917467594148
vn -0.69605213403701784 0.69227170944213864 0.19045042991638184
vn 0.60573363304138184 -0.39604178071022032 -0.69009977579116824
vn 0.60573363304138184 -0.39604178071022032 -0.69009977579116824
vn 0.60573363304138184 -0.39604178071022032 -0.69009977579116824
vn 0.96772277355194096 -0.0923101007938385 0.23450265824794768
vn 0.96857988834381104 0.00678009400144219 0.24861015379428864
vn 0.96944278478622432 -0.0410810187458992 0.24185356497764588
vn 0.42863416671752928 0.1443038284778595 0.89187961816787712
vn 0.42863416671752928 0.1443038284778595 0.89187955856323248
vn 0.42863416671752928 0.1443038284778595 0.89187955856323248
vn 0.43545603752136232 0.89055836200714112 -0.1314685195684433
vn 0.41572251915931704 0.90546584129333504 -0.08547767996788025
vn 0.41464027762413024 0.90904331207275392 -0.04139743372797966
vn -0.5543076395988464 0.64285010099411008 0.5286651253700256
vn -0.55004811286926272 0.61822038888931272 0.56147187948226928
vn -0.551672637462616 0.62711423635482792 0.54989558458328248
vn -0.71626025438308712 -0.42247685790061952 0.55541390180587768
vn -0.704276978969574 -0.48504894971847536 0.51838362216949464
vn -0.72628861665725712 -0.38361302018165592 0.570391058921814
vn -0.30651545524597168 -0.89827841520309456 -0.31487149000167848
vn -0.2499118447303772 -0.92392206192016608 -0.28967607021331788
vn -0.26751214265823364 -0.91644632816314704 -0.29759600758552552
vn -0.52969908714294432 -0.27045187354087828 -0.80391204357147216
vn -0.52969908714294432 -0.27045190334320068 -0.80391210317611696
vn -0.52969914674758912 -0.27045190334320068 -0.80391204357147216
vn -0.61907052993774416 -0.76994532346725456 0.15471188724040986
vn -0.6215384602546692 -0.77203398942947392 0.13286639750003814
vn -0.553219735622406 -0.81569427251815792 0.16908809542655944
vn -0.56993335485458376 -0.62441414594650272 0.53411895036697384
vn -0.55938541889190672 -0.62863665819168088 0.5402812957763672
vn -0.5955063700675964 -0.61356914043426512 0.5185605883598328
vn 0.27559384703636168 -0.91129869222640992 0.30591312050819396
vn 0.216141939163208 -0.93515068292617792 0.28067031502723692
vn 0.2046566605567932 -0.9392069578170776 0.27569177746772768
vn 0.95818120241165168 -0.26767465472221376 0.1011878252029419
vn 0.94890916347503664 -0.30887046456336976 0.06457685679197311
vn 0.9491743445396424 -0.30786365270614624 0.06548447906970978
vn -0.6272835731506348 0.59092241525650024 -0.5072729587554932
vn -0.62728363275527952 0.59092247486114504 -0.50727301836013792
vn -0.62728363275527952 0.59092247486114504 -0.50727301836013792
vn -0.23100778460502624 0.97285830974578864 0.01349828951060772
vn -0.23883967101573944 0.96851819753646848 0.07020070403814316
vn -0.2903064787387848 0.95532345771789552 0.05549125000834465
vn -0.551672637462616 0.62711423635482792 0.54989558458328248
vn -0.55004811286926272 0.61822038888931272 0.56147187948226928
vn -0.54663622379302976 0.60096359252929688 0.58312225341796872
vn -0.42931526899337768 0.7471360564231872 0.50742107629776
vn -0.42931526899337768 0.7471360564231872 0.5074211359024048
vn -0.42931526899337768 0.7471360564231872 0.50742107629776
vn 0.1518479585647583 -0.6796138286590576 0.71768176555633544
vn 0.1518479734659195 -0.6796138882637024 0.71768182516098024
vn 0.1518479585647583 -0.6796138882637024 0.71768176555633544
vn -0.31068462133407592 -0.76723098754882816 0.56109863519668576
vn -0.31007272005081176 -0.76491218805313104 0.56459206342697144
vn -0.30703806877136232 -0.75351649522781376 0.58132648468017576
vn 0.14973928034305572 -0.6168028116226196 0.77274346351623536
vn 0.14990974962711334 -0.61169099807739256 0.77676320075988768
vn 0.15118882060050964 -0.56303393840789792 0.81248682737350464
vn 0.73886889219284064 -0.09451358020305634 0.66718804836273192
vn 0.73783063888549808 -0.09265124797821044 0.66859680414199832
vn 0.73933422565460208 -0.09535089880228042 0.66655313968658448
vn -0.48553889989852904 0.39999401569366456 -0.77733957767486576
vn -0.48553892970085144 0.39999404549598696 -0.77733957767486576
vn -0.48553889989852904 0.39999401569366456 -0.77733951807022096
vn -0.66015297174453736 -0.3293515145778656 -0.67507451772689816
vn -0.66015303134918216 -0.3293515145778656 -0.67507451772689816
vn -0.66015297174453736 -0.3293515145778656 -0.67507451772689816
vn 0.97695618867874144 0.03353236243128776 -0.21078933775424956
vn 0.97437638044357296 0.0476195439696312 -0.21982477605342864
vn 0.97542625665664672 0.04207060486078262 -0.2162722200155258
vn 0.95872181653976448 0.16348905861377716 -0.2326451390981674
vn 0.95872181653976448 0.16348905861377716 -0.2326451539993286
vn 0.95872181653976448 0.16348905861377716 -0.2326451390981674
vn -0.7663418650627136 0.26597261428833008 0.5847894549369812
vn -0.7663419246673584 0.26597264409065248 0.5847894549369812
vn -0.7663418650627136 0.26597261428833008 0.5847893953323364
vn -0.9940009713172912 -0.02441504597663879 -0.1066109612584114
vn -0.993557333946228 0.00174941297154873 -0.11331725865602494
vn -0.99226278066635136 0.03002152591943741 -0.12047114968299866
vn 0.10471262782812118 0.99286025762557984 -0.05712911114096642
vn 0.07791583985090256 0.99453908205032352 -0.06943431496620178
vn 0.1449686884880066 0.9886881113052368 -0.03846959769725799
vn -0.28227272629737856 0.95887899398803712 0.02955079264938831
vn -0.23100778460502624 0.97285830974578864 0.01349828951060772
vn -0.2903064787387848 0.95532345771789552 0.05549125000834465
vn -0.2593776285648346 -0.50089985132217408 -0.82572549581527712
vn -0.2390436977148056 -0.53083133697509768 -0.8130659461021424
vn -0.25480449199676512 -0.50774538516998288 -0.82296383380889888
vn 0.32458814978599548 -0.68167757987976072 -0.65571206808090208
vn 0.32458814978599548 -0.68167757987976072 -0.65571200847625736
vn 0.32458814978599548 -0.68167757987976072 -0.65571200847625736
vn 0.50599932670593264 -0.59720271825790408 -0.62234520912170408
vn 0.50599932670593264 -0.59720271825790408 -0.62234520912170408
vn 0.50599932670593264 -0.5972027778625488 -0.62234520912170408
vn 0.59570842981338504 -0.800851047039032 -0.06139357760548592
vn 0.66308754682540896 -0.7484807968139648 -0.00956006627529859
vn 0.6703230142593384 -0.74206036329269408 -0.00366637320257723
vn 0.27996656298637392 0.44961285591125488 0.84821403026580816
vn 0.31412586569786072 0.484918475151062 0.81619787216186528
vn 0.299625962972641 0.455204039812088 0.83845901489257808
vn -0.36960771679878232 0.58016270399093624 0.7258108258247376
vn -0.42406171560287472 0.61125659942626952 0.6682342290878296
vn -0.37949383258819584 0.58600348234176632 0.71595001220703128
vn 0.71673059463500976 0.0792565792798996 0.69283169507980344
vn 0.71865147352218624 0.08447183668613434 0.69022077322006224
vn 0.70742958784103392 0.05493142083287239 0.7046460509300232
vn 0.97674596309661872 -0.0608707070350647 0.20557732880115508
vn 0.96944278478622432 -0.0410810187458992 0.24185356497764588
vn 0.9722280502319336 -0.00709893135353922 0.23392760753631592
vn -0.6963675618171692 0.71418362855911256 -0.07080940157175064
vn -0.63780641555786136 0.76440483331680304 -0.09427717328071594
vn -0.5594386458396912 0.80653762817382816 -0.19111600518226624
vn -0.19154082238674164 0.88990855216979984 -0.41397467255592344
vn -0.2515535354614258 0.8630563020706176 -0.43801212310791016
vn -0.17047896981239318 0.89821422100067136 -0.40515199303627016
vn -0.04564440250396729 -0.24652117490768432 0.96806192398071296
vn -0.04716991633176804 -0.24801757931709288 0.96760642528533936
vn -0.0380772240459919 -0.23908431828022004 0.97025203704833984
vn -0.1749301701784134 0.51357471942901608 0.8400241136550904
vn -0.20971202850341796 0.50151789188385008 0.83934539556503296
vn -0.13036471605300904 0.52789872884750368 0.83924245834350592
vn 0.60046231746673584 0.77356469631195072 0.20258989930152892
vn 0.60046231746673584 0.77356469631195072 0.20258989930152892
vn 0.60046231746673584 0.77356457710266112 0.20258989930152892
vn 0.9722280502319336 -0.00709893135353922 0.23392760753631592
vn 0.9537239074707032 -0.1405135840177536 0.265831857919693
vn 0.96451395750045776 -0.11276347935199738 0.2387409061193466
vn 0.02684307098388672 0.93495553731918336 0.3537476658821106
vn -0.02436716482043266 0.91720944643020624 0.39765939116477968
vn -0.08673083037137985 0.89355182647705072 0.44050291180610656
vn -0.00161531183402985 0.9716488122940064 -0.2364235669374466
vn -0.00161531183402985 0.9716488122940064 -0.236423596739769
vn -0.00161531171761453 0.9716487526893616 -0.2364235520362854
vn 0.42398843169212344 0.90502983331680304 0.03398246690630913
vn 0.43134751915931704 0.90108567476272576 0.0445404089987278
vn 0.42451000213623048 0.90475702285766608 0.03472729027271271
vn 0.90046471357345584 0.42215538024902344 0.10463370382785798
vn 0.8838880062103272 0.46116086840629576 0.07792763411998749
vn 0.87399071455001824 0.481790155172348 0.06339129060506821
vn -0.75129526853561408 0.27652692794799804 -0.59923976659774784
vn -0.75129526853561408 0.27652695775032044 -0.59923976659774784
vn -0.75129526853561408 0.27652692794799804 -0.59923982620239256
vn -0.95888912677764896 0.27036097645759584 -0.08623585850000381
vn -0.95888906717300416 0.27036097645759584 -0.08623585850000381
vn -0.95888906717300416 0.27036097645759584 -0.08623585850000381
vn 0.40299358963966368 -0.40172433853149416 0.82232207059860224
vn 0.40299361944198608 -0.40172436833381656 0.82232218980789184
vn 0.40299355983734128 -0.40172433853149416 0.82232213020324704
vn 0.85769343376159664 -0.16577127575874328 0.48670518398284912
vn 0.87646996974945072 -0.157759889960289 0.45487612485885624
vn 0.86444324254989632 -0.16297803819179534 0.47557973861694336
vn -0.250895619392395 -0.93595993518829344 -0.24704355001449584
vn -0.24943490326404572 -0.93530607223510736 -0.250967800617218
vn -0.21434687077999116 -0.91545200347900384 -0.3405922055244446
vn -0.83356159925460816 -0.55184876918792728 0.02525751665234565
vn -0.847200870513916 -0.52754408121109008 0.06283249706029892
vn -0.84757596254348752 -0.526807963848114 0.06394132226705551
vn 0.99484628438949584 -0.08787371963262558 0.05058712512254715
vn 0.99484640359878544 -0.08787372708320618 0.05058712884783745
vn 0.99484622478485104 -0.08787371963262558 0.05058712139725685
vn 0.63359284400939944 -0.59622752666473392 -0.49302423000335696
vn 0.63359284400939944 -0.59622752666473392 -0.49302423000335696
vn 0.63359284400939944 -0.59622752666473392 -0.49302423000335696
vn -0.19692781567573548 0.55684489011764528 -0.80693447589874272
vn -0.19692780077457428 0.55684489011764528 -0.80693453550338752
vn -0.19692778587341308 0.55684483051300048 -0.80693441629409792
vn 0.10870884358882904 0.8860116600990296 -0.45073920488357544
vn 0.10870882868766784 0.8860116004943848 -0.45073917508125304
vn 0.10870884358882904 0.8860116600990296 -0.45073920488357544
vn -0.15328606963157654 -0.514554500579834 0.84364509582519536
vn -0.15328608453273774 -0.51455456018447872 0.84364515542984016
vn -0.15328606963157654 -0.514554500579834 0.84364509582519536
vn -0.53230059146881104 -0.56590473651885984 0.62960940599441528
vn -0.53230047225952152 -0.56590467691421512 0.62960940599441528
vn -0.53230053186416624 -0.56590473651885984 0.62960946559906008
vn -0.03623581305146217 0.99392700195312496 -0.1039040982723236
vn -0.03623580932617187 0.99392700195312496 -0.1039040982723236
vn -0.03623581305146217 0.99392700195312496 -0.1039041057229042
vn -0.17466062307357788 0.45803794264793392 -0.87160485982894896
vn -0.17466060817241668 0.4580379128456116 -0.87160474061965936
vn -0.17466062307357788 0.45803794264793392 -0.87160485982894896
vn -0.55390578508377072 0.13126711547374726 -0.82216620445251472
vn -0.54899305105209352 0.13565273582935334 -0.82474535703659056
vn -0.55909347534179688 0.12660175561904908 -0.81938171386718752
vn -0.15540386736392974 -0.17256681621074676 -0.97266137599945072
vn -0.15540389716625214 -0.17256683111190796 -0.97266149520874016
vn -0.15540388226509094 -0.17256681621074676 -0.97266149520874016
vn -0.40380752086639408 -0.70530855655670168 -0.58264851570129392
vn -0.40380752086639408 -0.70530855655670168 -0.58264851570129392
vn -0.40380752086639408 -0.70530855655670168 -0.58264857530593872
vn -0.53925794363021848 -0.59241950511932376 -0.59853160381317136
vn -0.53925794363021848 -0.59241950511932376 -0.59853160381317136
vn -0.53925794363021848 -0.59241950511932376 -0.59853160381317136
vn 0.35441020131111144 0.6238858103752136 0.6965342164039612
vn 0.35441017150878908 0.6238858103752136 0.6965341567993164
vn 0.35441017150878908 0.62388575077056888 0.6965342164039612
vn -0.3361181616783142 0.8520157933235168 0.40136483311653136
vn -0.33611813187599184 0.8520158529281616 0.40136483311653136
vn -0.33611810207366944 0.852015733718872 0.40136477351188656
vn -0.19081071019172668 -0.93288165330886848 0.30548858642578124
vn -0.19081069529056548 -0.93288159370422368 0.30548855662345888
vn -0.19081071019172668 -0.93288159370422368 0.30548855662345888
vn 0.14990974962711334 -0.61169099807739256 0.77676320075988768
vn 0.14973928034305572 -0.6168028116226196 0.77274346351623536
vn 0.14699174463748932 -0.68001061677932736 0.71831667423248288
vn 0.87399071455001824 0.481790155172348 0.06339129060506821
vn 0.8838880062103272 0.46116086840629576 0.07792763411998749
vn 0.83764022588729856 0.54598391056060792 0.01613326743245124
vn 0.41118431091308592 0.76191884279251104 -0.5004069805145264
vn 0.41118434071540832 0.76191884279251104 -0.5004069805145264
vn 0.41118434071540832 0.76191884279251104 -0.5004069805145264
vn -0.7433657050132752 0.64125031232833864 0.19027698040008544
vn -0.74336576461792 0.64125037193298336 0.19027699530124664
vn -0.74336576461792 0.64125031232833864 0.19027699530124664
vn -0.07319674640893936 0.8681215047836304 0.49092492461204528
vn -0.08673083037137985 0.89355182647705072 0.44050291180610656
vn -0.02436716482043266 0.91720944643020624 0.39765939116477968
vn -0.66543024778366088 0.05607634782791138 0.74435079097747808
vn -0.66543024778366088 0.05607634037733078 0.74435073137283328
vn -0.66543024778366088 0.05607634410262108 0.74435073137283328
vn -0.23954463005065916 0.04847858473658562 0.9696742296218872
vn -0.23954464495182036 0.04847858101129532 0.9696741700172424
vn -0.23954464495182036 0.04847858473658562 0.9696742296218872
vn 0.51414555311203 -0.80787009000778192 -0.28809747099876404
vn 0.46426406502723696 -0.83682000637054448 -0.29015707969665528
vn 0.44137695431709288 -0.84890562295913696 -0.29076731204986572
vn 0.01103737391531467 -0.99988543987274176 0.01035534869879484
vn -0.07583403587341309 -0.99680352210998528 -0.02513869106769562
vn -0.05130185186862946 -0.99856889247894288 -0.01511005964130163
vn 0.90942740440368656 -0.18915645778179168 -0.37035334110260008
vn 0.89324009418487552 -0.20205220580101012 -0.40161800384521488
vn 0.90667313337326048 -0.21711519360542296 -0.36166945099830624
vn 0.9491743445396424 -0.30786365270614624 0.06548447906970978
vn 0.94890916347503664 -0.30887046456336976 0.06457685679197311
vn 0.937846839427948 -0.34566658735275268 0.03095020540058613
vn -0.24943490326404572 -0.93530607223510736 -0.250967800617218
vn -0.250895619392395 -0.93595993518829344 -0.24704355001449584
vn -0.282012015581131 -0.94610661268234256 -0.15922145545482636
vn 0.09519588947296142 -0.96933746337890624 0.22654470801353456
vn 0.09519588947296142 -0.96933746337890624 0.22654470801353456
vn 0.09519589692354202 -0.96933752298355104 0.22654472291469572
vn -0.66606259346008304 -0.73126858472824096 0.14699257910251618
vn -0.6215384602546692 -0.77203398942947392 0.13286639750003814
vn -0.61907052993774416 -0.76994532346725456 0.15471188724040986
vn -0.51400101184844968 -0.74113458395004272 0.43188244104385376
vn -0.51400107145309448 -0.74113464355468752 0.43188244104385376
vn -0.51400101184844968 -0.74113464355468752 0.43188241124153136
vn 0.98731303215026848 -0.07820367068052292 0.13819260895252228
vn 0.98731303215026848 -0.07820366322994232 0.13819260895252228
vn 0.98731297254562384 -0.07820366322994232 0.13819260895252228
vn 0.93101024627685552 -0.35915687680244444 0.06500924378633499
vn 0.93101036548614496 -0.35915690660476684 0.06500925123691559
vn 0.93101024627685552 -0.35915690660476684 0.06500924378633499
vn -0.45561406016349792 -0.00622925022616982 -0.89015561342239376
vn -0.40331390500068664 0.04261653497815132 -0.91406881809234624
vn -0.41846162080764768 0.02871271222829818 -0.90778052806854256
vn -0.34403944015502928 0.61280989646911624 -0.71140766143798832
vn -0.34403941035270692 0.61280983686447144 -0.71140766143798832
vn -0.34403944015502928 0.61280989646911624 -0.71140760183334352
vn 0.91174387931823728 0.33697161078453064 0.23488979041576384
vn 0.9197803139686584 0.28970408439636232 0.26471793651580812
vn 0.90286129713058464 0.3754059672355652 0.20955143868923188
vn 0.34235602617263792 0.4964522421360016 0.79770141839981072
vn 0.299625962972641 0.455204039812088 0.83845901489257808
vn 0.31412586569786072 0.484918475151062 0.81619787216186528
vn -0.84817010164260864 0.45813331007957456 0.2659350335597992
vn -0.84817004203796384 0.45813328027725216 0.2659350335597992
vn -0.84817010164260864 0.45813328027725216 0.2659350335597992
vn -0.69672298431396488 0.28778523206710816 0.65708202123641968
vn -0.67772048711776736 0.2950212061405182 0.67354094982147216
vn -0.68026727437973024 0.294073224067688 0.6713847517967224
vn 0.9879268407821656 -0.14222423732280732 0.06142333149909973
vn 0.9879268407821656 -0.1422242522239685 0.06142333149909973
vn 0.9879267811775208 -0.1422242522239685 0.06142333522439003
vn 0.97781378030776976 0.02847415395081043 -0.20753178000450136
vn 0.97695618867874144 0.03353236243128776 -0.21078933775424956
vn 0.97542625665664672 0.04207060486078262 -0.2162722200155258
vn 0.31412586569786072 0.484918475151062 0.81619787216186528
vn 0.27996656298637392 0.44961285591125488 0.84821403026580816
vn 0.2890169322490692 0.50726789236068728 0.81187957525253296
vn -0.11169105023145676 -0.04649480432271957 0.99265474081039424
vn -0.11169104278087616 -0.04649480432271957 0.99265474081039424
vn -0.11169104278087616 -0.04649480059742928 0.99265468120574944
vn 0.41015404462814328 0.783821165561676 -0.46625950932502744
vn 0.371042400598526 0.78375905752182 -0.49804544448852536
vn 0.39770251512527464 0.78401839733123776 -0.47660040855407712
vn -0.17047896981239318 0.89821422100067136 -0.40515199303627016
vn -0.10083229839801788 0.92168819904327392 -0.3745978474617004
vn -0.19154082238674164 0.88990855216979984 -0.41397467255592344
vn 0.0271782036870718 -0.58602923154830936 -0.8098340034484864
vn 0.02820132672786712 -0.5906691551208496 -0.80642098188400272
vn 0.01939815655350685 -0.55023193359375 -0.8347864747047424
vn -0.40522700548172 -0.71717786788940432 -0.56696289777755736
vn -0.38620445132255552 -0.71591645479202272 -0.58164399862289432
vn -0.39410033822059632 -0.73852807283401488 -0.54704773426055912
vn -0.14813302457332612 0.93436986207962032 -0.32405176758766176
vn -0.15234047174453736 0.93744146823883056 -0.31304284930229188
vn -0.15839536488056182 0.9416444897651672 -0.29701271653175356
vn -0.54528731107711792 0.77100104093551632 -0.32896682620048524
vn -0.54831260442733768 0.7669272422790528 -0.33343058824539184
vn -0.54436039924621584 0.77223539352416992 -0.32760351896286012
vn 0.03033562190830707 -0.08432764559984207 -0.99597615003585808
vn 0.03033562004566192 -0.08432763069868088 -0.99597615003585808
vn 0.03033562190830707 -0.08432764559984207 -0.99597615003585808
vn 0.03102574869990349 0.483368456363678 -0.87486702203750608
vn 0.03102574683725834 0.4833684265613556 -0.87486696243286128
vn 0.03102575056254863 0.4833684861660004 -0.87486708164215088
vn 0.59833776950836184 -0.62193733453750608 0.50515925884246824
vn 0.59542638063430784 -0.63082879781723024 0.49751630425453184
vn 0.60443294048309328 -0.60206496715545656 0.52170735597610472
vn 0.6703230142593384 -0.74206036329269408 -0.00366637320257723
vn 0.66308754682540896 -0.7484807968139648 -0.00956006627529859
vn 0.73676180839538576 -0.67397606372833248 0.05420542508363724
vn -0.13563604652881622 -0.98951619863510128 -0.04960288479924202
vn -0.05130185186862946 -0.99856889247894288 -0.01511005964130163
vn -0.07583403587341309 -0.99680352210998528 -0.02513869106769562
vn -0.49949306249618528 -0.84105801582336432 0.20767322182655336
vn -0.61907052993774416 -0.76994532346725456 0.15471188724040986
vn -0.553219735622406 -0.81569427251815792 0.16908809542655944
vn 0.03285357728600502 -0.6115664839744568 -0.79051065444946288
vn 0.02820132672786712 -0.5906691551208496 -0.80642098188400272
vn 0.0271782036870718 -0.58602923154830936 -0.8098340034484864
vn 0.40530127286911008 -0.48164373636245728 -0.77701365947723392
vn 0.40530124306678768 -0.48164370656013488 -0.77701359987258912
vn 0.40530127286911008 -0.48164373636245728 -0.77701365947723392
vn 0.58419299125671384 -0.68041276931762696 -0.44244426488876344
vn 0.58419305086135864 -0.68041276931762696 -0.44244426488876344
vn 0.58419305086135864 -0.68041276931762696 -0.44244429469108584
vn 0.89324009418487552 -0.20205220580101012 -0.40161800384521488
vn 0.8929714560508728 -0.25592046976089476 -0.37027913331985472
vn 0.90667313337326048 -0.21711519360542296 -0.36166945099830624
vn 0.87077760696411136 -0.39483523368835448 -0.29300433397293092
vn 0.88103413581848144 -0.39154487848281864 -0.26546427607536316
vn 0.84633249044418336 -0.4007035493850708 -0.350938618183136
vn 0.83444416522979744 0.2246791124343872 -0.50321191549301144
vn 0.88046157360076912 0.17221304774284362 -0.44173520803451536
vn 0.86206793785095216 0.19442476332187652 -0.4680147469043732
vn -0.9055135846138 0.16193535923957824 0.39220142364501952
vn -0.9055136442184448 0.16193535923957824 0.39220142364501952
vn -0.9055135846138 0.16193535923957824 0.39220142364501952
vn -0.473107635974884 0.816706657409668 0.33039283752441408
vn -0.47310760617256168 0.816706657409668 0.33039283752441408
vn -0.473107635974884 0.816706657409668 0.33039283752441408
vn -0.17894436419010162 -0.89406174421310432 0.41064885258674624
vn -0.16480816900730134 -0.9127660393714904 0.37375980615615848
vn -0.14822117984294892 -0.93205642700195312 0.3306075930595398
vn 0.02584594488143921 -0.68589723110198976 0.72723931074142464
vn 0.02584594301879406 -0.68589723110198976 0.72723925113677984
vn 0.02584594301879406 -0.68589723110198976 0.72723925113677984
vn 0.46681770682334896 -0.09578417241573334 0.87915110588073728
vn 0.46681773662567136 -0.09578417986631394 0.87915110588073728
vn 0.46681770682334896 -0.09578417241573334 0.87915110588073728
vn 0.1555258184671402 0.05444948747754097 0.986329972743988
vn 0.15555138885974884 0.04324898496270179 0.9868805408477784
vn 0.1554500162601471 -0.00302593130618333 0.98783910274505616
vn -0.4234881401062012 -0.70133125782012936 -0.5734040141105652
vn -0.40522700548172 -0.71717786788940432 -0.56696289777755736
vn -0.44031581282615664 -0.70157229900360104 -0.56028419733047488
vn -0.42435666918754576 -0.86310988664627072 -0.27379325032234192
vn -0.42435666918754576 -0.86310988664627072 -0.27379325032234192
vn -0.42435663938522336 -0.86310982704162592 -0.27379325032234192
vn -0.98499912023544304 -0.13044138252735138 0.11296866834163666
vn -0.9849990010261536 -0.130441352725029 0.11296866089105606
vn -0.9849990010261536 -0.13044136762619018 0.11296866089105606
vn -0.847200870513916 -0.52754408121109008 0.06283249706029892
vn -0.86269885301589968 -0.49283099174499512 0.11343895643949508
vn -0.84757596254348752 -0.526807963848114 0.06394132226705551
vn -0.06452090293169022 -0.26496925950050356 0.96209579706192016
vn -0.04716991633176804 -0.24801757931709288 0.96760642528533936
vn -0.04564440250396729 -0.24652117490768432 0.96806192398071296
vn -0.72628861665725712 -0.38361302018165592 0.570391058921814
vn -0.72797846794128416 -0.34548974037170412 0.59218609333038328
vn -0.71626025438308712 -0.42247685790061952 0.55541390180587768
vn -0.25480449199676512 -0.50774538516998288 -0.82296383380889888
vn -0.27517378330230712 -0.47673067450523376 -0.83486956357955936
vn -0.2593776285648346 -0.50089985132217408 -0.82572549581527712
vn -0.4234881401062012 -0.70133125782012936 -0.5734040141105652
vn -0.38620445132255552 -0.71591645479202272 -0.58164399862289432
vn -0.40522700548172 -0.71717786788940432 -0.56696289777755736
vn 0.93162196874618528 0.29179814457893372 -0.21664345264434816
vn 0.91425728797912592 0.34828007221221924 -0.20696508884429932
vn 0.90344083309173584 0.397573322057724 -0.160405695438385
vn 0.90286129713058464 0.3754059672355652 0.20955143868923188
vn 0.89105683565139776 0.41593280434608456 0.1817074716091156
vn 0.91174387931823728 0.33697161078453064 0.23488979041576384
vn -0.211281418800354 0.7987739443778992 -0.56331199407577512
vn -0.1884043663740158 0.78400093317031856 -0.5914781093597412
vn -0.2174048274755478 0.80255371332168576 -0.55555611848831176
vn -0.46389484405517576 0.80669838190078736 -0.36611369252204896
vn -0.46389484405517576 0.80669838190078736 -0.36611369252204896
vn -0.46389487385749816 0.80669844150543216 -0.36611372232437136
vn -0.50080043077468872 -0.15039166808128356 0.85239732265472416
vn -0.56925898790359496 -0.11196985095739364 0.81449794769287104
vn -0.4853419363498688 -0.15863153338432312 0.85981357097625728
vn -0.39236357808113096 -0.03369096666574478 0.91919302940368656
vn -0.39236354827880856 -0.03369096666574478 0.91919302940368656
vn -0.39236354827880856 -0.03369096666574478 0.91919296979904176
vn -0.20971202850341796 0.50151789188385008 0.83934539556503296
vn -0.1749301701784134 0.51357471942901608 0.8400241136550904
vn -0.28115805983543396 0.47425585985183712 0.83428508043289184
vn -0.07319674640893936 0.8681215047836304 0.49092492461204528
vn -0.0491613894701004 0.83775919675827024 0.5438223481178284
vn -0.08673083037137985 0.89355182647705072 0.44050291180610656
vn 0.70041793584823608 -0.49375960230827328 0.51537966728210448
vn 0.70198416709899904 -0.49863907694816592 0.50850504636764528
vn 0.69976115226745608 -0.49174934625625608 0.51818621158599856
vn 0.51183533668518064 -0.73320549726486208 0.44769883155822752
vn 0.41011801362037656 -0.77193546295166016 0.4857147932052612
vn 0.39815920591354368 -0.76660418510437008 0.50377321243286136
vn -0.50120925903320312 -0.32711479067802428 0.80111497640609744
vn -0.50120931863784792 -0.32711479067802428 0.80111491680145264
vn -0.50120925903320312 -0.32711479067802428 0.80111491680145264
vn -0.1938234716653824 -0.85877770185470576 0.47427135705947872
vn -0.1938234716653824 -0.85877770185470576 0.47427138686180112
vn -0.19382348656654356 -0.85877776145935056 0.47427135705947872
vn -0.77296799421310432 -0.36069998145103456 -0.5219348073005676
vn -0.77206444740295408 -0.35816997289657592 -0.52500545978546144
vn -0.76430797576904304 -0.33754947781562804 -0.54944849014282224
vn -0.26118192076683044 -0.28531873226165772 -0.92215901613235472
vn -0.27272728085517884 -0.29236498475074768 -0.9165928959846496
vn -0.26426061987876892 -0.28720033168792724 -0.92069655656814576
vn -0.55295741558074952 0.8192177414894104 -0.15205374360084534
vn -0.5594386458396912 0.80653762817382816 -0.19111600518226624
vn -0.63780641555786136 0.76440483331680304 -0.09427717328071594
vn -0.3188510537147522 0.94493591785430912 0.07368873804807663
vn -0.3188510537147522 0.94493591785430912 0.07368873804807663
vn -0.3188510835170746 0.94493597745895392 0.07368874549865723
vn -0.41846162080764768 0.02871271222829818 -0.90778052806854256
vn -0.40331390500068664 0.04261653497815132 -0.91406881809234624
vn -0.36310067772865296 0.07863555103540421 -0.92842566967010496
vn -0.54899305105209352 0.13565273582935334 -0.82474535703659056
vn -0.55390578508377072 0.13126711547374726 -0.82216620445251472
vn -0.5409554839134216 0.14276117086410522 -0.82884645462036128
vn -0.65309673547744752 -0.75418829917907712 0.06829940527677536
vn -0.65309661626815792 -0.75418817996978752 0.06829939037561417
vn -0.65309667587280272 -0.75418829917907712 0.06829939782619476
vn -0.53593689203262328 -0.80430269241333008 0.25664925575256348
vn -0.53593689203262328 -0.80430269241333008 0.25664925575256348
vn -0.53593689203262328 -0.80430269241333008 0.25664925575256348
vn 0.91425728797912592 0.34828007221221924 -0.20696508884429932
vn 0.93162196874618528 0.29179814457893372 -0.21664345264434816
vn 0.93920791149139408 0.242036372423172 -0.24353010952472688
vn 0.81302452087402336 0.50825172662734984 -0.28402680158615112
vn 0.81302458047866816 0.50825172662734984 -0.28402683138847352
vn 0.81302452087402336 0.50825172662734984 -0.28402683138847352
vn 0.12006786465644836 0.88783812522888176 0.44421517848968504
vn 0.12006787210702896 0.88783812522888176 0.44421517848968504
vn 0.12006785720586776 0.88783806562423712 0.44421514868736264
vn 0.20526976883411408 0.97651177644729616 0.06549153476953506
vn 0.20526973903179168 0.97651171684265136 0.06549153476953506
vn 0.20526976883411408 0.97651183605194096 0.06549153476953506
vn 0.48157843947410584 0.62339335680007936 -0.61600571870803832
vn 0.48157840967178344 0.62339329719543456 -0.6160055994987488
vn 0.48157843947410584 0.62339341640472416 -0.61600565910339352
vn 0.42398843169212344 0.90502983331680304 0.03398246690630913
vn 0.42451000213623048 0.90475702285766608 0.03472729027271271
vn 0.41757094860076904 0.90830421447753904 0.02485917136073112
vn 0.680555522441864 0.62250560522079464 -0.38643366098403928
vn 0.6805555820465088 0.62250560522079464 -0.38643369078636168
vn 0.6805555820465088 0.62250560522079464 -0.38643369078636168
vn 0.86206793785095216 0.19442476332187652 -0.4680147469043732
vn 0.80650866031646736 0.25228473544120788 -0.53469258546829224
vn 0.83444416522979744 0.2246791124343872 -0.50321191549301144
vn 0.90942740440368656 -0.18915645778179168 -0.37035334110260008
vn 0.90667313337326048 -0.21711519360542296 -0.36166945099830624
vn 0.92931836843490608 -0.21807931363582612 -0.29800790548324584
vn 0.88103413581848144 -0.39154487848281864 -0.26546427607536316
vn 0.87077760696411136 -0.39483523368835448 -0.29300433397293092
vn 0.89730310440063472 -0.38487952947616576 -0.21613647043704988
vn -0.8497991561889648 0.39233070611953736 -0.35202005505561828
vn -0.84979909658432 0.39233070611953736 -0.35202005505561828
vn -0.8497991561889648 0.39233073592185976 -0.35202008485794068
vn -0.54436039924621584 0.77223539352416992 -0.32760351896286012
vn -0.53983521461486816 0.77817243337631232 -0.3209761381149292
vn -0.54528731107711792 0.77100104093551632 -0.32896682620048524
vn 0.96944278478622432 -0.0410810187458992 0.24185356497764588
vn 0.96857988834381104 0.00678009400144219 0.24861015379428864
vn 0.9722280502319336 -0.00709893135353922 0.23392760753631592
vn 0.9719393849372864 0.12390308827161788 0.19995480775833128
vn 0.9722280502319336 -0.00709893135353922 0.23392760753631592
vn 0.96857988834381104 0.00678009400144219 0.24861015379428864
vn 0.79504668712615968 -0.1868954449892044 -0.57703638076782224
vn 0.79504668712615968 -0.1868954449892044 -0.57703638076782224
vn 0.79504662752151488 -0.1868954300880432 -0.57703632116317752
vn 0.4280404448509216 -0.18845362961292268 -0.88389289379119872
vn 0.42898541688919064 -0.1901187002658844 -0.8830778002738952
vn 0.42793273925781248 -0.18826401233673096 -0.88398540019989008
vn 0.14483150839805604 -0.95754957199096672 0.2492443323135376
vn 0.2046566605567932 -0.9392069578170776 0.27569177746772768
vn 0.216141939163208 -0.93515068292617792 0.28067031502723692
vn -0.31007272005081176 -0.76491218805313104 0.56459206342697144
vn -0.31068462133407592 -0.76723098754882816 0.56109863519668576
vn -0.31405228376388548 -0.78013169765472416 0.54107826948165896
vn -0.00356740877032279 0.894095242023468 0.44786292314529416
vn -0.07319674640893936 0.8681215047836304 0.49092492461204528
vn -0.02436716482043266 0.91720944643020624 0.39765939116477968
vn -0.30377358198165892 0.93151491880416864 0.20000366866588592
vn -0.30377355217933656 0.93151491880416864 0.20000365376472472
vn -0.30377358198165892 0.93151497840881344 0.20000366866588592
vn 0.41572251915931704 0.90546584129333504 -0.08547767996788025
vn 0.43545603752136232 0.89055836200714112 -0.1314685195684433
vn 0.43296143412590024 0.88637238740921024 -0.16397719085216522
vn 0.08550591021776199 0.89317971467971808 -0.44149610400199888
vn 0.0855059027671814 0.89317959547042848 -0.44149607419967648
vn 0.0855059027671814 0.89317965507507328 -0.44149607419967648
vn 0.73886889219284064 -0.09451358020305634 0.66718804836273192
vn 0.73933422565460208 -0.09535089880228042 0.66655313968658448
vn 0.74152719974517824 -0.09931915998458862 0.66353076696395872
vn 0.65597528219223024 0.30370339751243592 0.69098532199859616
vn 0.65597522258758544 0.30370339751243592 0.69098526239395144
vn 0.65597516298294064 0.30370339751243592 0.69098532199859616
vn 0.99551600217819216 0.06728191673755646 0.06648946553468704
vn 0.99551600217819216 0.06728191673755646 0.06648946553468704
vn 0.99551612138748176 0.06728192418813705 0.06648947298526764
vn 0.7280446887016296 0.11107366532087326 0.67647135257720944
vn 0.71865147352218624 0.08447183668613434 0.69022077322006224
vn 0.71673059463500976 0.0792565792798996 0.69283169507980344
vn 0.12846656143665314 -0.93842530250549312 0.32070928812026976
vn 0.12846654653549194 -0.93842524290084832 0.3207092583179474
vn 0.12846654653549194 -0.93842518329620368 0.320709228515625
vn 0.59542638063430784 -0.63082879781723024 0.49751630425453184
vn 0.59833776950836184 -0.62193733453750608 0.50515925884246824
vn 0.58731174468994144 -0.65388935804367064 0.47696292400360104
vn 0.1449686884880066 0.9886881113052368 -0.03846959769725799
vn 0.21628274023532868 0.9763184785842896 -0.00488995434716343
vn 0.10471262782812118 0.99286025762557984 -0.05712911114096642
vn 0.04025060310959816 0.96608883142471312 -0.25505343079566956
vn 0.04025060310959816 0.96608883142471312 -0.25505343079566956
vn 0.04025060683488846 0.96608889102935792 -0.25505346059799196
vn -0.26426061987876892 -0.28720033168792724 -0.92069655656814576
vn -0.27272728085517884 -0.29236498475074768 -0.9165928959846496
vn -0.27888819575309752 -0.2961139678955078 -0.91353046894073488
vn -0.24561540782451628 -0.60930401086807248 -0.75393748283386224
vn -0.24561543762683868 -0.60930407047271728 -0.75393748283386224
vn -0.24561540782451628 -0.60930401086807248 -0.7539374232292176
vn -0.75588804483413696 -0.06827235221862793 -0.65113127231597904
vn -0.74630969762802128 -0.05001027509570122 -0.6637175679206848
vn -0.78484725952148432 -0.12936566770076752 -0.60603576898574832
vn -0.99034714698791504 0.05575814098119736 -0.12689974904060364
vn -0.99226278066635136 0.03002152591943741 -0.12047114968299866
vn -0.993557333946228 0.00174941297154873 -0.11331725865602494
vn -0.71718496084213256 -0.36753663420677184 0.59208315610885624
vn -0.71626025438308712 -0.42247685790061952 0.55541390180587768
vn -0.72797846794128416 -0.34548974037170412 0.59218609333038328
vn -0.94123506546020512 -0.05007665604352951 0.3340192437171936
vn -0.94123506546020512 -0.05007665604352951 0.3340192437171936
vn -0.94123500585556032 -0.05007665604352951 0.3340192139148712
vn 0.25365173816680908 0.9566339254379272 -0.14322058856487274
vn 0.25365173816680908 0.956633985042572 -0.14322058856487274
vn 0.25365176796913148 0.9566340446472168 -0.14322060346603394
vn -0.5594386458396912 0.80653762817382816 -0.19111600518226624
vn -0.55295741558074952 0.8192177414894104 -0.15205374360084534
vn -0.48864325881004336 0.82989233732223504 -0.26927009224891664
vn -0.5726590156555176 -0.81755036115646368 -0.06060560420155525
vn -0.57265907526016232 -0.81755042076110832 -0.06060560792684555
vn -0.5726590156555176 -0.81755042076110832 -0.06060560792684555
vn -0.6871347427368164 -0.52899479866027832 -0.49800643324851992
vn -0.6871347427368164 -0.52899479866027832 -0.49800640344619752
vn -0.6871347427368164 -0.52899479866027832 -0.49800640344619752
vn 0.95502156019210816 0.28530910611152648 0.08082403987646103
vn 0.95502150058746336 0.28530907630920412 0.08082402497529984
vn 0.95502167940139776 0.28530913591384888 0.08082403987646103
vn 0.9267326593399048 -0.34499651193618776 0.14880837500095368
vn 0.9267327785491944 -0.34499654173851012 0.14880838990211486
vn 0.92673259973526 -0.34499651193618776 0.14880837500095368
vn 0.36540457606315616 -0.8840602040290832 -0.29140517115592956
vn 0.44137695431709288 -0.84890562295913696 -0.29076731204986572
vn 0.46426406502723696 -0.83682000637054448 -0.29015707969665528
vn 0.10590951144695282 -0.83762156963348384 -0.53588545322418216
vn 0.1073213368654251 -0.8325408697128296 -0.54346829652786256
vn 0.11046788841485978 -0.82083648443222048 -0.56037867069244384
vn 0.86444324254989632 -0.16297803819179534 0.47557973861694336
vn 0.83780676126480096 -0.17350240051746368 0.51766461133956912
vn 0.85769343376159664 -0.16577127575874328 0.48670518398284912
vn 0.70737367868423464 0.68293446302413944 -0.18227122724056244
vn 0.70737379789352416 0.68293452262878416 -0.18227124214172364
vn 0.70737379789352416 0.68293458223342896 -0.18227125704288484
vn 0.1073213368654251 -0.8325408697128296 -0.54346829652786256
vn 0.10590951144695282 -0.83762156963348384 -0.53588545322418216
vn 0.10289014130830764 -0.84814411401748656 -0.51967781782150272
vn -0.12796692550182342 -0.73118472099304192 -0.67006963491439816
vn -0.12796692550182342 -0.73118484020233152 -0.67006963491439816
vn -0.12796691060066224 -0.73118472099304192 -0.67006957530975344
vn -0.55938541889190672 -0.62863665819168088 0.5402812957763672
vn -0.56993335485458376 -0.62441414594650272 0.53411895036697384
vn -0.51406556367874144 -0.6452230215072632 0.56517601013183592
vn -0.20361985266208648 -0.8559297919273376 0.475313663482666
vn -0.16480816900730134 -0.9127660393714904 0.37375980615615848
vn -0.17894436419010162 -0.89406174421310432 0.41064885258674624
vn -0.43953561782836912 0.88794201612472528 -0.13552634418010712
vn -0.43953570723533632 0.88794207572937008 -0.13552635908126832
vn -0.43953561782836912 0.88794195652008064 -0.13552635908126832
vn -0.15234047174453736 0.93744146823883056 -0.31304284930229188
vn -0.14813302457332612 0.93436986207962032 -0.32405176758766176
vn -0.13392569124698638 0.92310982942581184 -0.3604610860347748
vn -0.28611382842063904 0.12236574292182922 0.9503501653671264
vn -0.28611379861831664 0.12236574292182922 0.95035010576248176
vn -0.28611382842063904 0.12236575037240982 0.9503502249717712
vn -0.37949383258819584 0.58600348234176632 0.71595001220703128
vn -0.2974485456943512 0.53516930341720584 0.79064416885375984
vn -0.36960771679878232 0.58016270399093624 0.7258108258247376
vn -0.61309355497360232 -0.6697911620140076 -0.41892236471176144
vn -0.61309361457824704 -0.66979122161865232 -0.41892236471176144
vn -0.61309361457824704 -0.66979122161865232 -0.41892239451408384
vn -0.39410033822059632 -0.73852807283401488 -0.54704773426055912
vn -0.40760877728462216 -0.75025421380996704 -0.5205514430999756
vn -0.40522700548172 -0.71717786788940432 -0.56696289777755736
vn 0.70041793584823608 -0.49375960230827328 0.51537966728210448
vn 0.69976115226745608 -0.49174934625625608 0.51818621158599856
vn 0.69758021831512448 -0.48521274328231808 0.52721023559570312
vn 0.81437450647354128 -0.1029130294919014 0.57114177942276
vn 0.81437462568283088 -0.102913036942482 0.57114177942276
vn 0.81437456607818608 -0.1029130443930626 0.5711418390274048
vn -0.89003527164459232 -0.06392373144626617 -0.4513879120349884
vn -0.89003521203994752 -0.06392372399568558 -0.451387882232666
vn -0.89003527164459232 -0.06392373144626617 -0.451387882232666
vn -0.92514681816101072 0.29735189676284792 0.23597748577594756
vn -0.92514669895172112 0.29735186696052552 0.23597747087478636
vn -0.92514675855636592 0.29735186696052552 0.23597747087478636
vn 0.80597865581512448 0.40410059690475464 -0.43255189061164856
vn 0.80597865581512448 0.40410056710243224 -0.43255186080932616
vn 0.80597865581512448 0.40410059690475464 -0.43255186080932616
vn 0.39770251512527464 0.78401839733123776 -0.47660040855407712
vn 0.44119197130203248 0.78240400552749632 -0.43953782320022584
vn 0.41015404462814328 0.783821165561676 -0.46625950932502744
vn -0.45769342780113224 0.46381795406341552 0.75854444503784176
vn -0.45769342780113224 0.4638178646564484 0.75854438543319696
vn -0.45769342780113224 0.46381789445877072 0.75854438543319696
vn -0.4853419363498688 -0.15863153338432312 0.85981357097625728
vn -0.41070327162742616 -0.19640792906284332 0.8903632760047912
vn -0.50080043077468872 -0.15039166808128356 0.85239732265472416
vn -0.24989792704582216 0.45694261789321896 0.85367119312286384
vn -0.24989791214466096 0.45694261789321896 0.85367113351821904
vn -0.24989789724349976 0.45694255828857424 0.85367107391357424
vn 0.15555138885974884 0.04324898496270179 0.9868805408477784
vn 0.1555258184671402 0.05444948747754097 0.986329972743988
vn 0.15514490008354188 0.10687057673931122 0.98209410905838016
vn 0.32948198914527892 -0.7729687094688416 0.54218161106109616
vn 0.39815920591354368 -0.76660418510437008 0.50377321243286136
vn 0.41011801362037656 -0.77193546295166016 0.4857147932052612
vn 0.39815920591354368 -0.76660418510437008 0.50377321243286136
vn 0.32948198914527892 -0.7729687094688416 0.54218161106109616
vn 0.33487352728843688 -0.75740724802017216 0.56053012609481808
vn -0.23100778460502624 0.97285830974578864 0.01349828951060772
vn -0.28227272629737856 0.95887899398803712 0.02955079264938831
vn -0.17716427147388458 0.9837725162506104 -0.02836408466100692
vn -0.2174048274755478 0.80255371332168576 -0.55555611848831176
vn -0.256995290517807 0.82513290643692016 -0.50309944152832032
vn -0.211281418800354 0.7987739443778992 -0.56331199407577512
# 708 vertex normals

vt 0.0932389497756958 0.8118081092834472 0
vt 0.15695196390151978 0.63475811481475832 0
vt 0.60136657953262328 0.60666775703430176 0
vt 0.93727976083755488 0.44879287481307984 0
vt 0.49095308780670168 0.23522639274597168 0
vt 0.44572478532791136 0.1609066128730774 0
vt 0.15107253193855286 0.466016948223114 0
vt 0.32101577520370484 0.82493543624877936 0
vt 0.120064377784729 0.27280113101005556 0
vt 0.4499066472053528 0.63801169395446776 0
vt 0.21110519766807556 0.53799736499786376 0
vt 0.39371877908706664 0.3426053524017334 0
vt 0.5057092905044556 0.20494866371154784 0
vt 0.3612573742866516 0.87614464759826656 0
vt 0.34544360637664796 0.68573355674743656 0
vt 0.69788646697998048 0.26981395483016968 0
vt 0.30889785289764404 0.23236843943595888 0
vt 0.12655594944953918 0.62361091375350952 0
vt 0.77023053169250496 0.82051163911819456 0
vt 0.24037164449691772 0.79510152339935296 0
vt 0.5996152758598328 0.19532147049903868 0
vt 0.71385729312896728 0.34504157304763792 0
vt 0.33758550882339476 0.22759628295898436 0
vt 0.45902776718139648 0.5356541872024536 0
vt 0.59369039535522464 0.66081440448760984 0
vt 0.28283137083053588 0.408366858959198 0
vt 0.32444459199905396 0.38197010755538944 0
vt 0.77200400829315184 0.32768747210502624 0
vt 0.60622936487197872 0.80848562717437744 0
vt 0.57259428501129152 0.82029557228088384 0
vt 0.5301891565322876 0.73451912403106688 0
vt 0.330079048871994 0.5908793210983276 0
vt 0.06878101825714111 0.62687283754348752 0
vt 0.54724729061126712 0.45215511322021488 0
vt 0.11745190620422364 0.40713116526603696 0
vt 0.2248903512954712 0.43367365002632144 0
vt 0.80496013164520256 0.2102627158164978 0
vt 0.74551367759704592 0.4369942843914032 0
vt 0.0920790433883667 0.29886507987976076 0
vt 0.34143799543380736 0.85729372501373296 0
vt 0.31290113925933836 0.31152421236038208 0
vt 0.1689963936805725 0.2748315930366516 0
vt 0.54921227693557736 0.05132576823234558 0
vt 0.29117411375045776 0.30794936418533324 0
vt 0.22204041481018068 0.78142178058624272 0
vt 0.69035583734512328 0.82553160190582272 0
vt 0.73365324735641472 0.22641748189926148 0
vt 0.63822287321090696 0.68583714962005616 0
vt 0.84293860197067264 0.8368151187896728 0
vt 0.793794333934784 0.5021167993545532 0
vt 0.25202476978302 0.4735359847545624 0
vt 0.3190850019454956 0.43490612506866456 0
vt 0.39206981658935544 0.69349610805511472 0
vt 0.35407623648643492 0.68428993225097656 0
vt 0.75291323661804192 0.54074019193649288 0
vt 0.75872933864593504 0.831352949142456 0
vt 0.14372706413269042 0.81409108638763424 0
vt 0.62216556072235104 0.49828577041625976 0
vt 0.60959511995315552 0.56040984392166136 0
vt 0.19840312004089356 0.50340992212295536 0
vt 0.59452867507934568 0.29509425163269044 0
vt 0.12692487239837646 0.47738003730773928 0
vt 0.252854585647583 0.63647145032882688 0
vt 0.86564755439758304 0.60306400060653688 0
vt 0.50431978702545168 0.46212512254714968 0
vt 0.26266205310821532 0.19005319476127624 0
vt 0.10168814659118652 0.16318762302398682 0
vt 0.07894974946975708 0.55993318557739256 0
vt 0.440513014793396 0.61163473129272464 0
vt 0.19952914118766784 0.69770896434783936 0
vt 0.7749450206756592 0.55951297283172608 0
vt 0.4463269114494324 0.26551207900047304 0
vt 0.59856647253036496 0.5368662476539612 0
vt 0.64247769117355344 0.81544983386993408 0
vt 0.61678767204284664 0.255462646484375 0
vt 0.76267337799072272 0.6357896327972412 0
vt 0.1659555435180664 0.1536479890346527 0
vt 0.45903524756431576 0.49066412448883056 0
vt 0.73420888185501104 0.75237977504730224 0
vt 0.87409842014312752 0.18542760610580444 0
vt 0.45150068402290344 0.17252138257026672 0
vt 0.53159832954406736 0.23055580258369444 0
vt 0.44864177703857424 0.60728001594543456 0
vt 0.3210710883140564 0.1761762797832489 0
vt 0.7143864631652832 0.63799041509628296 0
vt 0.76447737216949456 0.4505538046360016 0
vt 0.3545891046524048 0.75920844078063968 0
vt 0.25802910327911376 0.23164558410644532 0
vt 0.11130201816558838 0.74731421470642096 0
vt 0.35119831562042236 0.38054221868515016 0
vt 0.8791911602020264 0.75136888027191168 0
vt 0.54921221733093264 0.63255703449249264 0
vt 0.4018990397453308 0.1275295913219452 0
vt 0.68599915504455568 0.71143770217895504 0
vt 0.71412807703018192 0.54425311088562008 0
vt 0.30165016651153564 0.61303794384002688 0
vt 0.8629597425460816 0.7385972738265992 0
vt 0.43070358037948608 0.83390522003173824 0
vt 0.802178144454956 0.08178526163101196 0
vt 0.3671051263809204 0.46504890918731688 0
vt 0.7354562878608704 0.29920873045921324 0
vt 0.50226384401321408 0.37888181209564208 0
vt 0.4912585020065308 0.75809776782989504 0
vt 0.56521809101104736 0.53720700740814208 0
vt 0.17566588521003724 0.3913225829601288 0
vt 0.60285902023315432 0.33223968744277956 0
vt 0.6937797665596008 0.38749960064888 0
vt 0.29028004407882692 0.60112988948822024 0
vt 0.6681750416755676 0.22549784183502196 0
vt 0.24439439177513124 0.26708763837814332 0
vt 0.59476208686828616 0.34616732597351076 0
vt 0.20547562837600708 0.92304575443267824 0
vt 0.4658600687980652 0.36844295263290408 0
vt 0.3286539912223816 0.90266275405883792 0
vt 0.97236394882202144 0.54020559787750248 0
vt 0.07992732524871826 0.50935161113739016 0
vt 0.39447575807571408 0.921181321144104 0
vt 0.75036597251892096 0.7084457278251648 0
vt 0.79441565275192256 0.14552706480026246 0
vt 0.40772235393524168 0.21699589490890504 0
vt 0.84577918052673344 0.6624144911766052 0
vt 0.94927573204040528 0.68573355674743656 0
vt 0.17800018191337586 0.81544983386993408 0
vt 0.09290668368339538 0.63799041509628296 0
vt 0.802178144454956 0.72377586364746096 0
vt 0.94927573204040528 0.68573355674743656 0
vt 0.7971577644348144 0.63475811481475832 0
vt 0.58393263816833496 0.81409108638763424 0
vt 0.68599915504455568 0.0425707995891571 0
vt 0.55951297283172608 0.974297285079956 0
vt 0.54076349735260008 0.8340444564819336 0
vt 0.70643138885498048 0.6789289116859436 0
vt 0.74453735351562496 0.18893796205520628 0
vt 0.45925980806350712 0.18238994479179384 0
vt 0.38185656070709232 0.8368151187896728 0
vt 0.56942552328109744 0.45078772306442264 0
vt 0.73733794689178464 0.17230701446533204 0
vt 0.22799599170684816 0.05292519927024841 0
vt 0.6387426257133484 0.94028943777084352 0
vt 0.6387426257133484 0.94028943777084352 0
vt 0.41606733202934264 0.8562729358673096 0
vt 0.50388807058334352 0.79452437162399296 0
vt 0.55951297283172608 0.974297285079956 0
vt 0.265791118144989 0.78276741504669184 0
vt 0.1570613980293274 0.61814343929290768 0
vt 0.81160521507263184 0.47738003730773928 0
vt 0.83200514316558832 0.40713116526603696 0
vt 0.24863111972808836 0.30812284350395204 0
vt 0.86663401126861568 0.3286539912223816 0
vt 0.18542760610580444 0.75949585437774656 0
vt 0.29886507987976076 0.25653731822967528 0
vt 0.19005319476127624 0.17230701446533204 0
vt 0.54076349735260008 0.8340444564819336 0
vt 0.34143799543380736 0.12215220928192138 0
vt 0.17800018191337586 0.35752230882644652 0
vt 0.81160521507263184 0.47738003730773928 0
vt 0.84577918052673344 0.6624144911766052 0
vt 0.64482843875885008 0.83100360631942752 0
vt 0.56942552328109744 0.45078772306442264 0
vt 0.70643138885498048 0.6789289116859436 0
vt 0.56942552328109744 0.45078772306442264 0
vt 0.19558459520339964 0.26981395483016968 0
vt 0.26454371213912964 0.25034123659133912 0
vt 0.38321229815483096 0.18893796205520628 0
vt 0.6387426257133484 0.94028943777084352 0
vt 0.90676105022430416 0.86259019374847408 0
vt 0.77795958518981936 0.97024619579315184 0
vt 0.45150068402290344 0.80375850200653072 0
vt 0.69035583734512328 0.13123506307601928 0
vt 0.83200514316558832 0.40713116526603696 0
vt 0.84007108211517328 0.27280113101005556 0
vt 0.11130201816558838 0.14230504631996154 0
vt 0.34143799543380736 0.12215220928192138 0
vt 0.05747878551483154 0.73451912403106688 0
vt 0.16725051403045654 0.68583714962005616 0
vt 0.1570613980293274 0.61814343929290768 0
vt 0.05687901377677917 0.5087414979934692 0
vt 0.1570613980293274 0.61814343929290768 0
vt 0.16318762302398682 0.32415848970413208 0
vt 0.11321544647216796 0.44879287481307984 0
vt 0.30889785289764404 0.73935139179229744 0
vt 0.30889785289764404 0.73935139179229744 0
vt 0.45150068402290344 0.80375850200653072 0
vt 0.30889785289764404 0.73935139179229744 0
vt 0.18542760610580444 0.75949585437774656 0
vt 0.84908348321914672 0.46840170025825504 0
vt 0.84577918052673344 0.6624144911766052 0
vt 0.64482843875885008 0.83100360631942752 0
vt 0.70643138885498048 0.6789289116859436 0
vt 0.84577918052673344 0.6624144911766052 0
vt 0.86259019374847408 0.8118081092834472 0
vt 0.90676105022430416 0.86259019374847408 0
vt 0.6387426257133484 0.94028943777084352 0
vt 0.16725051403045654 0.68583714962005616 0
vt 0.41625627875328064 0.60552424192428592 0
vt 0.33182495832443236 0.10471993684768676 0
vt 0.55427521467208864 0.186886727809906 0
vt 0.77023053169250496 0.29380258917808532 0
vt 0.81160521507263184 0.47738003730773928 0
vt 0.9218750596046448 0.43367365002632144 0
vt 0.81160521507263184 0.47738003730773928 0
vt 0.77023053169250496 0.29380258917808532 0
vt 0.08178526163101196 0.72377586364746096 0
vt 0.18542760610580444 0.75949585437774656 0
vt 0.04804801940917969 0.60306400060653688 0
vt 0.11321544647216796 0.44879287481307984 0
vt 0.09828579425811768 0.4018990397453308 0
vt 0.89831185340881344 0.32415848970413208 0
vt 0.11321544647216796 0.44879287481307984 0
vt 0.16318762302398682 0.32415848970413208 0
vt 0.29886507987976076 0.25653731822967528 0
vt 0.55993318557739256 0.10350984334945678 0
vt 0.94927573204040528 0.68573355674743656 0
vt 0.9218750596046448 0.43367365002632144 0
vt 0.30889785289764404 0.73935139179229744 0
vt 0.86663401126861568 0.3286539912223816 0
vt 0.38321229815483096 0.18893796205520628 0
vt 0.17800018191337586 0.35752230882644652 0
vt 0.533983051776886 0.842785120010376 0
vt 0.38321229815483096 0.18893796205520628 0
vt 0.55427521467208864 0.186886727809906 0
vt 0.86994779109954832 0.50935161113739016 0
vt 0.89345836639404304 0.62687283754348752 0
vt 0.89345836639404304 0.62687283754348752 0
vt 0.86259019374847408 0.8118081092834472 0
vt 0.34143799543380736 0.12215220928192138 0
vt 0.54076349735260008 0.1536479890346527 0
vt 0.54076349735260008 0.1536479890346527 0
vt 0.64482843875885008 0.2748315930366516 0
vt 0.41625627875328064 0.60552424192428592 0
vt 0.41625627875328064 0.60552424192428592 0
vt 0.265791118144989 0.78276741504669184 0
vt 0.35745590925216676 0.75962835550308224 0
vt 0.64254409074783328 0.79510152339935296 0
vt 0.2102627158164978 0.87563884258270256 0
vt 0.18542760610580444 0.75949585437774656 0
vt 0.87409842014312752 0.75949585437774656 0
vt 0.80496013164520256 0.87563884258270256 0
vt 0.79441565275192256 0.78411936759948736 0
vt 0.45150068402290344 0.80375850200653072 0
vt 0.5996152758598328 0.90256810188293456 0
vt 0.84908348321914672 0.46840170025825504 0
vt 0.84577918052673344 0.6624144911766052 0
vt 0.70643138885498048 0.6789289116859436 0
vt 0.70643138885498048 0.6789289116859436 0
vt 0.56942552328109744 0.45078772306442264 0
vt 0.10732904076576232 0.4369942843914032 0
vt 0.09290668368339538 0.63799041509628296 0
vt 0.09290668368339538 0.63799041509628296 0
vt 0.86994779109954832 0.50935161113739016 0
vt 0.83200514316558832 0.40713116526603696 0
vt 0.34143799543380736 0.12215220928192138 0
vt 0.84007108211517328 0.27280113101005556 0
vt 0.74731421470642096 0.14230504631996154 0
vt 0.55993318557739256 0.10350984334945678 0
vt 0.74731421470642096 0.14230504631996154 0
vt 0.16318762302398682 0.32415848970413208 0
vt 0.29886507987976076 0.25653731822967528 0
vt 0.29886507987976076 0.25653731822967528 0
vt 0.24863111972808836 0.30812284350395204 0
vt 0.77023053169250496 0.29380258917808532 0
vt 0.8791911602020264 0.30812284350395204 0
vt 0.9218750596046448 0.43367365002632144 0
vt 0.55993318557739256 0.10350984334945678 0
vt 0.09828579425811768 0.4018990397453308 0
vt 0.7971577644348144 0.63475811481475832 0
vt 0.81160521507263184 0.47738003730773928 0
vt 0.7971577644348144 0.63475811481475832 0
vt 0.55951297283172608 0.974297285079956 0
vt 0.7385972738265992 0.90512645244598384 0
vt 0.933830201625824 0.75872933864593504 0
vt 0.90676105022430416 0.86259019374847408 0
vt 0.55951297283172608 0.974297285079956 0
vt 0.802178144454956 0.72377586364746096 0
vt 0.93626451492309568 0.62361091375350952 0
vt 0.802178144454956 0.72377586364746096 0
vt 0.84908348321914672 0.46840170025825504 0
vt 0.80441540479660032 0.30211353302001952 0
vt 0.70882588624954224 0.21529370546340944 0
vt 0.80441540479660032 0.30211353302001952 0
vt 0.533983051776886 0.842785120010376 0
vt 0.10732904076576232 0.4369942843914032 0
vt 0.78966355323791504 0.3913225829601288 0
vt 0.55427521467208864 0.186886727809906 0
vt 0.17800018191337586 0.81544983386993408 0
vt 0.24439439177513124 0.77344489097595216 0
vt 0.24439439177513124 0.77344489097595216 0
vt 0.30889785289764404 0.73935139179229744 0
vt 0.64482843875885008 0.2748315930366516 0
vt 0.77023053169250496 0.29380258917808532 0
vt 0.64482843875885008 0.2748315930366516 0
vt 0.50388807058334352 0.79452437162399296 0
vt 0.41625627875328064 0.60552424192428592 0
vt 0.50388807058334352 0.79452437162399296 0
vt 0.6387426257133484 0.94028943777084352 0
vt 0.2102627158164978 0.87563884258270256 0
vt 0.2982681393623352 0.54020559787750248 0
vt 0.2982681393623352 0.54020559787750248 0
vt 0.83200514316558832 0.40713116526603696 0
vt 0.86994779109954832 0.50935161113739016 0
vt 0.41625627875328064 0.60552424192428592 0
vt 0.35745590925216676 0.75962835550308224 0
vt 0.41625627875328064 0.60552424192428592 0
vt 0.41625627875328064 0.60552424192428592 0
vt 0.79441565275192256 0.78411936759948736 0
vt 0.80496013164520256 0.87563884258270256 0
vt 0.79441565275192256 0.78411936759948736 0
vt 0.54076349735260008 0.1536479890346527 0
# 308 texture coords

g Box001
usemtl Material #25
s 1
f 78/78/1 22/22/2 59/59/3
f 89/89/4 68/68/5 63/63/6
f 22/22/7 78/78/8 21/21/9
f 27/27/10 63/63/11 68/68/12
f 82/82/13 12/12/14 23/23/15
f 83/83/16 87/87/17 96/96/18
f 102/102/19 16/16/20 38/38/21
f 107/107/22 65/65/23 61/61/24
f 102/102/25 38/38/26 73/73/27
f 112/112/28 57/57/29 117/117/30
f 56/56/31 30/30/32 92/92/33
f 80/80/34 119/119/35 99/99/36
f 58/58/37 86/86/38 76/76/39
f 33/33/40 116/116/41 60/60/42
f 63/63/43 40/40/44 89/89/45
f 19/19/46 23/121/47 91/91/48
f 41/41/49 81/81/50 78/78/51
f 52/52/52 113/113/53 65/65/54
f 15/15/55 2/2/56 36/36/57
f 36/36/58 2/2/59 62/62/60
f 67/67/61 66/66/62 39/39/63
f 51/51/64 24/24/65 54/54/66
f 97/97/67 118/118/68 71/71/69
f 33/33/70 96/96/71 45/45/72
f 49/49/73 79/79/74 15/122/75
f 25/25/76 85/85/77 74/74/78
f 113/113/79 61/61/80 65/65/81
f 55/55/82 75/75/83 101/101/84
f 53/53/85 52/52/86 65/65/87
f 70/70/88 74/123/89 85/124/90
f 99/125/91 94/94/92 50/50/93
f 108/108/94 18/18/95 51/51/96
f 84/84/97 42/42/98 77/77/99
f 5/5/100 111/111/101 34/34/102
f 15/126/103 79/79/104 2/127/105
f 14/14/106 31/31/107 57/128/108
f 94/129/109 99/99/110 119/119/111
f 53/53/112 94/94/113 46/46/114
f 21/21/115 37/37/116 22/22/117
f 71/130/118 30/30/119 56/56/120
f 77/131/121 10/10/122 84/132/123
f 75/133/124 55/134/125 43/43/126
f 24/24/127 51/51/128 90/90/129
f 13/13/130 47/47/131 106/106/132
f 103/103/133 49/135/134 15/15/135
f 73/73/136 69/69/137 102/102/138
f 88/88/139 120/120/140 100/100/141
f 100/100/142 5/5/143 34/34/144
f 75/75/145 43/136/146 27/27/147
f 66/137/148 28/28/149 109/109/150
f 28/138/151 66/66/152 67/67/153
f 50/50/154 4/4/155 64/64/156
f 29/29/157 97/97/158 14/139/159
f 14/140/160 57/141/161 112/142/162
f 98/98/163 71/143/164 114/114/165
f 30/30/166 54/54/167 92/92/168
f 48/48/169 31/31/170 104/104/171
f 100/100/172 34/34/173 83/83/174
f 7/7/175 41/41/176 32/32/177
f 32/32/178 79/144/179 49/145/180
f 45/45/181 1/1/182 33/33/183
f 92/92/184 76/76/185 56/56/186
f 104/104/187 95/95/188 48/48/189
f 62/146/190 95/95/191 104/104/192
f 26/26/193 35/35/194 9/9/195
f 106/106/196 47/47/197 35/147/198
f 12/12/199 91/148/200 23/23/201
f 36/36/202 12/12/203 69/69/204
f 114/149/205 22/22/206 37/37/207
f 54/54/208 80/150/209 18/18/210
f 52/52/211 105/105/212 44/44/213
f 38/38/214 85/85/215 73/73/216
f 90/90/217 13/13/218 58/58/219
f 93/93/220 39/151/221 66/152/222
f 10/10/223 77/153/224 40/40/225
f 40/154/226 120/120/227 88/88/228
f 110/110/229 41/41/230 74/155/231
f 17/17/232 81/81/233 41/41/234
f 104/104/235 111/111/236 62/156/237
f 23/157/238 19/19/239 42/158/240
f 43/159/241 84/160/242 10/10/243
f 10/10/244 27/27/245 43/161/246
f 16/162/247 44/44/248 105/105/249
f 44/44/250 101/163/251 75/164/252
f 14/165/253 1/166/254 45/167/255
f 87/87/256 31/31/257 14/14/258
f 46/46/259 81/168/260 53/53/261
f 37/37/262 21/21/263 46/169/264
f 35/170/265 47/47/266 9/171/267
f 89/172/268 40/173/269 9/9/270
f 31/174/271 48/175/272 57/57/273
f 79/79/274 48/48/275 95/95/276
f 49/176/277 103/177/278 7/7/279
f 7/7/280 32/32/281 49/178/282
f 4/4/283 50/50/284 28/28/285
f 50/50/286 3/3/287 107/107/288
f 90/90/289 51/51/290 67/179/291
f 51/51/292 18/18/293 4/180/294
f 105/105/295 52/52/296 11/11/297
f 11/11/298 52/52/299 17/181/300
f 17/182/301 52/52/302 53/53/303
f 81/183/304 17/184/305 53/53/306
f 98/98/307 8/8/308 54/54/309
f 8/8/310 80/185/311 54/54/312
f 82/186/313 23/187/314 55/55/315
f 42/188/316 84/189/317 23/190/318
f 1/191/319 56/56/320 76/76/321
f 1/192/322 14/193/323 97/97/324
f 57/57/325 48/194/326 20/20/327
f 20/20/328 117/117/329 57/57/330
f 76/76/331 92/92/332 58/58/333
f 58/58/334 24/24/335 90/90/336
f 97/97/337 29/29/338 118/118/339
f 117/195/340 118/118/341 29/29/342
f 35/35/343 26/26/344 60/60/345
f 83/83/346 96/96/347 100/100/348
f 6/6/349 66/66/350 109/196/351
f 72/72/352 6/197/353 61/61/354
f 111/111/355 19/198/356 62/199/357
f 36/200/358 62/201/359 19/202/360
f 27/27/361 10/10/362 63/63/363
f 40/40/364 63/63/365 10/10/366
f 99/203/367 18/18/368 80/204/369
f 64/205/370 4/206/371 18/18/372
f 65/65/373 107/107/374 3/3/375
f 3/3/376 53/53/377 65/65/378
f 27/27/379 66/66/380 6/6/381
f 93/207/382 66/66/383 27/27/384
f 28/28/385 67/208/386 4/4/387
f 51/51/388 4/209/389 67/210/390
f 13/13/391 39/211/392 93/93/393
f 47/47/394 13/13/395 68/212/396
f 15/15/397 69/69/398 103/103/399
f 115/115/400 15/213/401 36/214/402
f 17/215/403 70/70/404 11/11/405
f 41/41/406 110/110/407 17/17/408
f 22/22/409 114/216/410 71/71/411
f 71/71/412 59/59/413 22/22/414
f 75/217/415 72/72/416 44/44/417
f 44/44/418 72/72/419 52/52/420
f 69/69/421 73/73/422 25/25/423
f 85/85/424 25/25/425 73/73/426
f 74/218/427 41/41/428 7/7/429
f 74/74/430 7/219/431 25/25/432
f 27/27/433 6/6/434 75/75/435
f 75/220/436 6/221/437 72/72/438
f 76/76/439 116/222/440 33/223/441
f 76/76/442 33/224/443 1/225/444
f 120/120/445 40/226/446 77/227/447
f 5/5/448 77/228/449 42/229/450
f 41/41/451 78/78/452 117/230/453
f 59/59/454 117/231/455 78/78/456
f 79/232/457 32/32/458 20/233/459
f 79/79/460 20/234/461 48/48/462
f 37/235/463 80/236/464 8/8/465
f 80/237/466 37/238/467 119/239/468
f 21/21/469 78/78/470 81/81/471
f 81/240/472 46/46/473 21/241/474
f 16/16/475 102/102/476 82/82/477
f 55/55/478 101/101/479 82/242/480
f 83/83/481 104/104/482 31/31/483
f 31/31/484 87/87/485 83/83/486
f 55/55/487 23/243/488 84/244/489
f 84/245/490 43/246/491 55/55/492
f 38/247/493 11/11/494 85/248/495
f 85/249/496 11/11/497 70/70/498
f 116/250/499 76/76/500 86/86/501
f 35/251/502 86/86/503 106/106/504
f 45/45/505 87/87/506 14/14/507
f 87/87/508 45/45/509 96/96/510
f 88/88/511 9/9/512 40/252/513
f 26/26/514 9/9/515 88/88/516
f 9/253/517 47/47/518 89/254/519
f 68/255/520 89/256/521 47/47/522
f 90/90/523 67/257/524 39/258/525
f 39/259/526 13/13/527 90/90/528
f 12/12/529 36/36/530 91/260/531
f 19/261/532 91/262/533 36/263/534
f 54/54/535 24/24/536 92/92/537
f 58/58/538 92/92/539 24/24/540
f 93/93/541 68/264/542 13/13/543
f 68/68/544 93/265/545 27/27/546
f 3/3/547 50/50/548 94/94/549
f 94/94/550 53/53/551 3/3/552
f 2/266/553 79/79/554 95/95/555
f 95/95/556 62/267/557 2/268/558
f 96/96/559 33/33/560 60/60/561
f 60/60/562 100/100/563 96/96/564
f 71/269/565 56/56/566 97/270/567
f 97/97/568 56/271/569 1/272/570
f 30/30/571 98/98/572 54/54/573
f 30/30/574 71/273/575 98/98/576
f 50/50/577 64/64/578 99/274/579
f 18/275/580 99/276/581 64/64/582
f 100/100/583 26/26/584 88/88/585
f 100/100/586 60/60/587 26/26/588
f 82/277/589 101/101/590 16/278/591
f 101/101/592 44/279/593 16/280/594
f 12/12/595 82/82/596 102/102/597
f 12/12/598 102/102/599 69/69/600
f 103/103/601 25/25/602 7/281/603
f 25/25/604 103/103/605 69/69/606
f 104/104/607 34/34/608 111/111/609
f 104/104/610 83/83/611 34/34/612
f 38/282/613 105/105/614 11/11/615
f 16/16/616 105/283/617 38/38/618
f 86/86/619 58/58/620 106/106/621
f 106/106/622 58/58/623 13/13/624
f 107/107/625 28/28/626 50/50/627
f 61/61/628 28/28/629 107/107/630
f 18/18/631 108/108/632 54/54/633
f 54/54/634 108/108/635 51/51/636
f 28/28/637 61/61/638 109/109/639
f 109/109/640 61/61/641 6/284/642
f 74/285/643 70/70/644 110/286/645
f 110/287/646 70/70/647 17/288/648
f 42/289/649 111/111/650 5/5/651
f 19/290/652 111/111/653 42/291/654
f 29/29/655 112/292/656 117/293/657
f 112/294/658 29/29/659 14/295/660
f 113/113/661 52/52/662 72/72/663
f 61/61/664 113/113/665 72/72/666
f 37/296/667 8/8/668 114/114/669
f 114/114/670 8/8/671 98/98/672
f 69/69/673 115/297/674 36/36/675
f 69/69/676 15/15/677 115/298/678
f 86/86/679 35/299/680 116/300/681
f 60/60/682 116/116/683 35/35/684
f 32/32/685 117/301/686 20/302/687
f 117/303/688 32/32/689 41/41/690
f 118/118/691 117/304/692 59/59/693
f 59/59/694 71/71/695 118/118/696
f 46/46/697 119/305/698 37/306/699
f 119/307/700 46/46/701 94/94/702
f 5/5/703 100/100/704 120/120/705
f 77/308/706 5/5/707 120/120/708
#236 polygons


#
# object Box002
#

v 5.84744887540369968 -1.97065824270248416 1.66043501792576368
v -4.27495385612778024 -2.41951829195022584 1.87094764828408704
v -0.4922087888838824 2.52315753698349 1.61916599361006776
v 0.23790593342438092 -4.56664711236953736 1.85786400381834944
v 0.95474557649721696 -1.05464631319046021 4.28657773703558576
v -2.88708208688683504 -0.26688468456268312 3.9306328158559296
v 2.9962607149647056 1.5941384434700012 3.29208871149104708
v 3.77620350404293952 -0.63089448213577272 0.01449202160412532
v 1.03823842780077768 -3.64218431711196896 3.44937552440474352
v 0.7826490463231152 -2.01795822381973266 0.12521942369642502
v -1.681665427007232 1.81867915391922 3.13424523344160378
v -4.49488754102483768 1.10803216695785522 1.91623084674533568
v 0.9575835179197512 1.91339153051376336 0.75256920075106144
v -3.56140630215807616 -2.13757926225662232 3.70113891125647856
v 4.5696668791325976 -0.92347007989883424 3.15581018188642304
v 4.1702358569850162 1.69220465421676632 1.38357509544242416
v 3.38370264575112856 -3.8910415768623352 1.11215243922880092
v -3.61328794188560208 -1.77418977022171024 1.0008427143409122
v -4.16503838234089586 1.66290920972824096 2.37094326632413296
v -3.20356370274438972 -3.55733209848403928 3.21246287018222176
v -2.543509878811264 2.3072296977043152 1.99899285600110944
v 3.57195143161268904 -2.67808824777603152 3.3149652032711998
v 3.31528277684054728 2.0767330527305603 2.61373715243432512
v -1.86482960103258224 0.92555785179138176 0.54952803778641624
v 4.86568711712399712 -3.32076865434646608 1.23589830777918052
v 0.73239446466984496 1.01280707120895385 3.96766643838297744
v -4.3539620461364734 -2.78944641351699824 3.11280370067804312
v 5.43523803877226896 0.21560992300510408 1.35177671433156376
v 0.65778786043080824 -2.42298108339309696 4.0958049989871057
v -4.4503548083121416 -1.81499642133712768 1.78514411853855392
v -1.00913814066030482 2.2700442671775818 1.25832414532928284
v 4.1987560921965894 -1.75592488050460816 0.2256042177123394
v -0.74702334495396624 -3.39268833398818968 0.68781034611804872
v 5.3734068206841812 -0.62840592861175536 2.44369824883729336
v -3.097236949939969 1.54872697591781616 1.22475090863444792
v 3.51313395976328024 0.79803907871246336 3.4919527837100048
v -3.24376765148031156 0.92219722270965584 3.36028925261062736
v -1.26466490551075596 -1.02882605791091919 4.19839737661742164
v -3.6563345260769324 0.83766031265258784 1.1291804229761624
v -2.7626701996506 -3.80403143167495728 2.46595133320185768
v 2.00804138451636049 2.58774036169052128 1.45592904891205424
v -3.91583695963868192 -0.6424270272254944 1.03284362374922267
v -4.58378827246633592 -1.36525064706802368 3.31062235216565172
v 2.55941771940823056 -0.97600537538528448 -0.0745051585960752
v 4.20372043051122544 -3.11649471521377564 2.54249005638577328
v 2.3505017267673054 1.73744112253189088 3.35165821002526344
v 4.18996673705592572 0.9666323065757752 0.81019296045032976
v 5.38918089674194792 -2.58275228738784792 1.15145544311157976
v 2.82183647588485088 -2.17742210626602172 0.10857020957922004
v -0.56483180996685432 1.26356643438339232 3.71828995108229776
v -0.77174575330352016 0.60901522636413576 0.31093754881559476
v -4.84733643096586768 -1.58508235216140744 2.46154058908750528
v 3.79396111897344208 1.53880435228347776 2.81578559590688832
v 2.62867897156988304 -2.29079300165176392 3.81506913367486784
v -2.45351658907658528 -3.65803414583206176 1.47757037699177832
v -4.77127751066882416 -2.1997268795967102 2.81227529720591456
v -2.14018794624409736 1.98844951391220096 1.2646417911760892
v -2.7721057371280864 -1.28385907411575316 0.46345868965048
v 0.96026292502445184 -4.59940153360366824 2.30569261890065036
v -3.91702233578945424 1.3801279664039612 1.58678635053188088
v -1.13351956096618522 1.4771127104759216 0.68213121100446728
v -2.20362204370880476 1.99905389547348016 2.82579895165879696
v -2.55101306894434288 -2.47457200288772584 3.84683644510373312
v 3.10720816745069328 0.69383579492568968 0.35152728344044704
v 1.4104407823105092 -3.91818839311599728 3.21935832580946624
v 4.1526642320363294 0.82289457321166992 2.95468375999529088
v 3.88899951981485968 -1.13296622037887574 3.4766820350093752
v -4.95212389525411824 0.395268440246582 2.66348661768238056
v 0.00422153866131536 2.61008161306381224 2.06012216764437994
v 4.7745215591039312 -2.99009209871292112 0.89287348371142624
v 0.63480428127791552 1.78409308195114128 3.41112443063506984
v -4.08193097313298381 0.28650474548339844 3.38621661455336208
v -4.42578854298065496 0.64458435773849488 3.00414698141385372
v -3.00107552387501641 -0.24291580915451048 0.59096726210776392
v 2.66494967502369208 2.47543996572494504 2.32180455047307532
v -1.08232209867176721 -1.69575160741806032 4.2045218438396006
v 2.73192183334248288 -4.29391533136367796 1.54057681525559072
v -0.84405617836705456 -1.74692982435226448 0.20719465798417504
v -2.42781135652312232 0.44944682717323304 3.82493922367090992
v 1.17115147427251998 -4.45070368051528928 1.54966095737005104
v 1.36546849327412192 -0.39373949170112608 4.26764335499969148
v 3.66035866963576952 -2.03293687105178833 3.4906328975896912
v 5.22991926951297616 0.75039589405059808 1.64346852625735096
v 2.10354724017874162 1.56317585706710816 0.62282127377191896
v 1.71270434972483088 0.7460044622421264 3.99423907159159344
v 3.63417376006253792 2.24407690763473512 1.5434668710456236
v -0.8806528071223312 -2.56135612726211544 4.00215436076210551
v 1.41681935302020888 2.43649262189865112 2.55760890886331536
v -4.17644222522594078 1.59906214475631712 1.94374376935766688
v 4.13208807178139636 -3.7357001900672912 2.01095266979356779
v 3.13469536116326708 -0.18379937112331392 0.02147882533286083
v 2.39745073504376192 -3.29127937555313112 3.38471002265883672
v 0.93765672840132912 -3.36586004495620728 0.62842597110572032
v -3.951648002137432 -1.40017050504684448 3.65489916934491536
v -2.70046593879898464 1.55046170949935912 3.1479423602856258
v 2.58745597486692704 2.18886011838912964 2.82079759590429552
v -3.49320962122567376 -2.61096221208572384 1.15970940619995134
v 1.01232302656786288 2.62573188543319704 1.55684495828471368
v 3.53228490535755672 -2.52439051866531376 0.35315531320082628
v -2.16782605754191592 0.26451018452644348 0.38245966908625208
v 4.7108020998671236 -0.2855364680290222 2.90976937016661456
v 5.13450676310813492 0.04140853881835937 0.89971924223159056
v -1.50588682659312664 -4.17181354761123658 2.71488910508547576
v 0.62051785937470072 -0.04394534975290298 0.05641594105566083
v -4.92365006897134096 -0.13843195140361786 2.9838533007906704
v -4.98142918532226992 -1.5216742157936096 2.75716890095385744
v -4.53961972585136664 -0.29513773322105408 1.50712900801769936
v -1.7344603661121312 2.33389347791671752 1.62123960720100512
v 4.77838412819295392 -2.2817557454109192 0.65721591518450136
v -4.31788353233054068 0.5651032328605652 1.48116813109392352
v -1.51378024142138656 0.08428812026977539 4.04421379203411391
v 2.69620484863453672 1.40555661916732792 3.50644506426731088
v 5.57995666648977816 -0.76439779996871952 1.22385132626779124
v -4.34622592569283484 -2.12234050035476684 3.32708324229604104
v 0.26802433183803488 2.40609544515609744 2.5344596943189828
v 5.30908085697333832 -2.54001814126968384 2.21764042092071632
v 3.47041188380688936 -3.11721044778823852 3.05021382629875859
v 4.91470025993197616 0.93112838268280032 2.11982270543923334
v 5.04657247103881446 -3.15200453996658326 1.80796379307616912
v -3.55606821254664848 -2.93407517671585088 3.43461685009255288
v -1.3225778460819342 -4.20682483911514284 1.7793133748841256
v 1.71735923613638872 -2.24810820817947388 4.04704774978721105
v 5.0027043425278066 -1.08819490671157837 0.56440286380328784
v 4.9796706346464816 -1.235215961933136 2.8591669270748952
v -4.48687261274179152 1.39430207014083864 2.2308269117875028
v 0.8628947782441472 1.50599652528762816 3.6954629406475448
v 2.04819006765768563 2.20871013402938844 1.08407868008823272
v -0.61818640178370288 1.78937202692031856 3.27531079553141068
v -2.88884031218159968 2.01879304647445678 1.60978309348864456
v 2.14390954609918082 -0.86777549982070928 4.07534187352415245
v -4.08766371577249288 -2.26728206872940064 1.48718845734497048
v -1.98215013309547312 -3.22405582666397096 0.80360043422253824
v -0.25804948309433228 -3.43013912439346312 3.57644419475572304
v 3.3167944325594192 -0.2050263285636902 3.68124482126562216
v 1.88904393135075568 -2.57803279161453248 0.32048690907354072
v 3.346704455768446 1.958881676197052 1.18112288994504412
v 0.06639252612660052 -2.71133691072463992 0.35134082938819588
v -4.70921779060307696 -0.96746635437011712 2.03452837325973235
v -4.38764252911019528 -2.95187669992446896 2.7174707655134824
v -3.65917113899959648 -3.56223303079605104 2.7661181200974312
v 3.06013321738655009 -1.10579591989517212 3.80298216433202192
v 5.543625206308576 -0.21032685041427612 2.10582768363497052
v -2.21134027368752584 -0.64749819040298464 4.05145705549035995
v 3.52824839135220712 1.39552789926528928 3.1474199293365217
v 0.78411234464671504 2.37425869703292848 1.10226983505528864
v -3.42970165916818816 1.98868864774703984 2.3243562919480496
v -2.208789199670278 0.84292346239089968 3.6636634088077216
v 0.79528777412075872 0.21815763413906096 4.21139831243895912
v -4.32690882904813636 -0.50101000070571896 3.43241751936243136
v 2.03630105662007565 -4.1169310212135315 2.85261007344494992
v 4.69795426618992448 -2.14936047792434692 2.84895133070777712
v 3.5851953353844976 -1.3896629214286804 -0.02398251136586893
v -0.28209493219340588 2.09911316633224488 0.92308946865733792
v 4.19068837818537076 -2.24165827035903932 3.19731956471422052
v -0.63667610870929536 -0.30490905046463012 4.19181952218390564
v 3.27783714810161088 -3.9321754574775696 2.4103478220378776
v -2.84957339868739728 0.69130665063858032 0.73781419438743968
v -3.34647769623833824 -0.69457799196243288 3.8528150574298792
v -3.06258258799479677 1.1827067732810974 0.96792107792125392
v -1.73700010359715408 -0.18134334683418272 0.1846418087248054
v 2.83835132347019232 -3.35979181528091432 0.70972684226099856
v -4.65082012471262376 1.01976007223129272 2.55483018610043192
v 2.09184528192284346 0.07704117894172668 4.05197632193481638
v -3.1684119504478474 -1.1090572476387024 0.64091360988929576
v 4.64053189633744976 1.46787196397781376 1.72540129145431824
v 1.11240813271586348 0.9244540929794312 0.35658898054493448
v -4.10883716956902844 0.13288980722427368 1.19727567239564792
v 4.10797385067237996 0.428692489862442 0.37672896693102584
v -1.52749461128053096 -2.67266780138015744 0.51831573732041392
v 4.21934536031690756 -3.72994118928909296 1.1348809184961155
v -4.99139612274780128 -0.23380622267723084 2.48389378687183184
v 0.20458857374848984 -3.97471338510513312 1.02070062829000107
v -4.43547490123361856 0.87755924463272096 1.69681545792531096
v -1.7333917208166128 -3.88125354051589968 3.19806610012882688
v 2.68008022574437632 2.337307870388031 2.62625794659614088
v -3.4741089814931456 -3.05460149049758911 1.54335798331752016
v -2.91854202661099296 -1.5814276337623596 3.97274316688454128
v 2.18271945563806468 -4.43679291009902952 2.15895166156639106
v 0.78738373129353792 -0.9952433109283448 -0.00750181386370418
v -2.303277247298837 2.27569550275802612 2.40094507184184632
v -1.75399976506842848 -4.10056787729263306 2.2596869064918934
v -4.50002936692212072 -2.15177017450332642 2.24956897824549172
v 4.89896905013668512 0.90799218416213984 1.295475717575016
v 4.06832220361579289 -3.85687190294265744 1.49239435517260688
v -3.82989789724095424 -3.04072290658950805 2.14959896808024098
v -3.1994446446137772 0.174613818526268 3.71499829088425312
v 5.87560527878417808 -0.82656770944595344 1.7212701744779224
v 3.47922072361231472 0.46239376068115232 3.58272429807011864
v -2.28926263646904716 -0.9209818243980408 0.31459722652004984
v -1.99589691835144832 -2.0257299542427063 4.08625107177358871
v -4.82947785004523664 -1.67862397432327272 3.04171454217963344
v 3.03874862067732465 -3.59480744600296024 2.87741547464896992
v 2.39674060757985784 -1.66896575689315792 3.97660184877899776
v 1.86086219790608704 1.35371118783950804 3.70271310847756752
v -2.06999107590725373 -3.21776157617568968 3.58231348783040456
v 3.04748589862307995 -2.62121421098709104 3.57895105780114872
v -4.03737627588910186 1.79096752405166624 2.15084319377125154
v -3.61488391306289712 1.27466672658920288 3.04120016633326884
v 1.37136880403058112 -1.71247845888137816 4.17974578622413162
v -3.99752340538552176 1.45353072881698608 2.67541392338164032
v -2.77741194274263136 -2.58042746782302856 0.81576917724230208
v 1.46099285936802656 2.6652211546897888 2.10927124005610266
v 0.2845942014596634 -4.2991963028907776 2.93129749528462464
v -3.97349456253482464 -3.29386407136917116 3.10893868977429122
v -3.21210294564284028 1.6631140112876892 2.90388367920421328
v 4.11587895629949684 -3.45950347185134888 0.90396219567905696
v 0.13710868492100658 -1.7952125668525696 4.22079775428922232
v 4.82881469179568512 0.32682815194129944 2.53135358916618712
v -4.95705989223819184 -0.97980248928070064 2.95282418199143136
v 5.45421716505001088 -1.65384608507156376 2.40404930706007744
v -0.47201505945822576 0.53346246480941776 4.06578219266582153
v 0.01888571396718052 2.4655393958091736 1.27967146215901552
v 1.966056891687856 -1.75842362642288208 0.02947516897468905
v -1.63470667639839464 0.58318817615509032 3.894930874421064
v 5.59600352785420792 0.02227872610092163 1.70063947410976368
v -0.42636222422170888 -4.41942936182022096 2.31638001414250992
v 3.02286365916373256 1.55397218465805056 0.77819018110745472
v 3.26133469984839052 1.21885138750076292 3.42397030572887216
v -3.55031952790869808 1.95245593786239632 1.92794095235286992
v 2.77656757711079648 2.48303598165512088 1.52353336858779184
v -1.42127732686540752 1.92271918058395392 0.98777338206664928
v 2.4754953198133336 -2.80244642496109008 3.70466359406948696
v 1.46518525069146936 -2.91823393106460576 3.8255735630116448
v 0.05826270474645412 0.2680915892124176 0.13362183082099576
v 1.19721044205806492 -4.6426129937171936 1.95118380746654912
v 3.48135022033744688 -1.97016686201095584 0.06838103651425698
v -4.97206698103761376 -1.05349975824356079 2.53360009978378288
v -3.10417419912838 1.90475064516067504 2.65776001499908432
v 4.33009973748843892 -1.01743227243423462 0.14879663749435324
v 1.53667935686814872 1.74743753671646112 3.4727885435637944
v 5.00843673090068364 -2.41584378480911256 2.53374595467981576
v -0.8275937622432536 2.09770387411117554 2.87637291420868736
v -2.7431182242288656 -3.20583063364028932 1.11053854185849588
v -0.2050430468101112 -1.05953687429428101 4.2708699990113388
v -2.6756298994272072 -3.91796737909317024 2.90524412852046512
v 4.2084566211148342 -0.42677989602088928 3.31839351253357508
v 3.3949612393170412 -4.14782911539077758 1.91760050189328976
v 5.24820970145805176 -0.92726475000381472 2.66017309363404312
v 4.55191386966831144 -0.15263742208480834 0.36033449543795728
v -4.04642389140451542 -2.72754126787185664 1.74458063491816512
v 2.81383713533361408 0.7883437871932984 3.71111544368157808
v -2.52732396779376248 -1.76641410589218144 0.5348296688639316
v -1.42376826412186832 -3.82930380105972288 1.15928802363789174
v 2.0018936185174283 2.70044869184494016 1.70785598311762496
v -1.08011962302043685 2.39712351560592648 2.45554557887363952
v -3.68173650639337776 -3.3516245484352112 3.28115793707355864
v -4.58437387520908144 0.0712873637676239 3.23334802549227616
v 3.36797143595583744 2.44818848371505736 1.87366567009418368
v 3.73459311677785872 0.96276146173477168 3.28688310134565144
v 3.98758412964289728 1.98222380876541136 2.13884785122206722
v 5.47732952012364648 -2.83304554224014288 1.47173100287012912
v -2.70034991647699488 -3.65381175279617312 1.93330651382409264
v 1.88683685023320896 -3.99633127450942992 1.07224630952840272
v 0.50120338185675808 -0.48691204190254208 4.31284398865786044
v 1.98245731115105168 2.3050779700279236 2.74502180602270592
v -4.43172994866642968 1.42776137590408328 2.46364297090251224
v -1.99009190531900512 -1.43542271852493288 4.1494240780547642
v -1.87278146985512704 1.41616171598434448 3.40754997879442104
v 0.65104395225682768 2.10320848226547242 2.96721980131586352
v 2.51663630379097472 2.65737909078598024 1.90753219883340816
v 4.39494186768214944 1.10087698698043824 2.58935665789981328
v 3.19971143627330436 -1.64455777406692504 3.73123507654914016
v 4.07986562755385762 -2.68969589471817016 3.01831101653452549
v 4.15943568444095036 1.6044369339942932 2.46797517776515464
v 3.87625406919431728 0.04885335266590118 0.16181981474912454
v 1.91948960570741184 -0.03572917357087135 0.07231136027671692
v 1.83886011445723344 2.01619547605514526 3.11844514941809336
v -1.33930773351291776 2.51216572523117064 2.02147436006478642
v -2.39949021915874992 -0.26683741807937624 0.31198125998484016
v -2.39266757522580064 0.07977131009101868 3.93578175259990816
v 2.90932722613086976 -1.71075385808944704 -0.04313942910004664
v 3.9510457777485896 0.33830550312995912 3.32912348474705764
v 2.95657257844501936 1.8658718466758728 3.02004315130575662
v -4.37940547564886632 -1.28972166776657104 1.45127492562207296
v 1.5037541703539148 -4.49544912576675416 2.59694974296074576
v -0.00710178882847656 1.504381000995636 0.58824132903604816
v -2.2945885038816698 1.44434911012649536 0.89197706584941728
v 4.09604321330550646 -2.9917688965797424 0.65744584521537776
v -0.26319228322485344 -4.36032873392105104 1.44095633901278576
v 4.05349083106585795 2.0755571722984314 1.7396349456772384
v 5.51922969749372784 -1.76511114835739136 1.01390765946100458
v 5.85865397470817584 -1.09223657846450806 2.0454600107239429
v 0.28285889278765808 -2.9030569195747376 3.91206235185451584
v -4.68149784371325952 0.30994853377342224 1.89996888888438768
v 4.44278770193758984 -1.61505752801895144 3.1802131156357092
v -4.8079890989461944 0.71549260616302488 2.27712663544625116
v -0.6895895942859376 -0.46799612045288088 0.05655573214946408
v -3.58946740781453856 0.16176271438598632 0.91815960193964944
# 288 vertices

vn -0.26806566119194032 0.18747183680534364 0.94498419761657712
vn -0.26806569099426268 0.18747185170650484 0.94498425722122192
vn -0.26806569099426268 0.18747183680534364 0.94498419761657712
vn 0.02885778434574604 0.1140022650361061 -0.993061363697052
vn 0.02885778062045574 0.11400225758552552 -0.9930612444877624
vn 0.02885778248310089 0.11400225013494492 -0.9930612444877624
vn -0.3062904179096222 -0.15836107730865478 -0.93867355585098272
vn -0.3062904179096222 -0.15836107730865478 -0.93867355585098272
vn -0.3062903881072998 -0.1583610624074936 -0.93867349624633792
vn -0.3444039821624756 -0.57125347852706912 0.7450203895568848
vn -0.3444039821624756 -0.57125347852706912 0.7450203895568848
vn -0.3444039821624756 -0.57125347852706912 0.7450203895568848
vn 0.92565667629241936 0.33986201882362364 0.16629326343536376
vn 0.92565667629241936 0.33986201882362364 0.16629326343536376
vn 0.92565667629241936 0.33986198902130128 0.16629324853420258
vn 0.32800039649009704 -0.94458258152008064 -0.01339350547641515
vn 0.32800039649009704 -0.94458264112472528 -0.01339350640773773
vn 0.32800042629241944 -0.94458270072937008 -0.0133935073390603
vn -0.74198281764984128 -0.6272495985031128 -0.2366841584444046
vn -0.74198281764984128 -0.6272495985031128 -0.2366841733455658
vn -0.74198287725448608 -0.6272495985031128 -0.2366841733455658
vn -0.79015702009201056 0.61222642660140992 0.02881952375173568
vn -0.7901570796966552 0.61222642660140992 0.02881952188909054
vn -0.7901570796966552 0.61222642660140992 0.02881952188909054
vn -0.55494272708892824 0.76118427515029904 0.33561450242996216
vn -0.55494272708892824 0.76118427515029904 0.33561453223228456
vn -0.55494272708892824 0.76118427515029904 0.33561453223228456
vn 0.32380107045173644 0.93142420053482048 -0.1661384403705597
vn 0.32380104064941408 0.93142408132553104 -0.1661384403705597
vn 0.32380107045173644 0.93142414093017584 -0.1661384403705597
vn 0.8224301934242248 -0.17383797466754914 -0.54165393114089968
vn 0.8224301934242248 -0.17383794486522674 -0.54165393114089968
vn 0.8224301934242248 -0.17383795976638794 -0.5416539907455444
vn 0.96732658147811888 0.2195425182580948 0.12680856883525848
vn 0.96732664108276368 0.2195425182580948 0.12680856883525848
vn 0.96732646226882928 0.2195425033569336 0.1268085539340973
vn -0.09441134333610534 -0.37254774570465088 0.92319798469543456
vn -0.09441134333610534 -0.37254777550697328 0.92319804430007936
vn -0.09441135078668594 -0.37254780530929568 0.92319804430007936
vn 0.86281263828277584 -0.18764138221740724 0.46940934658050536
vn 0.86281263828277584 -0.18764138221740724 0.46940934658050536
vn 0.86281263828277584 -0.18764139711856844 0.46940937638282776
vn -0.42952650785446168 -0.85651153326034544 -0.28617316484451292
vn -0.42952644824981688 -0.85651141405105584 -0.28617313504219056
vn -0.42952647805213928 -0.85651147365570064 -0.28617313504219056
vn 0.12685227394104004 -0.89158159494400032 -0.43473076820373536
vn 0.12685227394104004 -0.89158159494400032 -0.43473073840141296
vn 0.12685227394104004 -0.89158159494400032 -0.43473073840141296
vn -0.05599356070160866 0.91242355108261104 0.4053984582424164
vn -0.05599356442689896 0.91242361068725584 0.4053984582424164
vn -0.05599356442689896 0.91242361068725584 0.405398428440094
vn 0.31757763028144836 0.25190916657447816 0.91415876150131232
vn 0.31757763028144836 0.25190916657447816 0.91415870189666752
vn 0.31757766008377076 0.25190916657447816 0.91415876150131232
vn -0.99976974725723264 -0.01425361819565296 0.01604297943413257
vn -0.99976968765258784 -0.01425361819565296 0.01604297757148742
vn -0.99976968765258784 -0.01425361726433038 0.01604297757148742
vn -0.66419261693954464 0.25552615523338316 -0.70253431797027584
vn -0.66419267654418944 0.25552618503570556 -0.70253437757492064
vn -0.66419261693954464 0.25552615523338316 -0.70253425836563112
vn 0.32191002368927 0.7940130829811096 -0.51567143201828
vn 0.3219100832939148 0.7940131425857544 -0.51567143201828
vn 0.3219100832939148 0.7940131425857544 -0.5156714916229248
vn -0.50713509321212768 0.49171909689903256 -0.70783215761184696
vn -0.50713503360748288 0.49171909689903256 -0.70783215761184696
vn -0.50713503360748288 0.49171903729438784 -0.70783209800720216
vn -0.97931706905364992 -0.08125764131546021 0.1852979212999344
vn -0.97931700944900512 -0.08125764131546021 0.1852979212999344
vn -0.97931694984436032 -0.08125762641429901 0.185297891497612
vn -0.44137173891067504 0.10035895556211472 0.8916945457458496
vn -0.44137176871299744 0.10035894811153412 0.8916945457458496
vn -0.44137176871299744 0.10035895556211472 0.8916945457458496
vn 0.62626153230667112 0.17553643882274628 0.75959438085556032
vn 0.6262614727020264 0.17553642392158508 0.75959420204162592
vn 0.6262614727020264 0.17553642392158508 0.75959426164627072
vn 0.57925415039062496 -0.04325981065630913 0.81399828195571904
vn 0.57925420999526976 -0.04325981810688972 0.81399834156036384
vn 0.57925415039062496 -0.04325981438159942 0.81399828195571904
vn 0.31055682897567748 0.6158350110054016 -0.72408682107925408
vn 0.31055682897567748 0.6158350110054016 -0.72408682107925408
vn 0.31055685877799988 0.6158350110054016 -0.72408688068389888
vn 0.92691648006439216 0.1045447587966919 -0.36041116714477536
vn 0.9269165396690368 0.1045447587966919 -0.36041119694709776
vn 0.92691648006439216 0.1045447587966919 -0.36041116714477536
vn 0.02021354995667934 -0.87229430675506592 -0.48856341838836672
vn 0.02021354623138904 -0.87229418754577632 -0.48856338858604432
vn 0.02021354623138904 -0.87229418754577632 -0.48856335878372192
vn 0.094015434384346 -0.4814258515834808 -0.87143003940582272
vn 0.09401542693376542 -0.48142582178115848 -0.87143003940582272
vn 0.094015434384346 -0.4814258515834808 -0.87143003940582272
vn -0.62043678760528568 -0.49690595269203184 -0.606747567653656
vn -0.6204368472099304 -0.49690598249435424 -0.606747567653656
vn -0.6204368472099304 -0.49690595269203184 -0.606747567653656
vn -0.9905890822410584 -0.00937458593398332 -0.1365484744310379
vn -0.9905890226364136 -0.00937458500266075 -0.1365484744310379
vn -0.9905890822410584 -0.00937458593398332 -0.1365484744310379
vn -0.85537880659103392 0.3496006727218628 0.38223868608474728
vn -0.85537880659103392 0.3496007025241852 0.38223871588706968
vn -0.85537886619567872 0.34960073232650756 0.38223874568939208
vn -0.60721385478973392 0.57581776380538944 0.547471821308136
vn -0.60721379518508912 0.57581770420074464 0.547471821308136
vn -0.60721373558044432 0.57581770420074464 0.547471821308136
vn -0.18193687498569488 -0.9629625082015992 0.19900324940681456
vn -0.18193684518337248 -0.9629623889923096 0.1990032345056534
vn -0.18193686008453368 -0.9629623889923096 0.1990032345056534
vn -0.53159761428833008 -0.83953124284744256 -0.1122104600071907
vn -0.53159761428833008 -0.83953124284744256 -0.1122104600071907
vn -0.53159761428833008 -0.83953118324279792 -0.1122104749083519
vn -0.32816654443740844 0.87372547388076784 -0.35904103517532348
vn -0.32816654443740844 0.87372553348541264 -0.35904109477996828
vn -0.32816654443740844 0.87372547388076784 -0.35904106497764588
vn -0.17547349631786346 0.91051208972930912 0.37440168857574464
vn -0.17547351121902466 0.91051214933395392 0.37440168857574464
vn -0.17547352612018586 0.91051220893859856 0.37440168857574464
vn 0.65070205926895144 -0.28065159916877748 0.705564558506012
vn 0.65070211887359616 -0.28065162897109984 0.70556461811065672
vn 0.65070211887359616 -0.28065159916877748 0.70556467771530152
vn 0.43192902207374576 -0.85867065191268928 0.27590185403823852
vn 0.43192908167839048 -0.85867077112197872 0.27590188384056092
vn 0.43192905187606808 -0.85867077112197872 0.27590188384056092
vn 0.88354349136352544 0.28736266493797304 0.36982911825180056
vn 0.88354355096817024 0.28736266493797304 0.36982914805412296
vn 0.88354355096817024 0.28736266493797304 0.36982911825180056
vn 0.09380066394805908 0.95047700405120848 0.29630216956138612
vn 0.09380064904689788 0.95047694444656368 0.29630213975906372
vn 0.09380064904689788 0.95047694444656368 0.29630216956138612
vn 0.02265834808349609 0.45073363184928896 -0.892370879650116
vn 0.02265834808349609 0.45073366165161136 -0.892370879650116
vn 0.02265834808349609 0.45073366165161136 -0.892370879650116
vn -0.34684747457504272 0.59757614135742184 -0.72291046380996704
vn -0.34684750437736512 0.59757614135742184 -0.72291052341461184
vn -0.34684744477272032 0.59757608175277712 -0.72291046380996704
vn 0.81625533103942864 -0.45673897862434384 -0.3537185490131378
vn 0.81625533103942864 -0.45673894882202152 -0.35371851921081544
vn 0.816255271434784 -0.45673894882202152 -0.35371851921081544
vn 0.71917003393173216 -0.59876388311386112 0.3525283634662628
vn 0.71917009353637696 -0.59876388311386112 0.3525283932685852
vn 0.71917003393173216 -0.59876388311386112 0.3525283634662628
vn -0.06683733314275742 0.91034495830535888 0.40841758251190184
vn -0.06683732569217682 0.91034489870071408 0.40841755270957944
vn -0.06683732569217682 0.91034489870071408 0.40841752290725712
vn -0.17290061712265014 0.25960606336593628 0.95011061429977424
vn -0.17290063202381134 0.25960606336593628 0.95011067390441888
vn -0.17290061712265014 0.25960603356361388 0.95011061429977424
vn -0.79727697372436528 -0.14726822078227996 0.58537292480468752
vn -0.79727703332901008 -0.14726822078227996 0.58537292480468752
vn -0.79727703332901008 -0.14726823568344116 0.58537298440933224
vn -0.48962959647178648 -0.85646581649780272 0.16349050402641296
vn -0.48962959647178648 -0.85646575689315792 0.16349051892757416
vn -0.48962965607643128 -0.85646587610244752 0.16349053382873536
vn 0.92611867189407344 0.33575111627578736 0.1719754934310913
vn 0.926118552684784 0.33575108647346496 0.17197546362876892
vn 0.926118552684784 0.33575108647346496 0.17197547852993012
vn 0.81206142902374272 0.43550765514373776 -0.38844487071037296
vn 0.81206130981445312 0.43550762534141544 -0.38844484090805056
vn 0.81206142902374272 0.43550765514373776 -0.38844487071037296
vn 0.57173901796340944 -0.37600499391555784 0.7292014956474304
vn 0.57173895835876464 -0.37600499391555784 0.7292014956474304
vn 0.57173901796340944 -0.37600496411323544 0.7292014360427856
vn -0.11780965328216552 -0.70831704139709472 0.69599413871765136
vn -0.11780965328216552 -0.70831698179244992 0.69599419832229616
vn -0.11780965328216552 -0.70831698179244992 0.69599419832229616
vn -0.8697820901870728 -0.38335809111595152 -0.31066969037055968
vn -0.8697821497917176 -0.38335815072059632 -0.31066972017288208
vn -0.8697821497917176 -0.38335809111595152 -0.31066969037055968
vn -0.93945783376693728 -0.2408001273870468 -0.243791326880455
vn -0.93945789337158208 -0.2408001571893692 -0.2437913417816162
vn -0.93945789337158208 -0.240800142288208 -0.243791326880455
vn -0.08292996138334274 0.84725821018218992 -0.52466756105422976
vn -0.08292996138334274 0.84725821018218992 -0.52466756105422976
vn -0.08292996138334274 0.84725821018218992 -0.52466756105422976
vn -0.18858741223812104 0.53210890293121336 -0.82540583610534672
vn -0.18858739733695984 0.53210890293121336 -0.82540589570999152
vn -0.18858741223812104 0.53210890293121336 -0.82540589570999152
vn 0.68810236454010008 -0.5277042388916016 -0.49803960323333744
vn 0.68810230493545536 -0.5277041792869568 -0.49803954362869264
vn 0.68810236454010008 -0.5277041792869568 -0.49803960323333744
vn 0.16635732352733612 -0.72468030452728272 -0.668703019618988
vn 0.16635732352733612 -0.72468030452728272 -0.668703019618988
vn 0.16635732352733612 -0.72468030452728272 -0.66870296001434328
vn -0.49719405174255368 -0.38913652300834656 -0.77548092603683472
vn -0.49719408154487608 -0.38913655281066896 -0.77548104524612432
vn -0.49719411134719848 -0.38913652300834656 -0.77548098564147952
vn -0.05457212403416634 -0.60583251714706424 -0.79371827840805056
vn -0.05457212775945663 -0.60583257675170896 -0.79371839761734016
vn -0.05457212775945663 -0.60583257675170896 -0.79371833801269536
vn 0.86343348026275632 0.18459056317806244 0.46947726607322696
vn 0.86343348026275632 0.18459056317806244 0.46947732567787168
vn 0.86343348026275632 0.18459056317806244 0.46947729587554928
vn 0.9660819172859192 0.03483804315328598 0.25587496161460876
vn 0.9660819172859192 0.03483803942799568 0.25587496161460876
vn 0.9660818576812744 0.03483803942799568 0.25587496161460876
vn -0.33455869555473328 0.64049082994461056 -0.69126117229461672
vn -0.33455869555473328 0.64049082994461056 -0.69126117229461672
vn -0.33455872535705568 0.64049082994461056 -0.69126117229461672
vn -0.52322787046432496 0.8350830078125 0.16990871727466584
vn -0.52322787046432496 0.8350830078125 0.16990870237350464
vn -0.52322793006896976 0.8350830674171448 0.16990873217582702
vn 0.87514203786849968 0.26957866549491884 0.40181311964988712
vn 0.87514203786849968 0.26957866549491884 0.40181308984756472
vn 0.87514203786849968 0.26957866549491884 0.40181311964988712
vn 0.1872383803129196 0.59235829114913944 0.78361558914184576
vn 0.1872383952140808 0.59235829114913944 0.7836156487464904
vn 0.1872383803129196 0.59235829114913944 0.78361558914184576
vn -0.58811599016189576 0.6731160283088684 0.44836860895156864
vn -0.58811593055725096 0.6731160283088684 0.44836860895156864
vn -0.58811599016189576 0.6731160283088684 0.44836860895156864
vn -0.14995285868644714 0.80034935474395744 0.5804782509803772
vn -0.14995285868644714 0.8003492951393128 0.5804782509803772
vn -0.14995287358760834 0.80034941434860224 0.5804782509803772
vn -0.03232515230774879 -0.12203040719032288 0.99199980497360224
vn -0.03232514858245849 -0.12203039973974228 0.99199980497360224
vn -0.03232514858245849 -0.12203040719032288 0.99199980497360224
vn -0.18162427842617036 0.27606871724128724 0.94382125139236448
vn -0.18162429332733156 0.2760687470436096 0.94382137060165408
vn -0.18162427842617036 0.27606871724128724 0.94382131099700928
vn -0.78746503591537472 0.36701536178588864 -0.49517515301704408
vn -0.78746515512466432 0.36701539158821104 -0.4951752424240112
vn -0.78746503591537472 0.36701539158821104 -0.49517518281936648
vn -0.94841557741165168 0.1505667120218277 -0.27899369597434996
vn -0.94841557741165168 0.1505667269229889 -0.27899372577667236
vn -0.94841563701629632 0.1505667269229889 -0.27899372577667236
vn -0.39952322840690616 -0.91672116518020624 0.00185444590169936
vn -0.39952328801155088 -0.91672116518020624 0.00185444601811468
vn -0.39952328801155088 -0.91672122478485104 0.00185444625094532
vn -0.49779811501502992 -0.84101259708404544 0.21188418567180632
vn -0.49779811501502992 -0.84101259708404544 0.21188418567180632
vn -0.49779811501502992 -0.84101259708404544 0.21188417077064516
vn -0.1089078038930893 0.99402755498886112 -0.00695523247122764
vn -0.1089078038930893 0.99402761459350592 -0.00695523293688893
vn -0.1089077889919281 0.99402749538421632 -0.00695523200556635
vn 0.04822145029902458 0.99569964408874512 0.07910064607858658
vn 0.04822145402431488 0.99569964408874512 0.07910065352916718
vn 0.04822145029902458 0.99569964408874512 0.07910064607858658
vn -0.93896353244781488 -0.20539279282093048 -0.27597329020500184
vn -0.93896353244781488 -0.20539277791976928 -0.27597329020500184
vn -0.93896359205245968 -0.20539279282093048 -0.27597329020500184
vn -0.68150806427001952 0.25326171517372132 -0.68658959865570072
vn -0.68150806427001952 0.25326171517372132 -0.68658965826034544
vn -0.68150806427001952 0.25326168537139892 -0.68658959865570072
vn -0.5260533094406128 0.51266258955001832 0.67856097221374512
vn -0.526053249835968 0.51266258955001832 0.67856097221374512
vn -0.5260533094406128 0.51266252994537352 0.67856091260910032
vn -0.66410571336746216 0.25984308123588564 0.70103162527084352
vn -0.66410571336746216 0.25984308123588564 0.70103162527084352
vn -0.66410571336746216 0.25984308123588564 0.70103156566619872
vn 0.15373823046684266 0.05686438083648682 -0.98647409677505488
vn 0.15373821556568146 0.05686438083648682 -0.98647409677505488
vn 0.15373823046684266 0.05686437711119652 -0.98647409677505488
vn 0.07586191594600677 0.47353360056877136 -0.87750267982482912
vn 0.07586192339658737 0.47353363037109376 -0.87750267982482912
vn 0.07586191594600677 0.47353360056877136 -0.87750262022018432
vn 0.5365775227546692 -0.72704648971557616 0.42835503816604616
vn 0.5365775227546692 -0.72704643011093136 0.42835503816604616
vn 0.5365774631500244 -0.72704643011093136 0.42835503816604616
vn 0.85590773820877072 -0.2103722095489502 0.47240403294563296
vn 0.85590767860412592 -0.2103721797466278 0.47240400314331056
vn 0.85590767860412592 -0.210372194647789 0.47240403294563296
vn 0.3705453276634216 0.71657961606979368 0.59093981981277464
vn 0.370545357465744 0.71657967567443848 0.59093987941741944
vn 0.370545357465744 0.71657961606979368 0.59093981981277464
vn 0.12081772089004516 0.89263010025024416 0.43429756164550784
vn 0.12081773579120636 0.89263021945953376 0.43429765105247496
vn 0.12081772089004516 0.89263021945953376 0.43429762125015256
vn 0.47626134753227232 0.57697939872741696 -0.66352832317352296
vn 0.47626137733459472 0.57697939872741696 -0.66352832317352296
vn 0.47626140713691712 0.57697945833206176 -0.66352838277816776
vn 0.833432137966156 0.53673040866851808 0.13157226145267486
vn 0.833432137966156 0.53673046827316288 0.13157226145267486
vn 0.8334320783615112 0.53673040866851808 0.13157224655151368
vn 0.9552195072174072 0.20308056473731996 -0.21520721912384032
vn 0.9552193880081176 0.20308054983615876 -0.21520718932151796
vn 0.9552193880081176 0.20308054983615876 -0.21520718932151796
vn 0.9579185247421264 -0.20312099158763884 -0.20281523466110228
vn 0.9579185843467712 -0.20312097668647768 -0.20281523466110228
vn 0.95791846513748176 -0.20312097668647768 -0.20281523466110228
vn -0.08862654119729996 -0.17092294991016388 -0.981290340423584
vn -0.08862654119729996 -0.17092294991016388 -0.9812902808189392
vn -0.08862653374671936 -0.17092293500900268 -0.9812902212142944
vn -0.00658224988728761 -0.50688183307647704 -0.86199045181274416
vn -0.0065822503529489 -0.50688183307647704 -0.86199045181274416
vn -0.00658224988728761 -0.50688183307647704 -0.86199045181274416
vn -0.31130135059356688 0.61106318235397336 0.72780019044876096
vn -0.31130138039588928 0.61106324195861816 0.72780030965805056
vn -0.31130138039588928 0.61106324195861816 0.72780025005340576
vn -0.301591157913208 0.64139193296432496 0.70544964075088504
vn -0.301591157913208 0.64139193296432496 0.70544970035552976
vn -0.301591157913208 0.64139193296432496 0.70544970035552976
vn -0.32705673575401308 -0.10902735590934754 -0.93869429826736448
vn -0.32705670595169068 -0.10902734845876694 -0.93869423866271968
vn -0.32705670595169068 -0.10902734845876694 -0.93869429826736448
vn -0.21799330413341524 0.52289927005767824 -0.82404804229736336
vn -0.2179933339357376 0.52289932966232296 -0.824048101902008
vn -0.2179933339357376 0.52289932966232296 -0.824048101902008
vn -0.97643500566482544 -0.03686853125691414 -0.21263891458511352
vn -0.97643500566482544 -0.03686853125691414 -0.21263889968395232
vn -0.97643506526947024 -0.03686853498220443 -0.21263892948627472
vn -0.96533882617950432 -0.22112059593200684 -0.13866040110588074
vn -0.96533870697021488 -0.22112058103084564 -0.13866038620471954
vn -0.96533882617950432 -0.22112062573432924 -0.13866040110588074
vn 0.6321420073509216 0.64545947313308712 0.42869389057159424
vn 0.6321420073509216 0.64545947313308712 0.42869392037391664
vn 0.6321420073509216 0.6454594135284424 0.42869392037391664
vn 0.84960889816284176 0.49923413991928104 0.17008838057518006
vn 0.84960889816284176 0.49923413991928104 0.17008838057518006
vn 0.84960883855819696 0.49923411011695864 0.17008838057518006
vn 0.44077137112617496 -0.17028890550136566 0.8813185095787048
vn 0.44077140092849728 -0.17028892040252686 0.88131844997406
vn 0.44077140092849728 -0.17028892040252686 0.88131844997406
vn 0.42926284670829776 -0.5151164531707764 0.74188172817230224
vn 0.42926284670829776 -0.5151164531707764 0.74188172817230224
vn 0.42926284670829776 -0.5151164531707764 0.74188178777694704
vn -0.77144873142242432 -0.45695409178733824 -0.44278660416603088
vn -0.77144867181777952 -0.45695400238037112 -0.44278654456138608
vn -0.77144867181777952 -0.45695403218269352 -0.44278654456138608
vn -0.66215318441390992 -0.73468160629272464 -0.14763528108596802
vn -0.66215318441390992 -0.73468154668807984 -0.14763526618480682
vn -0.66215318441390992 -0.73468154668807984 -0.14763528108596802
vn -0.87913554906845088 -0.1695999801158905 0.44537243247032168
vn -0.87913548946380608 -0.1695999652147293 0.44537240266799928
vn -0.87913554906845088 -0.1695999652147293 0.44537240266799928
vn -0.93903583288192752 -0.280918687582016 -0.19823330640792848
vn -0.93903583288192752 -0.28091871738433836 -0.19823332130908968
vn -0.93903583288192752 -0.28091871738433836 -0.19823332130908968
vn -0.60191625356674192 0.67738306522369384 -0.42290535569190976
vn -0.60191625356674192 0.67738306522369384 -0.42290538549423216
vn -0.60191625356674192 0.67738306522369384 -0.42290535569190976
vn -0.35602748394012452 0.89415836334228512 -0.27152392268180848
vn -0.35602748394012452 0.89415836334228512 -0.27152392268180848
vn -0.35602748394012452 0.89415836334228512 -0.27152389287948608
vn -0.78579074144363408 -0.38660705089569088 -0.48277109861373904
vn -0.78579074144363408 -0.38660705089569088 -0.48277109861373904
vn -0.78579068183898928 -0.38660702109336856 -0.48277103900909424
vn -0.77567982673645024 0.04065574333071708 -0.62981569766998288
vn -0.77567988634109504 0.04065574333071708 -0.62981575727462768
vn -0.77567982673645024 0.04065574333071708 -0.62981575727462768
vn -0.18731422722339632 -0.97907996177673344 0.07947362214326859
vn -0.18731421232223512 -0.97907984256744384 0.07947361469268799
vn -0.18731422722339632 -0.97907984256744384 0.07947362214326859
vn 0.14591127634048462 -0.98565816879272464 -0.08478181809186935
vn 0.14591126143932342 -0.98565810918807984 -0.08478181064128876
vn 0.14591127634048462 -0.98565810918807984 -0.08478181064128876
vn -0.61789441108703616 0.69175970554351808 -0.3737309277057648
vn -0.61789447069168088 0.69175970554351808 -0.3737309277057648
vn -0.61789447069168088 0.69175976514816288 -0.3737308979034424
vn -0.706538200378418 0.48803788423538208 -0.51246744394302368
vn -0.706538200378418 0.48803785443305968 -0.51246744394302368
vn -0.7065381407737732 0.48803779482841488 -0.51246738433837888
vn -0.03905185684561729 0.77829229831695552 -0.62668645381927488
vn -0.03905186057090759 0.77829235792160032 -0.62668651342391968
vn -0.03905185684561729 0.77829229831695552 -0.62668651342391968
vn -0.25994399189949036 0.83461368083953856 -0.4856431484222412
vn -0.25994396209716796 0.83461356163024896 -0.4856431484222412
vn -0.25994396209716796 0.83461356163024896 -0.4856431484222412
vn -0.13356898725032806 0.89847159385681152 0.41822013258934024
vn -0.13356900215148926 0.89847165346145632 0.41822019219398496
vn -0.13356898725032806 0.89847159385681152 0.41822013258934024
vn -0.38604962825775144 0.61157053709030152 0.6906136870384216
vn -0.38604962825775144 0.61157053709030152 0.69061362743377688
vn -0.38604962825775144 0.61157053709030152 0.69061362743377688
vn -0.72026294469833376 -0.33894547820091248 0.60525798797607424
vn -0.72026294469833376 -0.33894547820091248 0.60525804758071896
vn -0.72026294469833376 -0.33894547820091248 0.60525804758071896
vn -0.38842421770095824 -0.15844926238059998 0.90775573253631584
vn -0.38842421770095824 -0.15844924747943878 0.90775573253631584
vn -0.38842421770095824 -0.15844923257827758 0.9077556729316712
vn 0.14569070935249328 0.52554732561111448 -0.8381969332695008
vn 0.14569072425365448 0.52554732561111448 -0.8381969332695008
vn 0.14569072425365448 0.52554738521575928 -0.83819699287414544
vn 0.6464688181877136 0.36359831690788272 -0.67072677612304688
vn 0.64646875858306888 0.36359825730323792 -0.67072671651840208
vn 0.6464688777923584 0.36359831690788272 -0.67072677612304688
vn 0.50650990009307864 -0.69468390941619872 0.51074635982513424
vn 0.50650990009307864 -0.69468402862548832 0.51074641942977904
vn 0.50650984048843384 -0.69468396902084352 0.51074635982513424
vn -0.03794462233781814 -0.78178048133850096 0.62239819765090944
vn -0.03794462233781814 -0.78178048133850096 0.62239825725555416
vn -0.03794462233781814 -0.78178054094314576 0.62239819765090944
vn 0.8864046931266784 0.25042828917503356 0.3893228769302368
vn 0.8864046931266784 0.25042828917503356 0.3893228769302368
vn 0.8864046931266784 0.25042828917503356 0.3893229067325592
vn 0.83450341224670416 0.4024290144443512 0.3763707876205444
vn 0.83450341224670416 0.4024290144443512 0.37637075781822208
vn 0.83450341224670416 0.4024290144443512 0.37637075781822208
vn 0.86981719732284544 -0.18884211778640748 0.45580330491065976
vn 0.86981725692749024 -0.18884213268756868 0.45580336451530456
vn 0.86981719732284544 -0.18884213268756868 0.45580330491065976
vn 0.72692644596099856 0.1490122526884079 0.67035311460494992
vn 0.72692638635635376 0.1490122377872467 0.67035311460494992
vn 0.72692650556564336 0.1490122526884079 0.67035317420959472
vn -0.95001751184463504 0.3119623064994812 0.01209358964115381
vn -0.95001751184463504 0.3119623064994812 0.01209358964115381
vn -0.95001751184463504 0.3119623064994812 0.01209358964115381
vn -0.9742915034294128 -0.02486652508378029 -0.22391447424888612
vn -0.9742915034294128 -0.02486652135848999 -0.22391444444656372
vn -0.9742915630340576 -0.02486652508378029 -0.22391448915004732
vn -0.1640331745147705 0.9671088457107544 0.19440582394599916
vn -0.1640331745147705 0.9671088457107544 0.19440582394599916
vn -0.1640331745147705 0.9671088457107544 0.19440582394599916
vn -0.1074964851140976 0.99182075262069696 -0.06881906092166901
vn -0.107496477663517 0.99182075262069696 -0.06881906092166901
vn -0.1074964702129364 0.99182069301605232 -0.06881906092166901
vn 0.5548869967460632 -0.35928285121917724 -0.75034409761428832
vn 0.55488693714141848 -0.35928285121917724 -0.75034409761428832
vn 0.55488693714141848 -0.35928285121917724 -0.75034409761428832
vn 0.8106397986412048 -0.28503060340881348 -0.51148855686187744
vn 0.8106398582458496 -0.28503060340881348 -0.51148855686187744
vn 0.8106398582458496 -0.28503063321113588 -0.51148855686187744
vn 0.13534654676914216 0.65554523468017576 0.74292790889739984
vn 0.13534653186798096 0.65554517507553104 0.7429278492927552
vn 0.13534654676914216 0.65554523468017576 0.74292790889739984
vn -0.14377601444721222 0.68178862333297728 0.71728146076202392
vn -0.14377601444721222 0.68178862333297728 0.71728146076202392
vn -0.14377601444721222 0.68178862333297728 0.71728146076202392
vn -0.80095374584198 0.02044395171105861 0.598376989364624
vn -0.8009538054466248 0.02044395171105861 0.598376989364624
vn -0.8009538650512696 0.02044395171105861 0.598376989364624
vn -0.8811017274856568 0.36406067013740536 0.30186024308204652
vn -0.881101667881012 0.36406064033508304 0.30186021327972412
vn -0.881101667881012 0.36406064033508304 0.30186021327972412
vn -0.69338923692703248 0.55587315559387208 0.45849353075027464
vn -0.69338923692703248 0.55587321519851688 0.45849359035491944
vn -0.69338929653167728 0.55587321519851688 0.45849356055259704
vn -0.93173301219940192 0.35839661955833436 0.05852730572223663
vn -0.93173301219940192 0.35839661955833436 0.05852730199694633
vn -0.93173307180404656 0.35839661955833436 0.05852730944752693
vn -0.67769736051559448 0.01785051077604293 -0.73512428998947136
vn -0.67769730091094968 0.01785050891339779 -0.73512428998947136
vn -0.67769730091094968 0.01785051263868808 -0.73512428998947136
vn -0.4188649654388428 -0.05350930616259575 -0.90647059679031376
vn -0.4188649356365204 -0.05350929871201515 -0.90647053718566896
vn -0.4188649356365204 -0.05350929871201515 -0.90647047758102416
vn 0.539867639541626 0.7804924845695496 0.31523701548576356
vn 0.5398675799369812 0.7804924845695496 0.31523701548576356
vn 0.539867639541626 0.7804925441741944 0.31523704528808592
vn 0.0440794788300991 0.96380740404129024 0.26293009519577028
vn 0.0440794788300991 0.96380746364593504 0.26293012499809264
vn 0.0440794825553894 0.96380752325057984 0.26293012499809264
vn -0.27736178040504456 0.14337052404880524 0.95000803470611568
vn -0.27736178040504456 0.14337052404880524 0.95000809431076048
vn -0.27736178040504456 0.14337052404880524 0.95000803470611568
vn -0.04793419688940048 -0.1267775297164917 0.99077236652374272
vn -0.04793419316411018 -0.1267775297164917 0.99077224731445312
vn -0.04793419316411018 -0.1267775297164917 0.99077230691909792
vn 0.70501959323883056 -0.70626080036163328 0.06436598300933838
vn 0.70501959323883056 -0.70626085996627808 0.06436598300933838
vn 0.70501953363418576 -0.70626080036163328 0.06436598300933838
vn 0.69199568033218384 -0.72101581096649168 -0.03575266525149345
vn 0.69199568033218384 -0.72101581096649168 -0.03575265780091285
vn 0.69199562072753904 -0.72101575136184688 -0.03575265780091285
vn -0.19472916424274444 -0.17267385125160218 -0.96553832292556768
vn -0.19472916424274444 -0.17267388105392456 -0.96553838253021248
vn -0.19472916424274444 -0.17267386615276336 -0.96553838253021248
vn -0.23359134793281556 -0.49658322334289552 -0.8359665274620056
vn -0.23359134793281556 -0.49658331274986264 -0.8359665870666504
vn -0.23359136283397676 -0.49658334255218504 -0.8359666466712952
vn -0.28630685806274416 0.19904673099517824 0.9372346997261048
vn -0.28630685806274416 0.19904671609401704 0.93723464012146
vn -0.28630685806274416 0.19904673099517824 0.9372346997261048
vn -0.52881222963333128 0.6035195589065552 0.59675943851470944
vn -0.52881217002868656 0.6035195589065552 0.59675943851470944
vn -0.52881217002868656 0.6035195589065552 0.59675943851470944
vn -0.04013413190841675 -0.96263176202774048 -0.26782333850860596
vn -0.04013413563370704 -0.96263176202774048 -0.26782333850860596
vn -0.04013413190841675 -0.96263182163238528 -0.26782333850860596
vn 0.40784323215484616 -0.87438929080963136 -0.26288241147994996
vn 0.40784326195716856 -0.87438935041427616 -0.26288244128227232
vn 0.40784323215484616 -0.87438929080963136 -0.26288241147994996
vn 0.60876411199569704 0.05501795932650566 0.79144138097763056
vn 0.60876405239105224 0.05501795560121536 0.79144138097763056
vn 0.60876405239105224 0.05501795932650566 0.79144132137298576
vn -0.03260369226336479 -0.0938343107700348 0.99505382776260368
vn -0.03260368853807449 -0.0938342958688736 0.99505376815795904
vn -0.03260369226336479 -0.0938343107700348 0.99505388736724848
vn 0.60502469539642336 0.06180097907781601 0.79380470514297488
vn 0.60502469539642336 0.06180097907781601 0.79380464553833008
vn 0.60502463579177856 0.06180097162723541 0.79380464553833008
vn 0.76751971244812016 -0.05742356181144714 0.6384480595588684
vn 0.76751977205276496 -0.05742356181144714 0.6384481191635132
vn 0.76751971244812016 -0.05742356181144714 0.6384481191635132
vn 0.8766062259674072 0.4270349442958832 -0.22181689739227296
vn 0.8766061663627624 0.4270348846912384 -0.22181688249111176
vn 0.8766062259674072 0.4270349144935608 -0.22181688249111176
vn 0.80442160367965696 0.54645687341690064 -0.23300383985042572
vn 0.80442166328430176 0.54645687341690064 -0.23300383985042572
vn 0.80442166328430176 0.54645687341690064 -0.23300385475158692
vn 0.1321922093629837 0.7886651754379272 -0.6004435420036316
vn 0.1321922093629837 0.788665235042572 -0.6004436016082764
vn 0.1321922093629837 0.788665235042572 -0.6004435420036316
vn 0.08178368955850601 0.50729197263717648 -0.85788470506668096
vn 0.08178368955850601 0.50729197263717648 -0.85788470506668096
vn 0.08178370445966721 0.50729203224182128 -0.8578848242759704
vn 0.40592855215072632 0.4796423614025116 0.77792364358901984
vn 0.40592858195304872 0.4796423614025116 0.77792364358901984
vn 0.40592858195304872 0.4796423614025116 0.77792364358901984
vn 0.50000745058059696 0.12768320739269256 0.85655677318572992
vn 0.50000745058059696 0.12768320739269256 0.85655677318572992
vn 0.50000745058059696 0.12768322229385376 0.85655677318572992
vn 0.3569214940071106 0.79404693841934208 -0.49203294515609744
vn 0.3569214940071106 0.79404705762863152 -0.49203297495841976
vn 0.3569214940071106 0.79404699802398688 -0.49203294515609744
vn 0.80957001447677616 0.53564888238906864 -0.24015919864177704
vn 0.80957007408142096 0.53564894199371336 -0.24015919864177704
vn 0.80957007408142096 0.53564900159835816 -0.24015921354293824
vn -0.06003323569893837 -0.51203429698944088 0.85686457157135008
vn -0.06003323569893837 -0.51203429698944088 0.85686457157135008
vn -0.06003323569893837 -0.51203429698944088 0.85686457157135008
vn -0.07534059882164001 -0.37054759263992312 0.92575275897979744
vn -0.07534060627222061 -0.37054759263992312 0.92575281858444208
vn -0.07534061372280121 -0.37054759263992312 0.92575287818908688
vn -0.03244565427303314 0.90761703252792352 0.4185433089733124
vn -0.03244565799832344 0.90761703252792352 0.4185433387756348
vn -0.03244566172361374 0.90761703252792352 0.41854336857795712
vn 0.12041636556386948 0.89223068952560432 0.43522900342941288
vn 0.12041636556386948 0.89223068952560432 0.43522900342941288
vn 0.12041636556386948 0.89223074913024896 0.43522900342941288
vn -0.59639441967010496 0.67944306135177616 -0.427400141954422
vn -0.59639447927474976 0.67944306135177616 -0.4274001717567444
vn -0.59639441967010496 0.67944306135177616 -0.427400141954422
vn -0.82922059297561648 0.39832857251167296 -0.39208096265792848
vn -0.82922059297561648 0.39832866191864016 -0.39208099246025088
vn -0.82922065258026128 0.39832863211631776 -0.39208099246025088
vn 0.66861796379089352 -0.62071764469146728 0.4094625413417816
vn 0.66861796379089352 -0.62071770429611208 0.409462571144104
vn 0.6686179041862488 -0.62071764469146728 0.4094625413417816
vn 0.73804229497909552 -0.5703842639923096 0.36049327254295352
vn 0.73804223537445072 -0.5703842043876648 0.36049324274063112
vn 0.73804229497909552 -0.5703842639923096 0.36049327254295352
vn -0.09401965886354446 0.20886383950710296 -0.97341465950012208
vn -0.09401966631412506 0.20886385440826416 -0.97341471910476688
vn -0.09401966631412506 0.20886385440826416 -0.97341477870941168
vn 0.11824559420347214 0.13964666426181794 -0.98311591148376464
vn 0.11824559420347214 0.13964666426181794 -0.98311585187911984
vn 0.11824560165405274 0.13964666426181794 -0.98311585187911984
vn 0.32927376031875612 -0.64880400896072384 0.68602633476257328
vn 0.32927379012107848 -0.64880406856536864 0.68602633476257328
vn 0.32927376031875612 -0.64880400896072384 0.68602633476257328
vn 0.32029852271080016 -0.37558683753013608 0.86968010663986208
vn 0.3202984929084778 -0.37558680772781376 0.86967998743057248
vn 0.32029855251312256 -0.37558683753013608 0.86968004703521728
vn 0.07569855451583862 -0.72368848323822016 -0.68596267700195312
vn 0.07569854706525803 -0.72368842363357536 -0.68596261739730832
vn 0.07569855451583862 -0.72368848323822016 -0.68596267700195312
vn 0.03624408692121505 -0.7430285811424256 -0.66827762126922608
vn 0.03624408692121505 -0.7430285215377808 -0.66827750205993656
vn 0.03624409064650535 -0.7430285811424256 -0.66827762126922608
vn -0.74816334247589104 -0.20072850584983824 0.63242357969284056
vn -0.74816346168518064 -0.20072852075099944 0.63242363929748536
vn -0.74816340208053584 -0.20072850584983824 0.63242357969284056
vn -0.39858618378639224 0.07543561607599258 0.91402322053909296
vn -0.39858621358871456 0.07543562352657318 0.91402333974838256
vn -0.39858618378639224 0.07543562352657318 0.91402328014373776
vn -0.30226328969001772 0.8145809769630432 0.49507042765617368
vn -0.30226328969001772 0.814581036567688 0.49507042765617368
vn -0.30226331949234008 0.814581036567688 0.49507045745849608
vn -0.55124598741531376 0.75721502304077152 0.35036131739616396
vn -0.55124610662460328 0.75721514225006096 0.35036134719848632
vn -0.55124610662460328 0.75721514225006096 0.35036134719848632
vn 0.37068143486976624 0.80502742528915408 0.46316951513290408
vn 0.37068143486976624 0.80502742528915408 0.46316951513290408
vn 0.37068146467208864 0.80502748489379888 0.46316954493522648
vn 0.62452876567840576 0.68182718753814696 0.38088783621788024
vn 0.62452876567840576 0.68182712793350216 0.38088780641555784
vn 0.62452876567840576 0.68182718753814696 0.38088783621788024
vn -0.70449566841125488 -0.2370194047689438 -0.66896015405654904
vn -0.70449572801589968 -0.2370194047689438 -0.66896015405654904
vn -0.70449566841125488 -0.2370194047689438 -0.66896015405654904
vn -0.86223584413528448 -0.20147526264190672 -0.46471181511878968
vn -0.86223584413528448 -0.20147526264190672 -0.46471178531646728
vn -0.86223578453063968 -0.20147526264190672 -0.46471175551414488
vn -0.21986329555511476 0.86107385158538816 -0.45848900079727176
vn -0.21986328065395356 0.86107373237609856 -0.45848894119262696
vn -0.21986326575279236 0.86107373237609856 -0.45848894119262696
vn -0.2514861822128296 0.93515598773956304 -0.24947498738765716
vn -0.25148621201515196 0.93515604734420784 -0.24947501718997956
vn -0.25148621201515196 0.93515604734420784 -0.24947503209114076
vn 0.06874486058950424 -0.7164422273635864 -0.69425117969512936
vn 0.06874486058950424 -0.7164422869682312 -0.69425117969512936
vn 0.06874486058950424 -0.7164422869682312 -0.69425117969512936
vn 0.18149790167808532 -0.63108819723129272 -0.75417912006378176
vn 0.18149790167808532 -0.63108819723129272 -0.75417912006378176
vn 0.18149790167808532 -0.63108819723129272 -0.75417912006378176
vn -0.26990845799446104 0.44168052077293392 -0.85560959577560432
vn -0.26990845799446104 0.44168055057525632 -0.85560965538024896
vn -0.26990848779678344 0.44168055057525632 -0.85560959577560432
vn -0.50620085000991824 0.46137493848800656 -0.72862464189529424
vn -0.50620085000991824 0.46137493848800656 -0.72862464189529424
vn -0.50620085000991824 0.46137490868568424 -0.72862458229064944
vn 0.88323515653610224 0.23687778413295744 0.40470293164253232
vn 0.88323521614074704 0.23687781393527984 0.40470299124717712
vn 0.88323515653610224 0.23687781393527984 0.40470299124717712
vn 0.88373136520385744 0.27399465441703796 0.37940186262130736
vn 0.88373136520385744 0.27399465441703796 0.37940186262130736
vn 0.88373136520385744 0.27399462461471556 0.37940183281898496
vn 0.94367378950119024 0.15682180225849152 -0.2913532555103302
vn 0.94367378950119024 0.15682180225849152 -0.2913532555103302
vn 0.94367367029190064 0.15682178735733032 -0.2913532257080078
vn 0.85593515634536736 0.4023873209953308 -0.32474538683891296
vn 0.85593509674072272 0.4023873209953308 -0.32474541664123536
vn 0.85593515634536736 0.4023873507976532 -0.32474541664123536
vn -0.1793321967124939 -0.93530017137527472 0.30504667758941652
vn -0.1793321967124939 -0.93530017137527472 0.30504667758941652
vn -0.1793321967124939 -0.93530017137527472 0.30504670739173888
vn -0.18889041244983672 -0.93414759635925296 0.302801251411438
vn -0.18889041244983672 -0.93414765596389776 0.302801251411438
vn -0.18889041244983672 -0.93414765596389776 0.30280128121376036
vn -0.13414493203163146 0.3552769720554352 -0.9250856637954712
vn -0.13414493203163146 0.35527700185775756 -0.9250855445861816
vn -0.13414493203163146 0.35527700185775756 -0.9250856041908264
vn 0.05975453555583954 0.43993690609931944 -0.89603841304779056
vn 0.05975453183054924 0.43993693590164184 -0.89603841304779056
vn 0.05975453555583954 0.43993696570396424 -0.89603847265243536
vn -0.99835914373397824 0.0234875064343214 0.05222417041659355
vn -0.99835908412933344 0.02348750457167625 0.05222417041659355
vn -0.99835908412933344 0.02348750457167625 0.05222417041659355
vn -0.88093322515487664 -0.00538451736792922 0.47321006655693056
vn -0.8809331059455872 -0.00538451690226793 0.47321003675460816
vn -0.880933165550232 -0.0053845178335905 0.47321006655693056
vn -0.96381950378417968 -0.22109383344650268 -0.1488938182592392
vn -0.96381956338882448 -0.22109384834766388 -0.1488938331604004
vn -0.96381950378417968 -0.22109383344650268 -0.1488938182592392
vn -0.97030049562454224 -0.1041659340262413 -0.21832627058029176
vn -0.97030049562454224 -0.1041659340262413 -0.21832627058029176
vn -0.97030049562454224 -0.1041659340262413 -0.21832627058029176
vn -0.97686350345611568 -0.08774752169847488 -0.19503328204154968
vn -0.97686344385147088 -0.08774752169847488 -0.19503326714038848
vn -0.97686356306076048 -0.08774752914905548 -0.19503326714038848
vn -0.90722876787185664 0.13749253749847412 -0.39753216505050656
vn -0.90722870826721184 0.13749252259731292 -0.39753216505050656
vn -0.90722876787185664 0.13749253749847412 -0.39753222465515136
vn -0.10240267217159272 0.99219220876693728 -0.07119164615869522
vn -0.10240267217159272 0.99219220876693728 -0.07119164615869522
vn -0.10240266472101212 0.99219220876693728 -0.07119164615869522
vn -0.21348948776721956 0.93808048963546752 -0.27281367778778076
vn -0.21348947286605836 0.93808037042617792 -0.27281367778778076
vn -0.21348947286605836 0.93808043003082272 -0.27281367778778076
vn 0.5474107265472412 -0.5034248232841492 -0.6685093641281128
vn 0.5474108457565308 -0.50342488288879392 -0.6685094237327576
vn 0.5474108457565308 -0.5034248232841492 -0.6685094237327576
vn 0.8046993017196656 -0.17490515112876892 -0.56733351945877072
vn 0.8046992421150208 -0.17490513622760772 -0.56733351945877072
vn 0.8046992421150208 -0.17490513622760772 -0.56733351945877072
vn -0.82194107770919792 0.27530646324157716 -0.49861738085746768
vn -0.82194107770919792 0.27530646324157716 -0.49861741065979
vn -0.82194107770919792 0.27530646324157716 -0.49861738085746768
vn -0.81430137157440192 0.36625880002975464 -0.45029750466346744
vn -0.81430131196975712 0.36625877022743224 -0.45029747486114504
vn -0.81430137157440192 0.36625880002975464 -0.45029753446578976
vn -0.27019643783569336 0.39206108450889584 0.87936455011367792
vn -0.27019643783569336 0.39206108450889584 0.87936449050903328
vn -0.27019643783569336 0.39206108450889584 0.87936455011367792
vn -0.19686813652515412 0.59680455923080448 0.77786070108413696
vn -0.19686810672283172 0.59680455923080448 0.77786064147949216
vn -0.19686813652515412 0.5968046188354492 0.77786070108413696
vn 0.55039519071578976 0.41554713249206544 0.72414475679397584
vn 0.55039525032043456 0.41554716229438784 0.72414475679397584
vn 0.55039525032043456 0.41554716229438784 0.72414481639862064
vn 0.72790473699569696 0.4350411295890808 0.52999430894851688
vn 0.72790473699569696 0.4350411295890808 0.52999430894851688
vn 0.72790473699569696 0.4350411295890808 0.52999430894851688
vn 0.9589030146598816 -0.16666948795318604 -0.22962209582328796
vn 0.9589030742645264 -0.16666948795318604 -0.22962211072444916
vn 0.9589030742645264 -0.16666950285434722 -0.22962211072444916
vn 0.83357650041580208 -0.229353666305542 -0.50254070758819584
vn 0.83357650041580208 -0.229353666305542 -0.50254070758819584
vn 0.83357638120651248 -0.2293536514043808 -0.50254070758819584
vn -0.70885676145553592 -0.32716262340545656 0.62488931417465208
vn -0.70885676145553592 -0.32716265320777892 0.62488943338394168
vn -0.70885676145553592 -0.32716265320777892 0.62488937377929688
vn -0.9301972389221192 -0.16681766510009766 0.3269633650779724
vn -0.9301972389221192 -0.16681766510009766 0.3269633650779724
vn -0.9301971793174744 -0.16681765019893646 0.32696333527565004
vn -0.05203491076827049 0.95504063367843632 0.29187273979187012
vn -0.05203491449356079 0.95504069328308112 0.29187276959419252
vn -0.05203491076827049 0.95504063367843632 0.29187273979187012
vn -0.11873871088027954 0.97558075189590448 0.18477919697761536
vn -0.11873869597911834 0.97558069229125984 0.18477918207645416
vn -0.11873871088027954 0.97558075189590448 0.18477921187877656
vn 0.9016772508621216 0.02013858035206794 0.43194049596786496
vn 0.9016772508621216 0.02013858035206794 0.43194052577018736
vn 0.9016771912574768 0.02013857848942279 0.43194049596786496
vn 0.91248589754104608 -0.39227733016014096 0.11613832414150238
vn 0.91248583793640144 -0.39227730035781864 0.11613832414150238
vn 0.91248583793640144 -0.39227733016014096 0.11613832414150238
vn 0.81236857175827024 -0.40990802645683288 0.41476827859878544
vn 0.81236857175827024 -0.40990802645683288 0.41476824879646304
vn 0.81236851215362544 -0.40990799665451048 0.41476824879646304
vn 0.56427210569381712 -0.62586528062820432 0.53841400146484376
vn 0.56427210569381712 -0.62586528062820432 0.53841400146484376
vn 0.56427210569381712 -0.62586528062820432 0.53841400146484376
vn 0.85018008947372432 0.4997016191482544 0.16580745577812194
vn 0.85018002986907952 0.499701589345932 0.16580745577812194
vn 0.85018002986907952 0.4997016191482544 0.16580745577812194
vn 0.81793755292892464 0.40667197108268736 0.40693482756614688
vn 0.81793761253356928 0.40667200088500976 0.4069348871707916
vn 0.81793755292892464 0.40667197108268736 0.4069348573684692
vn 0.8343176245689392 -0.45680692791938784 -0.308612197637558
vn 0.8343177437782288 -0.45680695772171024 -0.30861222743988036
vn 0.8343176245689392 -0.45680692791938784 -0.30861222743988036
vn 0.71873915195465088 -0.69457280635833744 0.03134729340672493
vn 0.71873909235000608 -0.69457280635833744 0.03134728968143463
vn 0.71873921155929568 -0.69457280635833744 0.03134729340672493
vn -0.34545421600341796 -0.58389484882354736 0.734661877155304
vn -0.34545421600341796 -0.58389484882354736 0.734661877155304
vn -0.34545427560806276 -0.58389490842819216 0.7346619367599488
vn -0.48293787240982056 -0.4263810217380524 0.76483345031738288
vn -0.48293787240982056 -0.4263810217380524 0.76483350992202752
vn -0.48293790221214296 -0.42638108134269712 0.76483350992202752
vn -0.3233536183834076 -0.94625300168991088 -0.0069066877476871
vn -0.3233536183834076 -0.94625300168991088 -0.0069066877476871
vn -0.3233536183834076 -0.94625294208526608 -0.0069066877476871
vn -0.30663752555847168 -0.94265681505203248 -0.13180109858512878
vn -0.30663755536079408 -0.94265681505203248 -0.13180111348628998
vn -0.30663752555847168 -0.94265675544738768 -0.13180109858512878
vn 0.18082948029041292 -0.3053046464920044 0.93492764234542848
vn 0.18082945048809052 -0.305304616689682 0.93492764234542848
vn 0.18082948029041292 -0.3053046464920044 0.93492770195007328
vn 0.21948572993278504 -0.51089268922805784 0.83115261793136592
vn 0.21948571503162384 -0.51089262962341312 0.83115255832672112
vn 0.21948572993278504 -0.51089262962341312 0.83115261793136592
vn 0.64141798019409176 0.1905832886695862 -0.7431427240371704
vn 0.64141792058944704 0.190583273768425 -0.7431426644325256
vn 0.64141792058944704 0.190583273768425 -0.7431426048278808
vn 0.503023624420166 -0.01258824858814478 -0.86418104171752928
vn 0.503023624420166 -0.0125882476568222 -0.86418098211288448
vn 0.503023624420166 -0.0125882476568222 -0.86418104171752928
vn 0.89805334806442256 0.13410922884941102 0.41894504427909848
vn 0.89805334806442256 0.13410922884941102 0.41894501447677616
vn 0.89805334806442256 0.13410922884941102 0.41894501447677616
vn 0.84884929656982416 -0.07419367879629135 0.5234025716781616
vn 0.84884929656982416 -0.07419367879629135 0.5234025716781616
vn 0.84884929656982416 -0.07419367879629135 0.5234025716781616
vn -0.88772702217102048 0.40736764669418336 -0.21445836126804352
vn -0.88772702217102048 0.40736767649650576 -0.21445837616920472
vn -0.88772696256637568 0.40736764669418336 -0.21445836126804352
vn -0.9521737098693848 0.30507615208625792 0.01714100129902362
vn -0.9521737098693848 0.30507615208625792 0.01714099943637848
vn -0.95217365026474 0.30507612228393556 0.01714099943637848
vn -0.01434657350182533 0.9110961556434632 0.41194421052932736
vn -0.0143465744331479 0.9110961556434632 0.41194418072700504
vn -0.01434657350182533 0.9110961556434632 0.41194418072700504
vn -0.18518185615539552 0.81876581907272336 0.54344302415847776
vn -0.18518185615539552 0.81876575946807856 0.54344302415847776
vn -0.18518185615539552 0.81876575946807856 0.54344296455383304
vn 0.26668524742126464 0.7427629828453064 -0.61415147781372072
vn 0.26668524742126464 0.7427629828453064 -0.61415147781372072
vn 0.26668527722358704 0.7427630424499512 -0.61415153741836544
vn 0.1678561121225357 0.75724387168884272 -0.63119417428970336
vn 0.1678561270236969 0.75724387168884272 -0.63119417428970336
vn 0.1678561121225357 0.75724393129348752 -0.63119417428970336
vn -0.1332286149263382 0.90235006809234624 0.4098957180976868
vn -0.13322862982749938 0.90235012769699104 0.40989574790000912
vn -0.13322862982749938 0.90235006809234624 0.4098956882953644
vn -0.2002727836370468 0.79189378023147584 0.57688385248184208
vn -0.20027276873588564 0.79189378023147584 0.57688385248184208
vn -0.2002727836370468 0.79189383983612064 0.5768839120864868
vn -0.34474992752075196 0.87107223272323616 -0.34982949495315552
vn -0.34474992752075196 0.87107223272323616 -0.34982949495315552
vn -0.34474992752075196 0.87107223272323616 -0.34982949495315552
vn -0.47007116675376896 0.75682747364044192 -0.454142302274704
vn -0.47007116675376896 0.75682747364044192 -0.454142302274704
vn -0.47007116675376896 0.75682741403579712 -0.454142302274704
vn 0.44130766391754152 -0.08868670463562012 0.89296263456344608
vn 0.44130769371986392 -0.08868671208620071 0.89296263456344608
vn 0.44130769371986392 -0.08868670463562012 0.89296269416809088
vn 0.42336934804916384 -0.13452355563640594 0.89591389894485472
vn 0.42336937785148624 -0.13452355563640594 0.89591395854949952
vn 0.42336937785148624 -0.13452355563640594 0.89591401815414432
vn -0.82598900794982912 -0.46999767422676088 -0.31119808554649352
vn -0.82598900794982912 -0.46999770402908328 -0.31119811534881592
vn -0.82598906755447392 -0.46999770402908328 -0.31119808554649352
vn -0.84737437963485712 -0.23212288320064544 -0.47757276892662048
vn -0.84737432003021248 -0.23212285339832304 -0.47757270932197568
vn -0.84737432003021248 -0.23212285339832304 -0.47757270932197568
vn -0.29114097356796264 -0.52455186843872072 -0.80005127191543584
vn -0.29114100337028504 -0.52455192804336544 -0.80005139112472528
vn -0.29114100337028504 -0.52455192804336544 -0.80005133152008064
vn -0.4822843670845032 -0.7462934851646424 -0.45874568819999696
vn -0.4822843968868256 -0.74629354476928704 -0.45874571800231936
vn -0.48228442668914792 -0.74629360437393184 -0.45874571800231936
vn -0.15143151581287384 -0.66615879535675048 0.73027455806732176
vn -0.15143153071403504 -0.66615879535675048 0.73027455806732176
vn -0.15143151581287384 -0.66615873575210568 0.73027455806732176
vn -0.03993465378880501 -0.78204870223999024 0.62193644046783448
vn -0.0399346575140953 -0.78204882144927984 0.62193650007247928
vn -0.0399346575140953 -0.78204876184463504 0.62193650007247928
vn 0.6965236067771912 0.02705549262464046 0.7170235514640808
vn 0.69652366638183592 0.02705549448728561 0.7170236110687256
vn 0.69652366638183592 0.02705549448728561 0.7170236110687256
vn 0.71492379903793336 0.04165709018707275 0.6979603171348572
vn 0.71492385864257816 0.04165709391236305 0.6979603171348572
vn 0.71492379903793336 0.04165709018707275 0.6979602575302124
vn 0.08731059730052948 -0.5906682014465332 -0.80217695236206048
vn 0.08731059730052948 -0.5906682014465332 -0.80217695236206048
vn 0.08731059730052948 -0.5906681418418884 -0.80217695236206048
vn 0.02611634880304336 -0.55841183662414552 -0.82915270328521728
vn 0.02611634880304336 -0.55841183662414552 -0.82915270328521728
vn 0.02611634694039821 -0.55841183662414552 -0.82915270328521728
vn 0.59910798072814944 0.64041852951049808 -0.48055562376976016
vn 0.59910798072814944 0.64041852951049808 -0.48055562376976016
vn 0.59910798072814944 0.64041852951049808 -0.48055556416511536
vn 0.60105222463607792 0.62942665815353392 -0.49250203371047976
vn 0.60105222463607792 0.6294265985488892 -0.49250203371047976
vn 0.60105222463607792 0.62942665815353392 -0.49250203371047976
vn 0.01613644883036613 -0.48411330580711368 -0.8748564720153808
vn 0.01613644883036613 -0.48411327600479128 -0.87485641241073616
vn 0.01613644883036613 -0.48411327600479128 -0.8748564720153808
vn -0.20100207626819612 -0.35399046540260316 -0.9133941531181336
vn -0.20100207626819612 -0.35399046540260316 -0.9133941531181336
vn -0.20100207626819612 -0.35399046540260316 -0.9133942127227784
vn -0.98286658525466912 -0.1493472307920456 -0.10802165418863296
vn -0.98286658525466912 -0.1493472158908844 -0.10802164673805236
vn -0.98286658525466912 -0.1493472307920456 -0.10802163928747178
vn -0.9761401414871216 -0.1090756580233574 -0.18775776028633116
vn -0.9761401414871216 -0.1090756580233574 -0.18775774538517
vn -0.9761401414871216 -0.1090756580233574 -0.18775774538517
vn -0.931469976902008 -0.34429889917373656 0.11756674945354462
vn -0.931469976902008 -0.34429889917373656 0.11756675690412522
vn -0.931469976902008 -0.34429889917373656 0.11756674945354462
vn -0.77996432781219488 -0.62580239772796632 0.00519952038303017
vn -0.77996432781219488 -0.62580239772796632 0.00519952038303017
vn -0.77996432781219488 -0.62580239772796632 0.00519951991736888
vn -0.34716662764549256 -0.93039369583129888 -0.11765584349632264
vn -0.34716665744781496 -0.93039375543594368 -0.11765585839748382
vn -0.34716665744781496 -0.93039375543594368 -0.11765585094690322
vn -0.56892359256744384 -0.75665354728698736 -0.32218235731124876
vn -0.56892347335815432 -0.75665348768234256 -0.3221823275089264
vn -0.56892359256744384 -0.75665354728698736 -0.32218235731124876
vn 0.731346309185028 -0.10773935914039612 0.6734424829483032
vn 0.731346309185028 -0.10773935914039612 0.6734424829483032
vn 0.731346309185028 -0.10773935914039612 0.6734424829483032
vn 0.6477961540222168 -0.22899594902992248 0.7265817523002624
vn 0.6477961540222168 -0.22899596393108368 0.7265817523002624
vn 0.6477961540222168 -0.22899596393108368 0.7265817523002624
vn 0.88006407022476192 0.27924862504005432 0.38406693935394288
vn 0.88006412982940672 0.27924862504005432 0.38406693935394288
vn 0.88006401062011712 0.27924859523773192 0.38406690955162048
vn 0.92630964517593376 0.18547725677490236 0.327946275472641
vn 0.92630958557128912 0.18547725677490236 0.32794630527496336
vn 0.92630958557128912 0.18547725677490236 0.327946275472641
vn -0.242185041308403 0.20913586020469664 0.94742208719253536
vn -0.24218502640724184 0.20913586020469664 0.94742208719253536
vn -0.24218499660491944 0.20913584530353548 0.94742196798324592
vn -0.39627677202224728 0.00958387181162834 0.9180811643600464
vn -0.39627674221992496 0.00958387088030576 0.9180811047554016
vn -0.39627671241760256 0.00958386994898319 0.9180810451507568
vn 0.64914035797119144 0.58896619081497192 0.48138925433158872
vn 0.64914035797119144 0.58896619081497192 0.48138922452926632
vn 0.64914035797119144 0.58896625041961672 0.48138925433158872
vn 0.62865006923675536 0.6819923520088196 0.3737454414367676
vn 0.62865000963211056 0.68199223279953 0.3737453818321228
vn 0.62865000963211056 0.68199223279953 0.3737454116344452
vn -0.11659274995326996 0.97827190160751344 -0.17143571376800538
vn -0.11659274250268936 0.97827184200286864 -0.17143569886684418
vn -0.11659275740385056 0.97827190160751344 -0.17143572866916656
vn 0.1677318960428238 0.92435079813003536 -0.34269750118255616
vn 0.16773191094398498 0.92435079813003536 -0.34269753098487856
vn 0.16773191094398498 0.92435079813003536 -0.34269756078720092
vn -0.3807470500469208 0.87980061769485472 0.28457424044609068
vn -0.3807470500469208 0.87980061769485472 0.28457424044609068
vn -0.3807470798492432 0.87980061769485472 0.28457427024841308
vn -0.43783792853355408 0.89904260635375984 0.00451506068930029
vn -0.43783795833587648 0.89904266595840448 0.00451506068930029
vn -0.43783786892890928 0.89904254674911504 0.00451506022363901
vn -0.39933153986930848 0.64212608337402344 0.6543763875961304
vn -0.39933153986930848 0.64212614297866824 0.6543763279914856
vn -0.39933151006698608 0.64212608337402344 0.6543763279914856
vn -0.45116430521011352 0.5404953956604004 0.71015191078186032
vn -0.45116430521011352 0.5404952764511108 0.71015191078186032
vn -0.45116430521011352 0.5404953360557556 0.71015191078186032
vn 0.12510541081428528 0.45491078495979312 0.88170564174652096
vn 0.12510539591312408 0.45491075515747072 0.88170558214187616
vn 0.12510541081428528 0.45491081476211544 0.88170570135116576
vn -0.08628524839878082 0.44783803820610048 0.88994145393371584
vn -0.08628525584936142 0.44783803820610048 0.88994151353836064
vn -0.08628526329994202 0.44783806800842288 0.88994157314300544
vn -0.64023983478546144 0.20599779486656188 0.74003905057907104
vn -0.64023989439010624 0.20599779486656188 0.74003905057907104
vn -0.64023989439010624 0.20599779486656188 0.74003905057907104
vn -0.87763607501983648 0.01057317201048135 0.47921106219291688
vn -0.87763607501983648 0.01057317294180393 0.47921106219291688
vn -0.87763607501983648 0.01057317201048135 0.47921109199523928
vn 0.447321742773056 -0.7111061215400696 0.5424310564994812
vn 0.44732171297073368 -0.7111061215400696 0.5424310564994812
vn 0.447321742773056 -0.7111061215400696 0.5424310564994812
vn -0.05987779051065445 -0.96553963422775264 0.25327435135841368
vn -0.05987778678536415 -0.96553963422775264 0.25327435135841368
vn -0.05987777933478355 -0.9655395150184632 0.25327432155609132
vn 0.8226608633995056 -0.45907682180404664 0.33537688851356508
vn 0.8226608037948608 -0.45907679200172424 0.33537688851356508
vn 0.8226608037948608 -0.45907682180404664 0.33537688851356508
vn 0.72538530826568608 -0.55218440294265744 0.41098478436470032
vn 0.72538530826568608 -0.55218446254730224 0.41098481416702272
vn 0.72538530826568608 -0.55218446254730224 0.41098478436470032
vn 0.59588354825973512 -0.2051716148853302 -0.7764195799827576
vn 0.59588348865509032 -0.205171599984169 -0.7764195799827576
vn 0.59588348865509032 -0.2051715850830078 -0.7764195799827576
vn 0.25899654626846312 -0.27533847093582152 -0.92580217123031616
vn 0.25899657607078552 -0.27533847093582152 -0.92580217123031616
vn 0.25899654626846312 -0.27533847093582152 -0.92580217123031616
vn -0.1763131469488144 0.64170175790786744 -0.74641305208206176
vn -0.17631317675113678 0.64170181751251224 -0.74641317129135136
vn -0.1763131469488144 0.64170175790786744 -0.74641305208206176
vn -0.25241512060165404 0.67666161060333248 -0.69167596101760864
vn -0.25241515040397644 0.67666167020797728 -0.69167602062225344
vn -0.25241512060165404 0.67666167020797728 -0.69167596101760864
vn 0.7235942482948304 -0.46077960729599 0.5139004588127136
vn 0.7235941886901856 -0.46077960729599 0.5139004588127136
vn 0.7235941886901856 -0.4607795774936676 0.5139004588127136
vn 0.67467248439788816 -0.35443043708801268 0.64745348691940304
vn 0.67467248439788816 -0.35443040728569032 0.64745348691940304
vn 0.67467254400253296 -0.35443043708801268 0.64745348691940304
vn -0.23533350229263304 0.07762695103883743 0.96880960464477536
vn -0.23533353209495544 0.07762696593999863 0.96880966424942016
vn -0.23533351719379424 0.07762695848941803 0.96880966424942016
vn -0.26282393932342528 0.16774992644786834 0.95014923810958864
vn -0.26282390952110292 0.16774992644786834 0.95014923810958864
vn -0.26282390952110292 0.16774989664554596 0.95014911890029904
vn 0.43602818250656128 -0.85883551836013792 0.26885128021240236
vn 0.43602818250656128 -0.85883551836013792 0.26885128021240236
vn 0.43602818250656128 -0.85883551836013792 0.26885128021240236
vn 0.67326480150222776 -0.62176692485809328 0.40015053749084472
vn 0.67326486110687256 -0.621766984462738 0.40015056729316712
vn 0.67326474189758304 -0.62176692485809328 0.40015050768852232
vn -0.69635570049285888 0.30213692784309388 -0.65100073814392088
vn -0.69635576009750368 0.30213692784309388 -0.65100079774856568
vn -0.69635576009750368 0.30213692784309388 -0.65100073814392088
vn -0.7004395127296448 0.29068240523338316 -0.65183454751968384
vn -0.700439453125 0.29068240523338316 -0.65183454751968384
vn -0.7004395127296448 0.29068240523338316 -0.65183454751968384
vn -0.71133297681808472 0.08628431707620621 0.6975387930870056
vn -0.71133297681808472 0.08628431707620621 0.6975387930870056
vn -0.71133297681808472 0.08628431707620621 0.6975387930870056
vn -0.60697478055953976 -0.01902886293828487 0.79449325799942016
vn -0.60697478055953976 -0.01902886293828487 0.79449325799942016
vn -0.60697478055953976 -0.01902886293828487 0.79449325799942016
vn -0.73601365089416496 0.49285688996315 -0.4640862047672272
vn -0.73601365089416496 0.49285688996315 -0.4640861749649048
vn -0.73601371049880976 0.4928569197654724 -0.4640862047672272
vn -0.42931112647056576 0.7123249173164368 -0.55523425340652464
vn -0.42931118607521056 0.71232497692108152 -0.55523431301116944
vn -0.42931118607521056 0.71232497692108152 -0.55523431301116944
vn -0.45478212833404544 0.31646624207496644 -0.83247965574264528
vn -0.45478212833404544 0.3164662718772888 -0.83247971534729008
vn -0.45478215813636776 0.3164662718772888 -0.83247971534729008
vn -0.27202919125556944 0.44901275634765624 -0.85110962390899664
vn -0.27202919125556944 0.44901278614997864 -0.85110968351364128
vn -0.27202919125556944 0.44901281595230104 -0.85110962390899664
vn 0.06814742833375931 -0.6013144254684448 -0.79610103368759152
vn 0.06814742833375931 -0.6013144850730896 -0.79610103368759152
vn 0.06814742833375931 -0.6013144850730896 -0.79610103368759152
vn 0.20144912600517272 -0.6382619738578796 -0.74299389123916624
vn 0.20144911110401152 -0.6382619738578796 -0.74299395084381104
vn 0.20144911110401152 -0.6382619738578796 -0.74299389123916624
vn -0.84958010911941536 0.3810443878173828 0.36471742391586304
vn -0.84958010911941536 0.3810444176197052 0.36471742391586304
vn -0.84958004951477056 0.3810444176197052 0.36471742391586304
vn -0.7267853617668152 0.5426103472709656 0.42113786935806272
vn -0.7267853617668152 0.5426103472709656 0.42113789916038512
vn -0.7267853021621704 0.5426103472709656 0.42113783955574032
vn 0.32238221168518068 0.336946040391922 0.88461130857467648
vn 0.32238218188285828 0.336946040391922 0.88461130857467648
vn 0.32238218188285828 0.3369460105895996 0.88461124897003168
vn 0.5545955300331116 0.05460302904248238 0.83032661676406864
vn 0.5545954704284668 0.05460302904248238 0.83032661676406864
vn 0.5545955300331116 0.05460303276777267 0.83032661676406864
vn -0.82542926073074336 -0.1226770207285881 -0.55101448297500608
vn -0.82542920112609856 -0.1226770207285881 -0.55101448297500608
vn -0.82542914152145392 -0.12267700582742692 -0.55101448297500608
vn -0.69594734907150272 -0.27988412976264952 -0.6613034009933472
vn -0.69594734907150272 -0.27988412976264952 -0.66130346059799192
vn -0.69594728946685792 -0.27988409996032716 -0.6613034009933472
vn 0.84389692544937136 0.50224936008453368 -0.18863615393638612
vn 0.84389692544937136 0.50224936008453368 -0.18863615393638612
vn 0.84389686584472656 0.50224936008453368 -0.18863615393638612
vn 0.87793385982513424 0.46067237854003904 0.13043445348739624
vn 0.87793385982513424 0.46067240834236144 0.13043445348739624
vn 0.87793380022048944 0.46067237854003904 0.13043443858623504
vn -0.06912253797054291 0.48675173521041872 -0.8708012104034424
vn -0.06912253051996231 0.48675173521041872 -0.8708012104034424
vn -0.06912253797054291 0.48675176501274112 -0.8708012700080872
vn 0.01968656666576862 0.55431079864501952 -0.83207696676254272
vn 0.01968656852841377 0.55431079864501952 -0.83207690715789792
vn 0.01968656666576862 0.55431073904037472 -0.83207690715789792
vn -0.78143525123596192 0.0667816624045372 -0.62040239572525024
vn -0.78143531084060672 0.0667816698551178 -0.62040245532989504
vn -0.78143531084060672 0.0667816624045372 -0.62040239572525024
vn -0.87802988290786736 0.02098830603063106 -0.4781455397605896
vn -0.87802988290786736 0.02098830416798591 -0.4781455099582672
vn -0.87802988290786736 0.02098830416798591 -0.4781455099582672
vn 0.32886603474617004 0.7436715960502624 -0.58206492662429808
vn 0.32886606454849244 0.7436716556549072 -0.58206498622894288
vn 0.32886606454849244 0.743671715259552 -0.58206504583358768
vn 0.28023946285247804 0.5929186940193176 -0.75492596626281744
vn 0.28023946285247804 0.5929187536239624 -0.75492602586746208
vn 0.28023943305015564 0.5929186940193176 -0.75492596626281744
vn -0.40886020660400392 -0.29535076022148132 -0.86348205804824832
vn -0.40886020660400392 -0.29535073041915892 -0.86348193883895872
vn -0.40886017680168152 -0.29535076022148132 -0.86348205804824832
vn -0.24414862692356108 -0.37651410698890688 -0.89366012811660768
vn -0.24414864182472228 -0.376514196395874 -0.89366018772125248
vn -0.24414862692356108 -0.3765141665935516 -0.89366018772125248
vn 0.2588563561439514 -0.76604956388473504 -0.58835494518280032
vn 0.25885632634162904 -0.7660495042800904 -0.58835494518280032
vn 0.25885632634162904 -0.7660495042800904 -0.58835494518280032
vn 0.28163018822669984 -0.94699597358703616 -0.1545415222644806
vn 0.28163018822669984 -0.94699597358703616 -0.1545415222644806
vn 0.28163018822669984 -0.94699591398239136 -0.1545415222644806
vn -0.99035036563873296 0.09104891866445542 -0.10448124259710312
vn -0.99035024642944336 0.09104891121387482 -0.10448123514652252
vn -0.99035030603408816 0.09104890376329422 -0.10448123514652252
vn -0.99845248460769648 0.01687385514378547 0.05299048125743866
vn -0.99845242500305168 0.01687385328114032 0.05299047380685806
vn -0.99845242500305168 0.01687385328114032 0.05299047753214836
vn -0.41368019580841064 -0.86311739683151248 -0.28964981436729432
vn -0.41368019580841064 -0.86311739683151248 -0.28964981436729432
vn -0.41368022561073304 -0.86311745643615728 -0.28964981436729432
vn -0.04395140334963798 -0.7123742699623108 -0.70042216777801512
vn -0.04395140334963798 -0.7123742699623108 -0.70042216777801512
vn -0.04395140334963798 -0.7123742699623108 -0.70042216777801512
vn -0.98236870765686032 0.06436256319284439 -0.17552520334720612
vn -0.98236870765686032 0.06436256319284439 -0.17552520334720612
vn -0.98236876726150512 0.06436256319284439 -0.17552520334720612
vn -0.82118093967437744 0.4368838965892792 -0.36714348196983336
vn -0.82118093967437744 0.4368838965892792 -0.36714351177215576
vn -0.82118088006973264 0.4368838369846344 -0.36714345216751096
vn -0.27288061380386352 -0.86459255218505856 0.42191931605339048
vn -0.27288061380386352 -0.86459255218505856 0.42191931605339048
vn -0.27288061380386352 -0.86459261178970336 0.42191934585571288
vn -0.2175452709197998 -0.71355056762695312 0.66597270965576168
vn -0.217545285820961 -0.71355056762695312 0.66597270965576168
vn -0.217545285820961 -0.71355056762695312 0.66597270965576168
vn 0.51577824354171752 0.82891809940338128 0.21648922562599184
vn 0.51577830314636232 0.82891809940338128 0.2164892554283142
vn 0.51577824354171752 0.82891803979873664 0.21648922562599184
vn 0.48253026604652408 0.75644993782043456 0.44152912497520448
vn 0.4825302958488464 0.75644999742507936 0.44152915477752688
vn 0.4825302958488464 0.75644999742507936 0.44152918457984928
vn -0.73004776239395136 -0.56731456518173216 -0.3810309171676636
vn -0.73004776239395136 -0.56731450557708744 -0.3810309171676636
vn -0.73004776239395136 -0.56731456518173216 -0.3810309171676636
vn -0.66595107316970824 -0.73228687047958368 -0.14235542714595794
vn -0.66595107316970824 -0.73228693008422848 -0.14235542714595794
vn -0.66595107316970824 -0.73228693008422848 -0.14235542714595794
vn -0.45393249392509464 -0.3200184404850006 0.83158493041992192
vn -0.45393249392509464 -0.3200184404850006 0.83158493041992192
vn -0.45393249392509464 -0.3200184404850006 0.83158493041992192
vn -0.62099575996398928 -0.14103221893310546 0.77102148532867424
vn -0.62099570035934448 -0.14103221893310546 0.77102148532867424
vn -0.620995819568634 -0.14103223383426666 0.77102154493331904
vn 0.208500012755394 -0.97662174701690672 0.05232413113117218
vn 0.2084999978542328 -0.97662162780761712 0.05232412740588188
vn 0.208500012755394 -0.97662168741226192 0.05232413113117218
vn 0.22995036840438844 -0.96403050422668464 0.13329729437828064
vn 0.22995032370090484 -0.96403044462203984 0.13329727947711944
vn 0.22995033860206604 -0.96403038501739504 0.13329727947711944
vn -0.12541866302490234 -0.2082573175430298 -0.96999943256378176
vn -0.12541864812374114 -0.2082573175430298 -0.96999949216842656
vn -0.12541866302490234 -0.20825733244419096 -0.96999955177307136
vn -0.1707417219877243 -0.20669488608837128 -0.96339219808578496
vn -0.17074170708656312 -0.20669487118721008 -0.96339213848114016
vn -0.1707417219877243 -0.20669488608837128 -0.96339219808578496
vn -0.37036776542663576 0.91925829648971552 0.13338582217693328
vn -0.37036785483360288 0.91925841569900512 0.13338585197925568
vn -0.37036779522895816 0.91925835609436032 0.13338583707809448
vn -0.24835406243801116 0.96286964416503904 0.10584133863449096
vn -0.24835406243801116 0.96286958456039424 0.10584134608507156
vn -0.24835404753684996 0.96286958456039424 0.10584133863449096
vn -0.52659028768539432 -0.84643471240997312 -0.07906366139650345
vn -0.52659028768539432 -0.84643459320068352 -0.07906366139650345
vn -0.52659028768539432 -0.84643465280532832 -0.07906366139650345
vn -0.336389422416687 -0.9417181015014648 0.00300870789214968
vn -0.3363894522190094 -0.9417182207107544 0.00300870812498033
vn -0.336389422416687 -0.9417181611061096 0.00300870789214968
vn -0.94331830739974976 -0.26612651348114012 -0.19831089675426484
vn -0.94331830739974976 -0.26612651348114012 -0.19831089675426484
vn -0.94331830739974976 -0.26612651348114012 -0.19831089675426484
vn -0.93341183662414544 -0.20051050186157228 -0.29755309224128724
vn -0.93341189622879024 -0.20051051676273344 -0.2975531220436096
vn -0.93341189622879024 -0.20051050186157228 -0.29755309224128724
vn 0.74146187305450432 0.53829014301300048 -0.4005969762802124
vn 0.74146187305450432 0.53829014301300048 -0.4005969762802124
vn 0.74146187305450432 0.53829014301300048 -0.40059694647789
vn 0.77599042654037472 0.4647438824176788 -0.42644119262695312
vn 0.77599042654037472 0.46474382281303408 -0.42644116282463072
vn 0.77599042654037472 0.4647438824176788 -0.42644119262695312
vn 0.40538510680198672 -0.87967634201049808 -0.24866123497486116
vn 0.40538513660430912 -0.87967640161514288 -0.24866124987602232
vn 0.40538513660430912 -0.87967634201049808 -0.24866124987602232
vn 0.42817482352256776 -0.8986178636550904 -0.0956672802567482
vn 0.42817488312721256 -0.89861792325973504 -0.0956672877073288
vn 0.42817488312721256 -0.89861792325973504 -0.0956672951579094
vn -0.7162203788757324 -0.67898058891296384 -0.1612880825996399
vn -0.7162203788757324 -0.67898058891296384 -0.1612880825996399
vn -0.71622031927108768 -0.67898058891296384 -0.1612880825996399
vn -0.89334756135940544 -0.4487150311470032 -0.02418265864253044
vn -0.89334756135940544 -0.4487150311470032 -0.02418266050517559
vn -0.89334756135940544 -0.4487150013446808 -0.02418265864253044
vn -0.45619058609008792 0.41853967308998104 0.78531181812286384
vn -0.45619058609008792 0.41853967308998104 0.78531181812286384
vn -0.45619058609008792 0.41853967308998104 0.78531187772750848
vn -0.65619140863418576 0.26079812645912172 0.7080940008163452
vn -0.65619146823883056 0.26079818606376648 0.7080940008163452
vn -0.65619146823883056 0.26079815626144408 0.7080940008163452
vn 0.94826394319534304 -0.19189478456974028 0.25292661786079408
vn 0.94826394319534304 -0.19189478456974028 0.25292661786079408
vn 0.94826400279998784 -0.19189479947090148 0.25292661786079408
vn 0.97216182947158816 0.00454574730247259 -0.23426640033721924
vn 0.97216182947158816 0.0045457468368113 -0.23426638543605804
vn 0.97216176986694336 0.0045457468368113 -0.23426638543605804
vn 0.8000486493110656 0.01570333167910575 0.59972965717315672
vn 0.80004858970642096 0.01570333167910575 0.59972965717315672
vn 0.8000486493110656 0.01570333167910575 0.599729597568512
vn 0.57891774177551272 0.300423264503479 0.75802391767501824
vn 0.57891768217086792 0.3004232347011566 0.7580238580703736
vn 0.57891768217086792 0.3004232347011566 0.75802391767501824
vn -0.31355807185173036 -0.3257078528404236 -0.89196175336837776
vn -0.31355807185173036 -0.32570788264274596 -0.8919618129730224
vn -0.31355807185173036 -0.3257078528404236 -0.89196175336837776
vn -0.69176048040390016 0.13741713762283326 -0.70893162488937376
vn -0.69176042079925536 0.13741712272167206 -0.70893150568008424
vn -0.69176042079925536 0.13741712272167206 -0.70893156528472904
vn -0.2278617173433304 -0.53159058094024656 0.81577599048614496
vn -0.22786173224449156 -0.53159058094024656 0.81577605009078976
vn -0.2278617173433304 -0.53159058094024656 0.81577605009078976
vn -0.47867110371589664 -0.323298841714859 0.8163037300109864
vn -0.47867119312286376 -0.3232988715171814 0.81630378961563104
vn -0.47867113351821896 -0.3232988715171814 0.8163037300109864
vn -0.97170573472976688 -0.182480126619339 0.14996322989463806
vn -0.97170567512512208 -0.182480126619339 0.14996321499347686
vn -0.97170573472976688 -0.182480126619339 0.14996322989463806
vn -0.89390248060226448 -0.30614808201789856 0.32743209600448608
vn -0.89390248060226448 -0.30614805221557616 0.32743209600448608
vn -0.89390248060226448 -0.30614805221557616 0.32743206620216368
vn 0.55539894104003904 -0.64936304092407224 0.51948010921478272
vn 0.55539888143539432 -0.64936310052871704 0.51948016881942752
vn 0.55539894104003904 -0.64936310052871704 0.51948016881942752
vn 0.6646767258644104 -0.63772797584533688 0.38924032449722288
vn 0.6646766662597656 -0.63772791624069216 0.38924026489257816
vn 0.6646766662597656 -0.63772791624069216 0.38924026489257816
vn 0.5961333513259888 -0.1865932047367096 0.78090202808380128
vn 0.5961333513259888 -0.1865932047367096 0.78090202808380128
vn 0.5961333513259888 -0.1865932196378708 0.78090202808380128
vn 0.50518679618835448 -0.23119430243968964 0.83146584033966064
vn 0.50518685579299928 -0.23119431734085084 0.83146584033966064
vn 0.50518679618835448 -0.23119430243968964 0.83146584033966064
vn 0.3042926788330078 0.7069061994552612 0.63850587606430056
vn 0.30429261922836304 0.70690613985061648 0.63850581645965576
vn 0.30429261922836304 0.70690613985061648 0.63850581645965576
vn 0.2430719882249832 0.74080872535705568 0.6261935234069824
vn 0.2430720180273056 0.74080872535705568 0.626193642616272
vn 0.2430720031261444 0.74080872535705568 0.6261935830116272
vn -0.2253074049949646 -0.56599241495132448 0.79302543401718144
vn -0.2253073751926422 -0.56599235534667968 0.79302543401718144
vn -0.2253073751926422 -0.56599235534667968 0.79302537441253664
vn -0.10861023515462876 -0.6577574014663696 0.74535834789276128
vn -0.10861023515462876 -0.6577574014663696 0.74535834789276128
vn -0.10861023515462876 -0.6577574014663696 0.74535834789276128
vn 0.56470918655395504 -0.62669813632965088 0.53698498010635376
vn 0.56470918655395504 -0.62669819593429568 0.53698498010635376
vn 0.56470924615859984 -0.62669819593429568 0.53698503971099856
vn 0.70865607261657712 -0.343500018119812 0.61629074811935424
vn 0.70865607261657712 -0.34349998831748964 0.61629074811935424
vn 0.70865607261657712 -0.343500018119812 0.61629080772399904
vn -0.63261258602142336 0.7365701794624328 -0.23930254578590392
vn -0.63261258602142336 0.73657006025314336 -0.23930254578590392
vn -0.63261264562606808 0.7365701794624328 -0.23930257558822632
vn -0.8073380589485168 0.5807524919509888 -0.10455489158630372
vn -0.8073380589485168 0.58075255155563352 -0.10455489158630372
vn -0.807337999343872 0.58075255155563352 -0.10455488413572312
vn -0.46084389090538024 0.62254482507705688 0.63250368833541872
vn -0.46084386110305784 0.62254482507705688 0.63250362873077392
vn -0.46084386110305784 0.62254476547241208 0.63250368833541872
vn -0.62450230121612552 0.48091405630111696 0.615401029586792
vn -0.62450236082077024 0.48091411590576168 0.615401029586792
vn -0.62450236082077024 0.48091408610343936 0.615401029586792
vn 0.41322338581085208 -0.068307064473629 0.90806430578231808
vn 0.41322335600852968 -0.0683070570230484 0.90806418657302864
vn 0.41322335600852968 -0.0683070570230484 0.90806418657302864
vn 0.10123936831951142 -0.21813021600246428 0.97065424919128416
vn 0.10123936831951142 -0.21813023090362548 0.97065430879592896
vn 0.10123936831951142 -0.21813021600246428 0.97065430879592896
vn -0.70000100135803224 0.4564363062381744 0.5492399334907532
vn -0.70000094175338744 0.4564363062381744 0.5492399334907532
vn -0.70000094175338744 0.4564363062381744 0.5492399334907532
vn -0.45010802149772648 0.78474086523056032 0.42612758278846744
vn -0.45010799169540408 0.78474074602127072 0.42612752318382264
vn -0.45010796189308168 0.78474074602127072 0.42612752318382264
vn -0.65785944461822512 -0.47858583927154544 -0.5815294981002808
vn -0.65785944461822512 -0.47858583927154544 -0.5815294981002808
vn -0.65785944461822512 -0.47858583927154544 -0.5815294981002808
vn -0.72859972715377808 -0.26863834261894228 -0.63006025552749632
vn -0.72859960794448848 -0.26863834261894228 -0.63006025552749632
vn -0.72859960794448848 -0.26863834261894228 -0.63006025552749632
vn -0.05404575169086456 0.99821978807449344 -0.02522763982415199
vn -0.05404575169086456 0.99821972846984864 -0.02522763982415199
vn -0.05404574796557426 0.99821978807449344 -0.02522764168679714
vn -0.07618246972560883 0.96082228422164912 0.2664896249771118
vn -0.07618246227502823 0.96082228422164912 0.26648959517478944
vn -0.07618246972560883 0.96082234382629392 0.2664896249771118
vn 0.09986921399831772 -0.84894436597824096 0.51895999908447264
vn 0.02644631825387478 -0.80140429735183712 0.59753817319869992
vn 0.1223360225558281 -0.861293077468872 0.49316146969795224
vn 0.09986921399831772 -0.84894436597824096 0.51895999908447264
vn 0.1223360225558281 -0.861293077468872 0.49316146969795224
vn 0.1838010400533676 -0.88957071304321296 0.41818806529045104
vn -0.70376509428024288 -0.36498492956161496 0.60950857400894168
vn -0.70376515388488768 -0.36498492956161496 0.6095086336135864
vn -0.70376509428024288 -0.36498492956161496 0.60950857400894168
vn -0.88193804025650032 -0.44949027895927432 0.1419285386800766
vn -0.88193809986114496 -0.44949027895927432 0.1419285386800766
vn -0.88193809986114496 -0.44949027895927432 0.1419285386800766
vn -0.30968004465103148 0.81459677219390864 0.49043911695480344
vn -0.30968004465103148 0.8145966529846192 0.49043908715248104
vn -0.30968001484870912 0.81459671258926384 0.49043911695480344
vn -0.46597748994827272 0.66628611087799072 0.58217495679855344
vn -0.46597751975059512 0.66628617048263552 0.58217501640319824
vn -0.46597751975059512 0.66628617048263552 0.58217501640319824
vn 0.20288285613059996 -0.6409263610839844 -0.74030518531799312
vn 0.20288287103176116 -0.64092648029327392 -0.74030524492263792
vn 0.20288285613059996 -0.64092642068862912 -0.74030518531799312
vn 0.6462722420692444 -0.62728458642959592 -0.43456438183784488
vn 0.6462723016738892 -0.62728458642959592 -0.4345644116401672
vn 0.6462721824645996 -0.62728458642959592 -0.43456435203552248
vn -0.09151194244623184 -0.35777431726455688 0.92931330204010016
vn -0.09151194244623184 -0.35777431726455688 0.92931324243545536
vn -0.09151194244623184 -0.35777428746223448 0.92931318283081056
vn 0.10442665219306946 -0.25863465666770936 0.96031415462493904
vn 0.10442664474248886 -0.25863465666770936 0.96031409502029424
vn 0.10442666709423066 -0.25863468647003172 0.96031421422958368
vn 0.87886524200439456 0.27826488018035888 0.38751059770584104
vn 0.87886530160903936 0.27826493978500368 0.38751065731048584
vn 0.87886524200439456 0.27826490998268128 0.38751065731048584
vn 0.87833201885223392 0.31844726204872132 0.35654479265213012
vn 0.87833201885223392 0.31844726204872132 0.35654479265213012
vn 0.87833201885223392 0.31844726204872132 0.35654476284980772
vn -0.92841178178787232 -0.03610441461205482 0.36979487538337704
vn -0.92841172218322752 -0.03610441461205482 0.36979487538337704
vn -0.92841160297393792 -0.03610441088676452 0.36979487538337704
vn -0.89849615097045904 0.07885684818029404 0.43184062838554384
vn -0.89849609136581424 0.07885684072971344 0.43184059858322144
vn -0.89849615097045904 0.07885684818029404 0.43184062838554384
vn 0.94804668426513664 -0.19274117052555084 0.25309750437736512
vn 0.94804668426513664 -0.19274118542671204 0.25309750437736512
vn 0.94804674386978144 -0.19274120032787324 0.25309750437736512
vn 0.88623070716857904 -0.23655229806900024 0.39829385280609128
vn 0.88623076677322384 -0.23655231297016144 0.39829391241073608
vn 0.88623076677322384 -0.23655231297016144 0.39829388260841368
vn -0.29209175705909728 0.38628074526786808 0.87491112947463984
vn -0.29209175705909728 0.38628074526786808 0.87491118907928464
vn -0.29209175705909728 0.38628074526786808 0.87491112947463984
vn -0.21637374162673952 0.26289498805999756 0.94024926424026496
vn -0.21637371182441712 0.26289495825767516 0.94024920463562016
vn -0.21637374162673952 0.26289498805999756 0.94024920463562016
vn -0.01132363360375166 0.94919306039810176 -0.31449061632156372
vn -0.01132363267242908 0.94919300079345696 -0.31449061632156372
vn -0.01132363267242908 0.94919300079345696 -0.31449061632156372
vn -0.12740837037563324 0.86195224523544304 -0.49071919918060304
vn -0.12740837037563324 0.86195236444473264 -0.49071925878524784
vn -0.12740838527679444 0.86195230484008784 -0.49071922898292544
vn -0.13241322338581086 -0.45718368887901304 -0.87945997714996336
vn -0.13241320848464966 -0.45718362927436832 -0.87945991754531856
vn -0.13241322338581086 -0.45718368887901304 -0.87945997714996336
vn -0.16384407877922058 -0.49263173341751096 -0.85467487573623664
vn -0.16384407877922058 -0.49263173341751096 -0.85467481613159184
vn -0.16384407877922058 -0.49263173341751096 -0.85467487573623664
vn -0.29663893580436708 0.62474155426025392 0.7222902178764344
vn -0.29663896560668944 0.62474167346954344 0.72229027748107904
vn -0.29663893580436708 0.62474161386489872 0.7222902178764344
vn -0.24192668497562408 0.58812183141708376 0.77174109220504768
vn -0.24192667007446288 0.58812183141708376 0.77174103260040288
vn -0.24192668497562408 0.58812183141708376 0.77174103260040288
vn 0.98171216249465936 0.12804411351680756 -0.14087516069412232
vn 0.98171222209930416 0.12804411351680756 -0.1408751755952835
vn 0.98171216249465936 0.12804411351680756 -0.1408751755952835
vn 0.94755268096923824 0.31108385324478148 -0.07328588515520096
vn 0.94755268096923824 0.31108391284942628 -0.07328589260578156
vn 0.94755268096923824 0.31108388304710388 -0.07328589260578156
vn -0.3346823751926422 -0.94221323728561408 -0.01490253675729036
vn -0.3346823751926422 -0.94221317768096928 -0.01490253675729036
vn -0.33468231558799744 -0.94221305847167968 -0.01490253303200006
vn -0.1586502492427826 -0.96911591291427616 0.18879750370979308
vn -0.1586502492427826 -0.96911591291427616 0.18879751861095428
vn -0.1586502492427826 -0.96911591291427616 0.18879750370979308
vn 0.32124951481819152 0.75968068838119504 -0.56540614366531376
vn 0.32124948501586916 0.75968068838119504 -0.56540614366531376
vn 0.32124945521354676 0.75968062877655024 -0.56540608406066896
vn 0.51989811658859256 0.64464122056961056 -0.56048506498336792
vn 0.51989811658859256 0.64464122056961056 -0.56048506498336792
vn 0.51989817619323728 0.64464128017425536 -0.56048512458801272
vn 0.51477581262588504 0.60088664293289184 0.6115073561668396
vn 0.51477575302124024 0.60088658332824704 0.61150723695755008
vn 0.51477581262588504 0.60088664293289184 0.6115072965621948
vn 0.49303680658340456 0.46677702665328976 0.73418933153152464
vn 0.49303683638572696 0.46677702665328976 0.73418933153152464
vn 0.49303680658340456 0.46677699685096744 0.73418933153152464
vn -0.46501681208610536 0.8852598071098328 0.00863280612975359
vn -0.46501678228378296 0.8852598071098328 0.00863280612975359
vn -0.46501678228378296 0.8852598071098328 0.00863280612975359
vn -0.41681900620460512 0.87628513574600224 -0.24163256585597992
vn -0.41681900620460512 0.87628513574600224 -0.24163258075714112
vn -0.41681900620460512 0.87628513574600224 -0.24163256585597992
vn 0.27415764331817628 0.8244976997375488 -0.4950163662433624
vn 0.27415764331817628 0.824497640132904 -0.4950163662433624
vn 0.27415764331817628 0.824497640132904 -0.4950163960456848
vn 0.28767895698547364 0.9409141540527344 -0.17866575717926026
vn 0.28767892718315124 0.9409141540527344 -0.17866572737693786
vn 0.28767892718315124 0.9409141540527344 -0.17866572737693786
vn -0.42972773313522336 0.71220844984054568 -0.55506157875061032
vn -0.42972776293754576 0.71220844984054568 -0.55506157875061032
vn -0.42972773313522336 0.71220839023590088 -0.55506157875061032
vn -0.31501239538192748 0.83472353219985968 -0.4516678154468536
vn -0.31501236557960512 0.83472353219985968 -0.4516678154468536
vn -0.31501239538192748 0.83472353219985968 -0.4516678154468536
vn 0.57784914970397952 -0.62782180309295656 0.52146923542022704
vn 0.57784920930862424 -0.62782180309295656 0.52146929502487184
vn 0.57784914970397952 -0.62782174348831176 0.52146923542022704
vn 0.30694556236267088 -0.71474903821945192 0.62842524051666256
vn 0.30694553256034852 -0.71474903821945192 0.62842518091201784
vn 0.30694556236267088 -0.71474909782409664 0.62842530012130736
vn 0.3390076458454132 -0.6875978708267212 0.642092764377594
vn 0.33900761604309084 -0.68759775161743168 0.6420927047729492
vn 0.33900761604309084 -0.68759775161743168 0.6420927047729492
vn 0.02203014865517616 -0.65746116638183592 0.75316631793975824
vn 0.02203015051782131 -0.65746122598648072 0.75316631793975824
vn 0.02203014679253101 -0.6574611067771912 0.7531662583351136
vn -0.09047675877809524 0.5610788464546204 -0.82280290126800544
vn -0.09047675132751464 0.5610788464546204 -0.82280284166336064
vn -0.09047675877809524 0.56107890605926512 -0.82280284166336064
vn -0.26740342378616332 0.339341402053833 -0.90185523033142096
vn -0.26740342378616332 0.3393414318561554 -0.90185523033142096
vn -0.26740342378616332 0.339341402053833 -0.90185517072677616
vn -0.04693881049752235 -0.96012020111083984 -0.27561932802200316
vn -0.04693881049752235 -0.96012014150619504 -0.27561932802200316
vn -0.04693881049752235 -0.96012014150619504 -0.27561932802200316
vn -0.12591901421546936 -0.991284430027008 0.03872568160295486
vn -0.12591899931430816 -0.99128437042236336 0.03872567787766456
vn -0.12591899931430816 -0.99128431081771856 0.03872567415237427
vn 0.5481916069984436 -0.27435904741287232 -0.79007154703140256
vn 0.5481916069984436 -0.27435904741287232 -0.79007154703140256
vn 0.5481916666030884 -0.27435904741287232 -0.79007154703140256
vn 0.57272547483444216 -0.51069521903991696 -0.64123004674911496
vn 0.57272541522979736 -0.51069521903991696 -0.64123004674911496
vn 0.57272541522979736 -0.51069521903991696 -0.64123004674911496
vn -0.97924309968948368 -0.1175292655825615 -0.16513584554195404
vn -0.97924304008483888 -0.1175292432308197 -0.16513583064079284
vn -0.97924304008483888 -0.1175292506814003 -0.16513583064079284
vn -0.99966192245483392 0.02302135340869426 0.01208806037902832
vn -0.99966186285018928 0.02302135340869426 0.01208805944770574
vn -0.99966198205947872 0.02302135340869426 0.01208806037902832
vn -0.30767738819122316 0.87526887655258176 0.37314748764038088
vn -0.30767735838890076 0.87526887655258176 0.37314748764038088
vn -0.30767738819122316 0.87526887655258176 0.37314748764038088
vn -0.33083444833755492 0.83660316467285152 0.43662786483764648
vn -0.33083438873291016 0.83660298585891728 0.43662777543067936
vn -0.33083447813987732 0.83660316467285152 0.43662786483764648
vn 0.836881160736084 0.07536038756370544 -0.5421723127365112
vn 0.8368811011314392 0.07536038756370544 -0.5421723127365112
vn 0.8368811011314392 0.07536038756370544 -0.5421723127365112
vn 0.8109362721443176 -0.1923314332962036 -0.5526220202445984
vn 0.8109362125396728 -0.1923314183950424 -0.5526219606399536
vn 0.8109362125396728 -0.1923314332962036 -0.5526219606399536
vn -0.03528185561299324 0.8556352257728576 0.51637542247772216
vn -0.03528185561299324 0.8556352257728576 0.51637542247772216
vn -0.03528185561299324 0.8556352853775024 0.51637542247772216
vn 0.15357151627540588 0.72986197471618656 0.66612112522125248
vn 0.15357151627540588 0.72986191511154176 0.66612106561660768
vn 0.15357151627540588 0.72986197471618656 0.66612112522125248
vn 0.86512464284896848 -0.21242822706699372 0.45434972643852232
vn 0.86512464284896848 -0.21242819726467132 0.45434972643852232
vn 0.86512458324432368 -0.21242819726467132 0.45434969663619992
vn 0.67570358514785768 -0.51129972934722904 0.53103417158126832
vn 0.67570358514785768 -0.51129972934722904 0.53103417158126832
vn 0.67570352554321288 -0.51129972934722904 0.53103417158126832
vn -0.07062219828367233 0.89820146560668944 0.4338738322257996
vn -0.07062220573425293 0.89820152521133424 0.43387386202812192
vn -0.07062220573425293 0.89820152521133424 0.43387392163276672
vn -0.10681699961423874 0.89221501350402832 0.43879655003547672
vn -0.10681699961423874 0.89221501350402832 0.43879649043083192
vn -0.10681700706481934 0.89221513271331792 0.43879655003547672
vn -0.65558105707168576 -0.69130402803421024 -0.30382928252220152
vn -0.65558105707168576 -0.69130402803421024 -0.30382928252220152
vn -0.65558105707168576 -0.69130402803421024 -0.30382928252220152
vn -0.49948340654373168 -0.76421499252319328 -0.40803402662277224
vn -0.49948337674140928 -0.76421499252319328 -0.40803402662277224
vn -0.49948343634605408 -0.76421505212783808 -0.40803402662277224
vn -0.16674549877643586 -0.01567522436380386 0.98587542772293088
vn -0.16674546897411346 -0.01567522250115871 0.98587530851364128
vn -0.16674548387527466 -0.01567522436380386 0.98587536811828608
vn -0.16058187186717988 0.10852498561143876 0.98103815317153936
vn -0.16058188676834106 0.10852498561143876 0.98103815317153936
vn -0.16058187186717988 0.10852497816085816 0.98103815317153936
vn -0.44254761934280392 -0.8907201290130616 -0.1037745550274849
vn -0.44254761934280392 -0.89072018861770624 -0.1037745624780655
vn -0.44254764914512632 -0.89072018861770624 -0.1037745624780655
vn -0.52033030986785888 -0.82484203577041632 0.22111555933952332
vn -0.52033025026321408 -0.82484197616577152 0.22111554443836212
vn -0.52033025026321408 -0.82484197616577152 0.22111555933952332
vn 0.86701899766922 0.1702689379453659 0.46828040480613712
vn 0.8670190572738648 0.1702689379453659 0.46828043460845944
vn 0.86701899766922 0.1702689379453659 0.46828043460845944
vn 0.75493943691253664 0.01375541277229786 0.65565019845962528
vn 0.75493943691253664 0.01375541277229786 0.65565013885498048
vn 0.75493949651718144 0.01375541370362043 0.65565025806427
vn 0.56741559505462648 -0.78098136186599728 0.26097464561462404
vn 0.56741553544998168 -0.78098130226135248 0.26097461581230164
vn 0.56741553544998168 -0.78098130226135248 0.26097461581230164
vn 0.62239855527877808 -0.7787330746650696 0.07870795577764511
vn 0.62239849567413328 -0.7787330150604248 0.07870794832706451
vn 0.62239855527877808 -0.7787331342697144 0.07870795577764511
vn 0.90250992774963376 -0.0755222961306572 0.4239956736564636
vn 0.90250986814498896 -0.0755222961306572 0.4239956736564636
vn 0.90250986814498896 -0.0755222961306572 0.4239956438541412
vn 0.82567155361175536 0.10842246562242508 0.5536344647407532
vn 0.82567149400711056 0.10842245072126388 0.5536344051361084
vn 0.82567155361175536 0.10842246562242508 0.5536344647407532
vn 0.7720502614974976 0.460111141204834 -0.4384474456310272
vn 0.7720502614974976 0.4601111710071564 -0.4384474456310272
vn 0.7720502614974976 0.4601111710071564 -0.4384474456310272
vn 0.89575278759002688 0.1376430094242096 -0.4227072298526764
vn 0.89575278759002688 0.1376430094242096 -0.4227072298526764
vn 0.89575272798538208 0.1376429945230484 -0.422707200050354
vn -0.89754140377044672 -0.44079741835594176 -0.01081406325101852
vn -0.89754140377044672 -0.44079741835594176 -0.01081406325101852
vn -0.89754146337509152 -0.44079747796058656 -0.01081406511366367
vn -0.92334043979644768 -0.28950098156929016 -0.25225323438644408
vn -0.92334038019180304 -0.28950095176696776 -0.25225320458412172
vn -0.92334038019180304 -0.28950098156929016 -0.25225320458412172
vn 0.49686771631240848 0.30570837855339052 0.81219750642776496
vn 0.4968677461147308 0.30570837855339052 0.8121975660324096
vn 0.49686768651008608 0.30570837855339052 0.81219744682312016
vn 0.43757545948028568 0.51454406976699832 0.73740911483764656
vn 0.43757545948028568 0.51454406976699832 0.73740905523300176
vn 0.43757542967796328 0.51454406976699832 0.73740905523300176
vn -0.50207108259201048 -0.34887769818305968 -0.79133361577987664
vn -0.50207108259201048 -0.34887769818305968 -0.79133367538452144
vn -0.50207102298736576 -0.34887766838073732 -0.79133367538452144
vn -0.41119524836540224 -0.2790953516960144 -0.86776965856552128
vn -0.41119527816772464 -0.2790953814983368 -0.86776971817016608
vn -0.41119524836540224 -0.2790953814983368 -0.86776965856552128
vn -0.22455085813999176 -0.789105236530304 -0.57174283266067504
vn -0.22455085813999176 -0.789105236530304 -0.57174283266067504
vn -0.22455084323883056 -0.789105236530304 -0.57174283266067504
vn -0.28914523124694824 -0.754020631313324 -0.58978623151779176
vn -0.28914526104927064 -0.7540206909179688 -0.58978629112243656
vn -0.28914526104927064 -0.7540206909179688 -0.58978635072708128
vn 0.24392786622047424 0.93689244985580448 -0.25046291947364808
vn 0.24392788112163544 0.93689256906509392 -0.25046291947364808
vn 0.24392786622047424 0.93689244985580448 -0.25046288967132568
vn -0.01033568568527698 0.9653728008270264 -0.26066935062408448
vn -0.01033568568527698 0.9653728008270264 -0.26066938042640688
vn -0.01033568568527698 0.9653728008270264 -0.26066938042640688
vn -0.06774499267339706 0.9107162952423096 0.407438725233078
vn -0.06774500012397766 0.9107163548469544 0.4074387550354004
vn -0.06774500012397766 0.9107163548469544 0.4074387550354004
vn -0.04713617637753487 0.96423691511154176 0.26081657409667968
vn -0.04713618010282516 0.96423691511154176 0.26081657409667968
vn -0.04713618382811546 0.96423697471618656 0.26081657409667968
vn -0.82812994718551632 -0.15959523618221282 0.53733623027801512
vn -0.82812988758087152 -0.15959523618221282 0.5373361706733704
vn -0.82812994718551632 -0.15959523618221282 0.5373361706733704
vn -0.02696628309786319 -0.51606637239456176 0.85612392425537104
vn -0.02696628309786319 -0.51606643199920656 0.85612398386001584
vn -0.02696628309786319 -0.51606643199920656 0.85612392425537104
vn -0.70086997747421264 0.48006877303123472 0.5275558829307556
vn -0.70086997747421264 0.48006877303123472 0.5275558829307556
vn -0.70087003707885744 0.48006877303123472 0.5275558829307556
vn -0.66819912195205688 0.20931243896484376 0.71393144130706784
vn -0.66819918155670168 0.20931245386600496 0.71393156051635744
vn -0.66819918155670168 0.20931243896484376 0.71393156051635744
vn 0.3842578828334808 0.89913243055343632 -0.20953939855098724
vn 0.38425782322883608 0.89913237094879152 -0.20953938364982604
vn 0.38425785303115848 0.89913249015808112 -0.20953939855098724
vn 0.66355913877487184 0.73335474729537968 0.14791946113109588
vn 0.66355919837951664 0.73335474729537968 0.14791946113109588
vn 0.66355913877487184 0.73335468769073488 0.1479194313287735
vn 0.84024441242218016 0.43934684991836544 0.31774774193763732
vn 0.84024441242218016 0.43934684991836544 0.31774774193763732
vn 0.84024447202682496 0.43934687972068784 0.31774774193763732
vn 0.73180979490280144 0.48860257863998416 0.47510212659835816
vn 0.7318097352981568 0.48860257863998416 0.47510209679603576
vn 0.7318097352981568 0.48860254883766176 0.47510206699371336
vn 0.5266830325126648 0.82530695199966432 0.20365035533905028
vn 0.52668297290802 0.82530689239501952 0.20365032553672792
vn 0.5266830325126648 0.82530701160430912 0.20365035533905028
vn 0.68233394622802736 0.6606996655464172 0.31288400292396544
vn 0.68233388662338256 0.66069960594177248 0.31288397312164308
vn 0.68233394622802736 0.6606996655464172 0.31288397312164308
vn 0.8970462083816528 -0.35470715165138244 0.26361098885536192
vn 0.8970462679862976 -0.35470718145370484 0.26361098885536192
vn 0.8970463275909424 -0.35470715165138244 0.26361098885536192
vn 0.7563999891281128 -0.65382564067840576 0.0192599631845951
vn 0.7563999891281128 -0.65382575988769528 0.01925996504724025
vn 0.7563999891281128 -0.65382570028305056 0.01925996504724025
vn -0.6636284589767456 -0.73161345720291136 -0.15601009130477906
vn -0.6636283993721008 -0.73161339759826656 -0.15601007640361786
vn -0.6636283993721008 -0.73161339759826656 -0.15601007640361786
vn -0.4651013910770416 -0.86879664659500128 -0.1699206829071045
vn -0.4651013910770416 -0.86879658699035648 -0.1699206680059433
vn -0.4651013612747192 -0.86879658699035648 -0.1699206829071045
vn 0.12176194041967392 -0.89370536804199216 -0.43181541562080384
vn 0.12176194787025452 -0.89370542764663696 -0.43181544542312624
vn 0.12176195532083512 -0.89370548725128176 -0.43181547522544864
vn 0.12088075280189514 -0.7430070638656616 -0.6582767963409424
vn 0.12088073790073394 -0.7430070638656616 -0.6582767963409424
vn 0.12088074535131454 -0.7430070638656616 -0.6582767963409424
vn 0.09241513162851334 0.20636574923992156 0.97410094738006592
vn 0.09241513162851334 0.20636574923992156 0.97410088777542112
vn 0.09241512417793274 0.20636573433876036 0.97410088777542112
vn 0.1288195550441742 -0.00678712036460638 0.99164479970932
vn 0.12881956994533538 -0.00678712176159024 0.9916448593139648
vn 0.1288195550441742 -0.00678712129592895 0.9916448593139648
vn -0.03098618797957897 0.90634644031524656 0.42139768600463864
vn -0.03098618425428867 0.90634638071060176 0.42139762639999392
vn -0.03098618611693382 0.90634644031524656 0.42139762639999392
vn 0.0912671536207199 0.95234650373458864 0.2910436987876892
vn 0.0912671536207199 0.95234644412994384 0.2910436987876892
vn 0.0912671685218811 0.95234650373458864 0.2910436987876892
vn -0.56750619411468504 0.70790958404541016 0.42047673463821408
vn -0.56750625371932984 0.70790964365005496 0.42047676444053648
vn -0.56750619411468504 0.70790958404541016 0.42047673463821408
vn -0.78761202096939088 0.61576598882675168 0.02235220558941364
vn -0.78761196136474608 0.61576598882675168 0.02235220372676849
vn -0.78761196136474608 0.61576598882675168 0.02235220558941364
vn -0.15331968665122986 -0.01317116804420948 0.98808884620666496
vn -0.15331968665122986 -0.01317116804420948 0.98808884620666496
vn -0.15331968665122986 -0.01317116897553205 0.98808884620666496
vn -0.21583792567253112 -0.169154092669487 0.96166563034057616
vn -0.21583792567253112 -0.169154092669487 0.96166563034057616
vn -0.21583795547485352 -0.16915412247180938 0.96166568994522096
vn -0.17344154417514802 0.7601434588432312 0.6261789798736572
vn -0.17344152927398682 0.7601433396339416 0.6261789798736572
vn -0.17344152927398682 0.7601433396339416 0.6261789798736572
vn -0.27611613273620604 0.75606429576873776 0.59340268373489376
vn -0.27611610293388368 0.75606417655944832 0.59340262413024904
vn -0.27611613273620604 0.75606429576873776 0.59340262413024904
vn -0.0996430292725563 0.91340255737304688 0.39467322826385496
vn -0.0996430367231369 0.91340267658233648 0.39467325806617736
vn -0.0996430367231369 0.91340267658233648 0.39467325806617736
vn -0.02478512935340404 0.91728144884109504 0.39746746420860288
vn -0.02478512749075889 0.91728144884109504 0.39746752381324768
vn -0.02478512935340404 0.91728144884109504 0.39746746420860288
vn 0.35312116146087648 0.91580605506896976 0.19132356345653532
vn 0.35312119126319884 0.91580605506896976 0.19132356345653532
vn 0.35312116146087648 0.91580599546432496 0.19132354855537416
vn 0.12243541330099106 0.96363359689712528 0.23752871155738832
vn 0.12243540585041046 0.96363353729248048 0.23752869665622712
vn 0.12243539839982986 0.96363359689712528 0.23752869665622712
vn 0.86729055643081664 0.39435443282127384 0.30379509925842284
vn 0.86729061603546144 0.39435446262359616 0.30379512906074524
vn 0.86729067564010624 0.39435446262359616 0.30379515886306764
vn 0.89386779069900512 0.29529172182083128 0.33734732866287232
vn 0.89386773109436032 0.29529169201850892 0.33734729886054992
vn 0.89386779069900512 0.29529172182083128 0.33734732866287232
vn 0.69467061758041384 -0.03744484856724739 0.71835267543792728
vn 0.69467061758041384 -0.03744485229253769 0.718352735042572
vn 0.69467061758041384 -0.03744485229253769 0.718352735042572
vn 0.60186046361923216 -0.0706489235162735 0.7954702377319336
vn 0.60186040401458744 -0.0706489160656929 0.795470118522644
vn 0.60186040401458744 -0.0706489160656929 0.795470118522644
vn 0.66362279653549192 -0.57792991399765016 0.47497546672821048
vn 0.66362285614013672 -0.57792991399765016 0.4749754965305328
vn 0.66362285614013672 -0.57792991399765016 0.4749754965305328
vn 0.68523627519607544 -0.60777604579925536 0.40132236480712888
vn 0.68523627519607544 -0.60777604579925536 0.40132239460945128
vn 0.68523621559143064 -0.60777598619461056 0.40132233500480648
vn 0.682100772857666 0.63464564085006712 0.36326757073402408
vn 0.682100772857666 0.63464564085006712 0.3632676005363464
vn 0.682100772857666 0.63464564085006712 0.3632676303386688
vn 0.81836563348770144 0.41599950194358824 0.39651229977607728
vn 0.81836563348770144 0.41599950194358824 0.39651229977607728
vn 0.81836575269699104 0.41599956154823304 0.39651232957839968
vn 0.28512844443321228 0.2989181876182556 -0.91068631410598752
vn 0.28512844443321228 0.29891815781593324 -0.91068637371063232
vn 0.28512841463088988 0.2989181876182556 -0.91068637371063232
vn 0.63190788030624392 0.20583896338939668 -0.747209906578064
vn 0.63190799951553344 0.20583899319171904 -0.7472099661827088
vn 0.63190799951553344 0.20583897829055788 -0.747209906578064
vn -0.05957069620490074 0.22444778680801392 -0.97266364097595216
vn -0.05957069247961044 0.22444777190685272 -0.97266364097595216
vn -0.05957069247961044 0.22444777190685272 -0.97266364097595216
vn 0.00837545748800039 0.52909034490585328 -0.8485241532325744
vn 0.00837545748800039 0.52909034490585328 -0.8485241532325744
vn 0.00837545748800039 0.52909034490585328 -0.8485241532325744
vn 0.18488545715808868 0.86785167455673216 0.46114069223403928
vn 0.18488547205924988 0.86785173416137696 0.46114075183868408
vn 0.18488547205924988 0.86785167455673216 0.46114075183868408
vn 0.2622094452381134 0.87829881906509392 0.39979657530784608
vn 0.2622094452381134 0.87829881906509392 0.39979657530784608
vn 0.2622094452381134 0.87829881906509392 0.39979663491249088
vn -0.23479858040809632 0.95821613073348992 -0.1633753478527069
vn -0.23479859530925752 0.95821607112884528 -0.16337533295154572
vn -0.23479856550693512 0.95821607112884528 -0.16337533295154572
vn -0.21822421252727508 0.96084880828857424 -0.1707269698381424
vn -0.21822419762611388 0.96084874868392944 -0.17072698473930358
vn -0.21822422742843628 0.96084886789321904 -0.17072699964046478
vn -0.75164920091629024 -0.08957108110189438 -0.65345275402069088
vn -0.75164920091629024 -0.08957108110189438 -0.65345275402069088
vn -0.75164920091629024 -0.08957107365131378 -0.65345269441604616
vn -0.69787251949310304 0.34300249814987184 -0.6287473440170288
vn -0.69787245988845824 0.34300246834754944 -0.6287473440170288
vn -0.69787251949310304 0.34300249814987184 -0.6287473440170288
vn -0.47493776679039 0.36709961295127872 0.7997949719429016
vn -0.4749377071857452 0.36709958314895632 0.7997949719429016
vn -0.4749377369880676 0.36709958314895632 0.7997950315475464
vn -0.29075732827186584 0.41084194183349608 0.86410015821456912
vn -0.29075732827186584 0.41084191203117368 0.86410015821456912
vn -0.29075732827186584 0.41084191203117368 0.86410015821456912
vn -0.17571115493774414 -0.12540464103221894 -0.97642171382904048
vn -0.17571114003658294 -0.12540462613105774 -0.97642165422439568
vn -0.17571114003658294 -0.12540462613105774 -0.97642159461975104
vn 0.0971251204609871 -0.03923989459872246 -0.99449831247329712
vn 0.0971251204609871 -0.03923989459872246 -0.99449831247329712
vn 0.0971251204609871 -0.03923989459872246 -0.99449831247329712
vn 0.8364354968070984 0.24981504678726196 0.48781955242156984
vn 0.836435616016388 0.24981509149074556 0.48781961202621456
vn 0.8364354968070984 0.24981506168842316 0.48781961202621456
vn 0.80947124958038336 0.19345846772193908 0.55437350273132328
vn 0.80947124958038336 0.19345845282077788 0.55437350273132328
vn 0.809471309185028 0.19345848262310028 0.554373562335968
vn 0.2772318124771118 0.78282284736633296 0.5570735931396484
vn 0.27723178267478944 0.78282284736633296 0.55707353353500368
vn 0.2772318124771118 0.78282284736633296 0.55707353353500368
vn 0.4679226577281952 0.78161746263504032 0.41245886683464048
vn 0.4679226875305176 0.78161758184432976 0.41245889663696288
vn 0.4679226279258728 0.78161752223968512 0.41245886683464048
vn -0.85328853130340576 -0.1298450082540512 -0.50501382350921632
vn -0.85328859090805056 -0.1298450082540512 -0.50501382350921632
vn -0.85328847169876096 -0.12984499335289002 -0.50501382350921632
vn -0.89060312509536736 -0.05452323704957962 -0.45150110125541688
vn -0.89060318470001216 -0.05452324077486992 -0.45150110125541688
vn -0.89060312509536736 -0.05452323332428932 -0.45150110125541688
vn 0.18675623834133148 -0.80586433410644528 0.561876118183136
vn 0.18675623834133148 -0.80586433410644528 0.561876118183136
vn 0.18675623834133148 -0.80586433410644528 0.561876118183136
vn 0.5306870937347412 -0.80372130870819088 0.2690788209438324
vn 0.5306870341300964 -0.80372130870819088 0.26907879114151
vn 0.5306870341300964 -0.80372124910354608 0.26907879114151
vn -0.1046205312013626 0.66093385219573976 -0.7431157231330872
vn -0.1046205312013626 0.66093391180038456 -0.7431156635284424
vn -0.1046205312013626 0.66093391180038456 -0.7431157231330872
vn 0.0011091431370005 0.55305957794189456 -0.83314090967178352
vn 0.0011091431370005 0.55305963754653928 -0.83314090967178352
vn 0.00110914336983114 0.55305969715118408 -0.83314096927642816
vn -0.47462758421897888 0.65438526868820192 -0.58864974975585936
vn -0.47462755441665648 0.65438526868820192 -0.58864974975585936
vn -0.47462755441665648 0.65438526868820192 -0.58864974975585936
vn -0.42721685767173768 0.47330164909362792 -0.77037096023559568
vn -0.42721685767173768 0.47330167889595032 -0.77037090063095088
vn -0.42721685767173768 0.47330161929130552 -0.77037090063095088
vn 0.54723852872848512 -0.54173374176025392 -0.6380082964897156
vn 0.54723852872848512 -0.54173368215560912 -0.6380082964897156
vn 0.54723852872848512 -0.54173374176025392 -0.63800835609436032
vn 0.59956640005111696 -0.38815280795097352 -0.69989836215972904
vn 0.59956634044647216 -0.38815277814865112 -0.69989824295043944
vn 0.59956640005111696 -0.38815280795097352 -0.69989830255508424
vn -0.22177641093730928 -0.80717462301254272 -0.54706889390945432
vn -0.22177642583847044 -0.80717462301254272 -0.54706889390945432
vn -0.22177642583847044 -0.80717456340789792 -0.54706889390945432
vn 0.00784445647150278 -0.87635964155197136 -0.4815935492515564
vn 0.00784445647150278 -0.87635958194732672 -0.481593519449234
vn 0.00784445647150278 -0.87635958194732672 -0.4815935492515564
vn 0.59460002183914184 0.79742801189422608 -0.1027582585811615
vn 0.59460008144378664 0.79742807149887088 -0.1027582660317421
vn 0.59460008144378664 0.79742807149887088 -0.1027582660317421
vn 0.72278141975402832 0.61953729391098024 -0.30620354413986208
vn 0.72278141975402832 0.61953729391098024 -0.30620354413986208
vn 0.72278130054473872 0.61953723430633544 -0.30620351433753968
vn 0.9304820895195008 0.08584156632423401 -0.35613793134689332
vn 0.93048214912414544 0.08584157377481461 -0.35613796114921568
vn 0.93048214912414544 0.08584157377481461 -0.35613799095153808
vn 0.98007768392562864 0.028333256021142 -0.1965835690498352
vn 0.98007762432098384 0.0283332522958517 -0.196583554148674
vn 0.98007762432098384 0.028333256021142 -0.196583554148674
vn 0.99976593255996704 -0.01765983738005161 0.0124942110851407
vn 0.99976605176925664 -0.01765983924269676 0.01249421294778585
vn 0.99976599216461184 -0.01765983738005161 0.0124942110851407
vn 0.96747010946273808 0.21802040934562684 0.12833042442798614
vn 0.96747010946273808 0.21802042424678804 0.12833043932914734
vn 0.96747010946273808 0.21802042424678804 0.12833042442798614
vn 0.1023636907339096 -0.75467503070831296 0.64806419610977176
vn 0.1023636981844902 -0.75467509031295776 0.64806419610977176
vn 0.1023636907339096 -0.75467509031295776 0.64806419610977176
vn 0.13370651006698608 -0.58003568649291992 0.80354291200637824
vn 0.1337064951658249 -0.58003562688827512 0.80354291200637824
vn 0.13370651006698608 -0.58003568649291992 0.80354291200637824
vn -0.965386152267456 0.1588997095823288 -0.20683425664901732
vn -0.9653862118721008 0.1588997095823288 -0.20683427155017852
vn -0.965386152267456 0.1588996946811676 -0.20683425664901732
vn -0.9493447542190552 0.10024528950452804 -0.29781785607337952
vn -0.9493446946144104 0.10024530440568924 -0.29781788587570192
vn -0.9493447542190552 0.10024530440568924 -0.29781791567802428
vn 0.75590366125106816 -0.17613877356052398 0.63054329156875608
vn 0.75590360164642336 -0.1761387586593628 0.63054329156875608
vn 0.75590360164642336 -0.1761387586593628 0.63054329156875608
vn 0.73761838674545296 -0.10899364203214646 0.66636294126510624
vn 0.73761838674545296 -0.10899363458156586 0.66636294126510624
vn 0.73761838674545296 -0.10899364203214646 0.66636294126510624
vn -0.94724494218826288 0.28498879075050356 -0.146657794713974
vn -0.94724488258361824 0.28498876094818116 -0.1466577798128128
vn -0.94724488258361824 0.28498876094818116 -0.1466577798128128
vn -0.95925426483154304 0.1588410884141922 -0.23366786539554596
vn -0.95925432443618768 0.1588411033153534 -0.23366789519786836
vn -0.95925432443618768 0.1588410884141922 -0.23366788029670716
vn -0.05058857798576355 0.10464169830083848 -0.99322247505187984
vn -0.05058857426047325 0.10464169085025788 -0.99322247505187984
vn -0.05058858171105385 0.10464169830083848 -0.99322253465652464
vn -0.1198980063199997 0.24876825511455536 -0.96111321449279792
vn -0.1198980137705803 0.24876828491687776 -0.96111333370208736
vn -0.1198980063199997 0.24876827001571656 -0.96111327409744256
vn -0.78079581260681152 0.24536027014255524 -0.57459217309951784
vn -0.78079581260681152 0.24536028504371644 -0.57459223270416256
vn -0.78079581260681152 0.24536028504371644 -0.57459223270416256
vn -0.79783248901367184 0.07655583322048187 -0.59799879789352416
vn -0.79783242940902704 0.07655583322048187 -0.59799873828887936
vn -0.79783248901367184 0.07655583322048187 -0.59799879789352416
# 1716 vertex normals

vt 0.38659739494323728 0.41559171676635744 0
vt 0.70270758867263792 0.40409073233604432 0
vt 0.57764375209808352 0.36993589997291568 0
vt 0.47884553670883176 0.40359601378440856 0
vt 0.57021927833557128 0.51881664991378784 0
vt 0.21075573563575744 0.62073552608489992 0
vt 0.24908316135406496 0.76462602615356448 0
vt 0.1819171905517578 0.58720690011978152 0
vt 0.59899109601974488 0.76965945959091184 0
vt 0.47386318445205688 0.3613233268260956 0
vt 0.68266618251800536 0.71497315168380736 0
vt 0.21319502592086792 0.43592244386672976 0
vt 0.43851959705352784 0.16840922832489014 0
vt 0.63513922691345216 0.8170727491378784 0
vt 0.52217757701873776 0.77969372272491456 0
vt 0.8818359375 0.33349147439002992 0
vt 0.22754317522048952 0.1117265522480011 0
vt 0.87534141540527344 0.38892138004302976 0
vt 0.1182560920715332 0.53847819566726688 0
vt 0.21080735325813292 0.17281034588813782 0
vt 0.77309584617614752 0.44828018546104432 0
vt 0.82248759269714352 0.77091193199157712 0
vt 0.22080540657043456 0.6074915528297424 0
vt 0.71715557575225832 0.76886546611785888 0
vt 0.19748824834823608 0.2961701452732086 0
vt 0.5466618537902832 0.79255259037017824 0
vt 0.70892834663391112 0.68458628654479984 0
vt 0.68529462814331056 0.34622591733932496 0
vt 0.54490625858306888 0.32271575927734376 0
vt 0.61811208724975584 0.39151805639266968 0
vt 0.622168242931366 0.28909274935722352 0
vt 0.14462465047836304 0.42885890603065488 0
vt 0.60872566699981688 0.16929817199707032 0
vt 0.56799101829528808 0.6090271472930908 0
vt 0.81939727067947392 0.27736574411392212 0
vt 0.80149316787719728 0.75761359930038448 0
vt 0.21082359552383424 0.7664870619773864 0
vt 0.3656256794929504 0.51637536287307736 0
vt 0.25385230779647828 0.25321775674819948 0
vt 0.21988385915756224 0.53025805950164792 0
vt 0.3429434299468994 0.33561497926712036 0
vt 0.4551681280136108 0.21337094902992248 0
vt 0.51244288682937624 0.73447835445404048 0
vt 0.28747487068176268 0.52504819631576536 0
vt 0.22208812832832336 0.59491682052612304 0
vt 0.31031185388565064 0.77432215213775632 0
vt 0.78738784790039056 0.21123951673507692 0
vt 0.30096650123596192 0.2850409746170044 0
vt 0.28502458333969116 0.35830032825469972 0
vt 0.57827830314636232 0.84552013874053952 0
vt 0.61410009860992432 0.726304829120636 0
vt 0.55764317512512208 0.5495712757110596 0
vt 0.1707274317741394 0.65924865007400512 0
vt 0.7258960604667664 0.33583298325538636 0
vt 0.23192569613456728 0.30719837546348572 0
vt 0.62583768367767336 0.62399262189865112 0
vt 0.7260860204696656 0.2856988310813904 0
vt 0.54070186614990232 0.08557826280593872 0
vt 0.54633897542953488 0.50617474317550656 0
vt 0.1845916509628296 0.36077237129211424 0
vt 0.63972038030624392 0.84130787849426272 0
vt 0.73024106025695808 0.64060735702514648 0
vt 0.24605906009674072 0.31555721163749696 0
vt 0.25627285242080688 0.7520151138305664 0
vt 0.63754880428314208 0.71462535858154296 0
vt 0.76167905330657952 0.70618140697479248 0
vt 0.49677544832229616 0.8464530110359192 0
vt 0.2717798948287964 0.60376012325286864 0
vt 0.53407520055770872 0.46785348653793336 0
vt 0.245846688747406 0.22061288356781004 0
vt 0.46987432241439816 0.77407586574554448 0
vt 0.2935020327568054 0.7639875411987304 0
vt 0.23396009206771852 0.68228954076766968 0
vt 0.81858897209167488 0.60071623325347904 0
vt 0.28605329990386964 0.5381838083267212 0
vt 0.38206911087036136 0.42501851916313168 0
vt 0.71304923295974728 0.33422517776489256 0
vt 0.61575216054916384 0.405836284160614 0
vt 0.25190830230712892 0.71861219406127928 0
vt 0.56785637140274048 0.33249852061271668 0
vt 0.61191827058792112 0.61010277271270752 0
vt 0.822403073310852 0.3696376979351044 0
vt 0.75845074653625488 0.40582436323165896 0
vt 0.33763253688812256 0.8544262647628784 0
vt 0.63917291164398192 0.75847947597503664 0
vt 0.1959785223007202 0.36311608552932736 0
vt 0.40098005533218384 0.30178341269493104 0
vt 0.39751309156417848 0.58300513029098512 0
vt 0.92554795742034912 0.44225367903709408 0
vt 0.12984874844551086 0.46767520904541016 0
vt 0.24297046661376952 0.64078652858734128 0
vt 0.72315073013305664 0.76107829809188848 0
vt 0.45253324508666992 0.16478732228279114 0
vt 0.53166681528091432 0.80765825510025024 0
vt 0.2248447835445404 0.874717116355896 0
vt 0.2860969305038452 0.65398138761520384 0
vt 0.72817981243133552 0.23885309696197508 0
vt 0.43624985218048096 0.35211148858070372 0
vt 0.21768295764923096 0.31472286581993104 0
vt 0.74326729774475104 0.6777614951133728 0
vt 0.60825037956237792 0.71794158220291136 0
vt 0.66283285617828368 0.25118854641914368 0
vt 0.33985415101051332 0.58799695968627928 0
vt 0.473128080368042 0.63314586877822872 0
vt 0.33795076608657836 0.66980201005935672 0
vt 0.53330689668655392 0.61603909730911256 0
vt 0.40962255001068112 0.32715153694152832 0
vt 0.69373965263366696 0.36821958422660824 0
vt 0.34653598070144652 0.18133428692817688 0
vt 0.2921287417411804 0.33017992973327636 0
vt 0.34262922406196596 0.66955459117889408 0
vt 0.27690190076828004 0.81261408329010016 0
vt 0.55021917819976808 0.331596702337265 0
vt 0.61975455284118656 0.73545402288436896 0
vt 0.50508028268814088 0.57491707801818848 0
vt 0.30751541256904604 0.52881503105163576 0
vt 0.82650434970855712 0.70488649606704712 0
vt 0.78160023689270016 0.51333254575729368 0
vt 0.22009924054145812 0.42735928297042848 0
vt 0.16546323895454406 0.25940644741058348 0
vt 0.3373156487941742 0.37237477302551272 0
vt 0.64310109615325928 0.34707528352737428 0
vt 0.51052236557006832 0.18765723705291748 0
vt 0.47733876109123232 0.70789963006973264 0
vt 0.1601983904838562 0.50809472799301144 0
vt 0.55321729183197024 0.85819739103317264 0
vt 0.3377898931503296 0.2539885640144348 0
vt 0.58528423309326168 0.74754804372787472 0
vt 0.799878478050232 0.36065050959587096 0
vt 0.6822103261947632 0.5428534150123596 0
vt 0.6824281811714172 0.31527671217918396 0
vt 0.7239564061164856 0.19562900066375732 0
vt 0.47057086229324344 0.8053694367408752 0
vt 0.78479421138763424 0.62532174587249752 0
vt 0.37504720687866208 0.28255829215049744 0
vt 0.21746742725372316 0.28103995323181152 0
vt 0.54311573505401608 0.26467645168304444 0
vt 0.49446928501129152 0.45018142461776736 0
vt 0.73881530761718752 0.59483170509338376 0
vt 0.83044749498367312 0.60511094331741336 0
vt 0.76595073938369744 0.50514811277389528 0
vt 0.62985301017761232 0.52278685569763184 0
vt 0.27774843573570252 0.56919133663177488 0
vt 0.83891332149505616 0.7347142100334168 0
vt 0.45463985204696656 0.24863225221633912 0
vt 0.85390257835388176 0.5235188603401184 0
vt 0.27062001824378968 0.77192294597625728 0
vt 0.55918103456497192 0.69088959693908688 0
vt 0.39996844530105592 0.76493656635284416 0
vt 0.68055319786071776 0.63119959831237792 0
vt 0.35294291377067564 0.68262708187103272 0
vt 0.19540268182754516 0.4828104078769684 0
vt 0.5523041486740112 0.2097017765045166 0
vt 0.33952561020851136 0.75871694087982176 0
vt 0.42625176906585696 0.6174868941307068 0
vt 0.78053426742553712 0.5438804626464844 0
vt 0.81101095676422112 0.72990393638610832 0
vt 0.43854969739913944 0.8619325757026672 0
vt 0.20566612482070924 0.22050225734710692 0
vt 0.69556283950805664 0.62101870775222776 0
vt 0.27728307247161864 0.18659168481826784 0
vt 0.19127464294433592 0.58209246397018432 0
vt 0.67688906192779544 0.67091065645217896 0
vt 0.51913839578628544 0.12223204970359802 0
vt 0.85208404064178464 0.41620495915412904 0
vt 0.43903511762619016 0.75937110185623168 0
vt 0.3499019145965576 0.25855645537376404 0
vt 0.7236136198043824 0.12140870094299316 0
vt 0.68717962503433224 0.27592256665229796 0
vt 0.13741299510002136 0.26764136552810668 0
vt 0.37001574039459232 0.55577492713928224 0
vt 0.4794989824295044 0.21669343113899232 0
vt 0.24899744987487792 0.3836736977100372 0
vt 0.34640395641326904 0.70558953285217288 0
vt 0.27880525588989256 0.60889291763305664 0
vt 0.79537177085876464 0.3272782862186432 0
vt 0.2116941809654236 0.43934619426727296 0
vt 0.66016423702239992 0.4711197912693024 0
vt 0.45205217599868776 0.50221335887908936 0
vt 0.74808025360107424 0.5414943099021912 0
vt 0.29983019828796388 0.47965845465660096 0
vt 0.65054285526275632 0.49539157748222352 0
vt 0.779068112373352 0.32557842135429384 0
vt 0.11548921465873718 0.34684556722640992 0
vt 0.78856551647186272 0.4648690223693848 0
vt 0.18055853247642516 0.68142509460449216 0
vt 0.54550147056579592 0.44219455122947696 0
vt 0.7985974550247192 0.71374398469924928 0
vt 0.74080234766006464 0.51497274637222288 0
vt 0.29906427860260008 0.37930363416671752 0
vt 0.54998934268951416 0.6772577166557312 0
vt 0.78676891326904304 0.65396374464035032 0
vt 0.70597493648529056 0.42919760942459104 0
vt 0.64643049240112304 0.83529007434844976 0
vt 0.30124309659004212 0.21275755763053896 0
vt 0.767343521118164 0.28564372658729552 0
vt 0.11543041467666626 0.48799583315849304 0
vt 0.85639572143554688 0.69179731607437136 0
vt 0.60958349704742432 0.42571014165878296 0
vt 0.89578902721405024 0.60797661542892456 0
vt 0.7987778186798096 0.28036665916442872 0
vt 0.397796094417572 0.48006471991539 0
vt 0.52034723758697512 0.65208470821380616 0
vt 0.13799014687538146 0.68478649854660032 0
vt 0.82203286886215216 0.65625154972076416 0
vt 0.17723482847213746 0.21480947732925416 0
vt 0.49440678954124448 0.4130472540855408 0
vt 0.6979321241378784 0.61779385805130008 0
vt 0.4537032842636108 0.65788108110427856 0
vt 0.42797377705574032 0.59418839216232296 0
vt 0.43872913718223568 0.73019886016845696 0
vt 0.52649658918380736 0.28985244035720824 0
vt 0.35726386308670044 0.4022313952445984 0
vt 0.32701265811920168 0.73668783903121952 0
vt 0.66086566448211672 0.42671823501586912 0
vt 0.42000591754913328 0.50185352563858032 0
vt 0.25143492221832276 0.8634148240089416 0
vt 0.77689397335052496 0.81357669830322272 0
vt 0.86622124910354608 0.43516474962234496 0
vt 0.27374446392059328 0.35609525442123412 0
vt 0.65913647413253784 0.22599747776985168 0
vt 0.71341788768768312 0.2617352604866028 0
vt 0.61837768554687504 0.24799427390098572 0
vt 0.5301348567008972 0.6783273220062256 0
vt 0.56648844480514528 0.42566257715225216 0
vt 0.2159351110458374 0.398731142282486 0
vt 0.48054927587509152 0.5656254291534424 0
vt 0.81652510166168208 0.59795695543289184 0
vt 0.53237920999526976 0.09254789352416992 0
vt 0.38614422082901 0.79354941844940192 0
vt 0.32147675752639772 0.60375034809112552 0
vt 0.6025593280792236 0.65830177068710328 0
vt 0.79518389701843264 0.1899985671043396 0
vt 0.46254056692123416 0.5150786638259888 0
vt 0.24933090806007384 0.63213366270065304 0
vt 0.59236383438110352 0.81347233057022096 0
vt 0.775282084941864 0.42971241474151608 0
vt 0.52197438478469848 0.66228592395782472 0
vt 0.64504903554916384 0.13354837894439698 0
vt 0.74828958511352544 0.3728859722614288 0
vt 0.73648959398269648 0.75843286514282224 0
vt 0.6046791076660156 0.10024967789649964 0
vt 0.32742524147033692 0.23731815814971924 0
vt 0.34544521570205688 0.3922699987888336 0
vt 0.63194298744201664 0.5613325834274292 0
vt 0.16347602009773254 0.72447985410690304 0
vt 0.31433439254760744 0.7271594405174256 0
vt 0.22364240884780884 0.43639898300170896 0
vt 0.77959817647933952 0.7750766277313232 0
vt 0.9154033660888672 0.5023794174194336 0
vt 0.26564130187034608 0.35261178016662596 0
vt 0.21169796586036684 0.4092203080654144 0
vt 0.6347520351409912 0.22383308410644532 0
vt 0.53159451484680176 0.59635233879089352 0
vt 0.34223002195358276 0.63134258985519408 0
vt 0.14183950424194336 0.56081491708755496 0
vt 0.29903140664100648 0.46058112382888792 0
vt 0.29996901750564576 0.85120123624801632 0
vt 0.46573585271835328 0.67399930953979496 0
vt 0.299946129322052 0.44143965840339664 0
vt 0.80310285091400144 0.61791181564331056 0
vt 0.77871257066726688 0.42718678712844848 0
vt 0.2780267596244812 0.70831280946731568 0
vt 0.86951601505279536 0.58176922798156736 0
vt 0.18141806125640868 0.67671847343444824 0
vt 0.35399091243743896 0.63838100433349608 0
vt 0.35714513063430788 0.71674323081970216 0
vt 0.6604565382003784 0.46064281463623048 0
vt 0.75766891241073616 0.60305035114288328 0
vt 0.257705420255661 0.66895848512649536 0
vt 0.26465094089508056 0.42898482084274288 0
vt 0.6955828070640564 0.80111354589462288 0
vt 0.25222361087799072 0.70172470808029176 0
vt 0.54656577110290528 0.3115476369857788 0
vt 0.60795414447784424 0.57047158479690552 0
vt 0.53539133071899416 0.83818727731704704 0
vt 0.7478317022323608 0.83439928293228144 0
vt 0.16202831268310546 0.24683946371078492 0
vt 0.43440192937850952 0.30419880151748656 0
vt 0.9293233752250672 0.411241352558136 0
vt 0.41363680362701416 0.2750888466835022 0
vt 0.50984376668930056 0.517871618270874 0
vt 0.50739526748657224 0.2521807551383972 0
vt 0.322515606880188 0.42530182003974912 0
vt 0.42659163475036624 0.77395135164260864 0
vt 0.24939119815826416 0.51737838983535768 0
vt 0.59238934516906736 0.58160293102264408 0
vt 0.8790379762649536 0.65566647052764896 0
vt 0.21080735325813292 0.7081899046897888 0
vt 0.30124309659004212 0.79807591438293456 0
vt 0.15914309024810792 0.17723482847213746 0
vt 0.63972038030624392 0.15677487850189208 0
vt 0.7478317022323608 0.2048863470554352 0
vt 0.91162276268005376 0.48799583315849304 0
vt 0.92054140567779536 0.53847819566726688 0
vt 0.21080735325813292 0.7081899046897888 0
vt 0.15974920988082886 0.60511094331741336 0
vt 0.17752006649971008 0.78917640447616576 0
vt 0.1049036681652069 0.70649796724319456 0
vt 0.3185749053955078 0.8420390486717224 0
vt 0.15278863906860352 0.78738784790039056 0
vt 0.42172172665596008 0.82589960098266608 0
vt 0.88508605957031248 0.4092203080654144 0
vt 0.9007508754730224 0.36077237129211424 0
vt 0.39928376674652096 0.123451828956604 0
vt 0.9007508754730224 0.36077237129211424 0
vt 0.1600569486618042 0.27736574411392212 0
vt 0.17752006649971008 0.78917640447616576 0
vt 0.74059355258941648 0.7588703036308288 0
vt 0.67671847343444824 0.07810872793197632 0
vt 0.8612332344055176 0.65924865007400512 0
vt 0.86852961778640752 0.59236383438110352 0
vt 0.84553289413452144 0.6955828070640564 0
vt 0.09833300113677978 0.34653598070144652 0
vt 0.42172172665596008 0.82589960098266608 0
vt 0.15587013959884644 0.69179731607437136 0
vt 0.13194561004638672 0.60797661542892456 0
vt 0.82581698894500736 0.48086160421371456 0
vt 0.16769206523895264 0.5023794174194336 0
vt 0.3185749053955078 0.8420390486717224 0
vt 0.28138780593872072 0.87902182340621952 0
vt 0.22807705402374268 0.84211188554763792 0
vt 0.72309809923172 0.83979243040084832 0
vt 0.9007508754730224 0.36077237129211424 0
vt 0.14840388298034668 0.44225367903709408 0
vt 0.8860927820205688 0.59491682052612304 0
vt 0.3652479648590088 0.0867631733417511 0
vt 0.54746675491333008 0.13008195161819458 0
vt 0.16810637712478638 0.56145030260086056 0
vt 0.77515518665313728 0.71487349271774288 0
vt 0.19643998146057128 0.7347142100334168 0
vt 0.77127760648727424 0.3953208923339844 0
vt 0.61107861995697024 0.20124343037605284 0
vt 0.09833300113677978 0.34653598070144652 0
vt 0.42885890603065488 0.09725922346115112 0
vt 0.42172172665596008 0.82589960098266608 0
vt 0.75761359930038448 0.82251703739166256 0
vt 0.81357669830322272 0.79801148176193232 0
vt 0.74059355258941648 0.7588703036308288 0
vt 0.8612332344055176 0.65924865007400512 0
vt 0.15382811427116394 0.36486080288887024 0
vt 0.58720690011978152 0.0536232590675354 0
vt 0.13046002388000488 0.53237920999526976 0
vt 0.14840388298034668 0.44225367903709408 0
vt 0.44678270816802976 0.83768397569656368 0
vt 0.25143492221832276 0.1909998655319214 0
vt 0.33763253688812256 0.14766910672187806 0
vt 0.33763253688812256 0.14766910672187806 0
vt 0.70003098249435424 0.77898383140563968 0
vt 0.61107861995697024 0.20124343037605284 0
vt 0.20481613278388976 0.229542076587677 0
vt 0.2760435938835144 0.1623084545135498 0
vt 0.47057086229324344 0.18203225731849672 0
vt 0.84005755186080928 0.49677544832229616 0
vt 0.86852961778640752 0.59236383438110352 0
vt 0.84005755186080928 0.49677544832229616 0
vt 0.91591721773147584 0.28103995323181152 0
vt 0.14455926418304444 0.33349147439002992 0
vt 0.78404891490936272 0.68478649854660032 0
vt 0.15974920988082886 0.60511094331741336 0
vt 0.10990872979164124 0.4648690223693848 0
vt 0.84005755186080928 0.49677544832229616 0
vt 0.16810637712478638 0.56145030260086056 0
vt 0.22310602664947508 0.79801148176193232 0
vt 0.19643998146057128 0.7347142100334168 0
vt 0.19643998146057128 0.7347142100334168 0
vt 0.91162276268005376 0.48799583315849304 0
vt 0.70003098249435424 0.77898383140563968 0
vt 0.82247996330261232 0.7664870619773864 0
vt 0.72938001155853264 0.84211188554763792 0
vt 0.17752006649971008 0.78917640447616576 0
vt 0.1049036681652069 0.70649796724319456 0
vt 0.08180069923400879 0.60003155469894408 0
vt 0.13046002388000488 0.53237920999526976 0
vt 0.5523041486740112 0.9191275835037232 0
vt 0.63972038030624392 0.15677487850189208 0
vt 0.27819031476974488 0.77091193199157712 0
vt 0.82248759269714352 0.27819031476974488 0
vt 0.87692368030548096 0.33952561020851136 0
vt 0.85027837753295904 0.46767520904541016 0
vt 0.8860927820205688 0.59491682052612304 0
vt 0.2700960636138916 0.16737443208694458 0
vt 0.34433352947235108 0.1961349844932556 0
vt 0.2700960636138916 0.16737443208694458 0
vt 0.1149076521396637 0.46833318471908568 0
vt 0.16810637712478638 0.56145030260086056 0
vt 0.1600569486618042 0.27736574411392212 0
vt 0.7478317022323608 0.2048863470554352 0
vt 0.13194561004638672 0.60797661542892456 0
vt 0.61107861995697024 0.20124343037605284 0
vt 0.82581698894500736 0.48086160421371456 0
vt 0.77127760648727424 0.3953208923339844 0
vt 0.43851959705352784 0.89140832424163824 0
vt 0.34433352947235108 0.1961349844932556 0
vt 0.39928376674652096 0.123451828956604 0
vt 0.16551816463470458 0.12140870094299316 0
vt 0.25627285242080688 0.1000794768333435 0
vt 0.15278863906860352 0.21123951673507692 0
vt 0.16551816463470458 0.7236136198043824 0
vt 0.77127760648727424 0.3953208923339844 0
vt 0.84940505027770992 0.26764136552810668 0
vt 0.77245682477951056 0.24632018804550172 0
vt 0.84085690975189216 0.21480947732925416 0
vt 0.77245682477951056 0.24632018804550172 0
vt 0.84940505027770992 0.26764136552810668 0
vt 0.83715504407882688 0.34684556722640992 0
vt 0.5205010175704956 0.08146962523460388 0
vt 0.21080735325813292 0.7081899046897888 0
vt 0.21080735325813292 0.7081899046897888 0
vt 0.30124309659004212 0.79807591438293456 0
vt 0.81000143289566048 0.229542076587677 0
vt 0.13512364029884338 0.3272782862186432 0
vt 0.15382811427116394 0.36486080288887024 0
vt 0.1149076521396637 0.46833318471908568 0
vt 0.15382811427116394 0.36486080288887024 0
vt 0.83715504407882688 0.34684556722640992 0
vt 0.77245682477951056 0.24632018804550172 0
vt 0.83715504407882688 0.34684556722640992 0
vt 0.07775062322616577 0.3728859722614288 0
vt 0.13512364029884338 0.3272782862186432 0
vt 0.10990872979164124 0.4648690223693848 0
vt 0.37926447391510008 0.89288866519927984 0
vt 0.3185749053955078 0.8420390486717224 0
vt 0.62532174587249752 0.88144338130950928 0
vt 0.71374398469924928 0.84965854883193968 0
vt 0.77127760648727424 0.3953208923339844 0
vt 0.78775101900100704 0.45929813385009768 0
vt 0.78775101900100704 0.45929813385009768 0
vt 0.82581698894500736 0.48086160421371456 0
vt 0.8860927820205688 0.59491682052612304 0
vt 0.35356950759887696 0.84758532047271728 0
vt 0.35356950759887696 0.84758532047271728 0
vt 0.47057086229324344 0.18203225731849672 0
vt 0.767343521118164 0.82251971960067744 0
vt 0.82248759269714352 0.27819031476974488 0
vt 0.91162276268005376 0.48799583315849304 0
vt 0.14840388298034668 0.44225367903709408 0
vt 0.14360427856445312 0.8441298604011536 0
vt 0.17752006649971008 0.78917640447616576 0
vt 0.14360427856445312 0.8441298604011536 0
vt 0.07608485221862793 0.76603990793228144 0
vt 0.17752006649971008 0.78917640447616576 0
vt 0.13194561004638672 0.60797661542892456 0
vt 0.92054140567779536 0.53847819566726688 0
vt 0.71963334083557128 0.16180667281150818 0
vt 0.81000143289566048 0.229542076587677 0
vt 0.61107861995697024 0.20124343037605284 0
vt 0.71963334083557128 0.16180667281150818 0
vt 0.74059355258941648 0.7588703036308288 0
vt 0.78404891490936272 0.68478649854660032 0
vt 0.78404891490936272 0.68478649854660032 0
vt 0.77515518665313728 0.71487349271774288 0
vt 0.77515518665313728 0.71487349271774288 0
vt 0.15914309024810792 0.17723482847213746 0
vt 0.42172172665596008 0.82589960098266608 0
vt 0.42172172665596008 0.82589960098266608 0
vt 0.25143492221832276 0.1909998655319214 0
vt 0.15278863906860352 0.21123951673507692 0
vt 0.25143492221832276 0.1909998655319214 0
vt 0.22310602664947508 0.79801148176193232 0
vt 0.72309809923172 0.83979243040084832 0
vt 0.7478317022323608 0.2048863470554352 0
vt 0.767343521118164 0.82251971960067744 0
vt 0.71341788768768312 0.83820867538452144 0
vt 0.71341788768768312 0.83820867538452144 0
vt 0.61837768554687504 0.85694348812103264 0
vt 0.59899109601974488 0.1521611511707306 0
vt 0.72315073013305664 0.19334989786148072 0
vt 0.47057086229324344 0.18203225731849672 0
vt 0.59899109601974488 0.1521611511707306 0
vt 0.42885890603065488 0.09725922346115112 0
vt 0.44678270816802976 0.83768397569656368 0
vt 0.44678270816802976 0.83768397569656368 0
vt 0.35356950759887696 0.84758532047271728 0
vt 0.13512364029884338 0.3272782862186432 0
vt 0.20481613278388976 0.229542076587677 0
vt 0.20481613278388976 0.229542076587677 0
vt 0.15974920988082886 0.60511094331741336 0
vt 0.21080735325813292 0.7081899046897888 0
vt 0.15974920988082886 0.60511094331741336 0
vt 0.85027837753295904 0.46767520904541016 0
vt 0.83715504407882688 0.34684556722640992 0
vt 0.85027837753295904 0.46767520904541016 0
vt 0.77127760648727424 0.3953208923339844 0
vt 0.77127760648727424 0.3953208923339844 0
vt 0.39127430319786072 0.13987499475479126 0
vt 0.2760435938835144 0.1623084545135498 0
vt 0.39127430319786072 0.13987499475479126 0
vt 0.79568624496459968 0.72447985410690304 0
vt 0.74059355258941648 0.7588703036308288 0
vt 0.78404891490936272 0.68478649854660032 0
vt 0.16347602009773254 0.2043137550354004 0
vt 0.08180069923400879 0.60003155469894408 0
vt 0.1049036681652069 0.70649796724319456 0
vt 0.06268301606178284 0.68566560745239256 0
vt 0.1602666974067688 0.411241352558136 0
vt 0.16769206523895264 0.5023794174194336 0
vt 0.81357669830322272 0.79801148176193232 0
vt 0.16769206523895264 0.5023794174194336 0
vt 0.14378118515014648 0.58176922798156736 0
vt 0.16769206523895264 0.5023794174194336 0
vt 0.10990872979164124 0.4648690223693848 0
vt 0.77245682477951056 0.24632018804550172 0
vt 0.72271692752838128 0.1501651108264923 0
vt 0.77245682477951056 0.24632018804550172 0
vt 0.92054140567779536 0.53847819566726688 0
vt 0.94195359945297248 0.56081491708755496 0
vt 0.70003098249435424 0.77898383140563968 0
vt 0.77515518665313728 0.71487349271774288 0
vt 0.70003098249435424 0.77898383140563968 0
vt 0.84005755186080928 0.49677544832229616 0
vt 0.2189950942993164 0.70488649606704712 0
vt 0.27819031476974488 0.77091193199157712 0
vt 0.2189950942993164 0.70488649606704712 0
vt 0.14378118515014648 0.58176922798156736 0
vt 0.8612332344055176 0.65924865007400512 0
vt 0.67671847343444824 0.07810872793197632 0
vt 0.58720690011978152 0.0536232590675354 0
vt 0.75761359930038448 0.82251703739166256 0
vt 0.75761359930038448 0.82251703739166256 0
vt 0.71374398469924928 0.84965854883193968 0
vt 0.61107861995697024 0.20124343037605284 0
vt 0.5523041486740112 0.9191275835037232 0
vt 0.43851959705352784 0.89140832424163824 0
vt 0.43851959705352784 0.89140832424163824 0
vt 0.7478317022323608 0.2048863470554352 0
vt 0.8234493732452392 0.22050225734710692 0
vt 0.8234493732452392 0.79433387517929072 0
vt 0.15914309024810792 0.17723482847213746 0
vt 0.09908831119537354 0.245846688747406 0
vt 0.09833300113677978 0.34653598070144652 0
vt 0.09908831119537354 0.245846688747406 0
vt 0.1602666974067688 0.411241352558136 0
vt 0.951911985874176 0.36311608552932736 0
vt 0.61837768554687504 0.85694348812103264 0
vt 0.50739526748657224 0.88167273998260496 0
vt 0.3696376979351044 0.8261197209358216 0
vt 0.84005755186080928 0.49677544832229616 0
vt 0.89516723155975344 0.42659163475036624 0
vt 0.34433352947235108 0.1961349844932556 0
vt 0.34433352947235108 0.1961349844932556 0
# 541 texture coords

g Box002
usemtl Material #28
s 2
f 263/451/709 275/463/710 231/419/711
f 299/487/712 224/412/713 386/574/714
f 198/386/715 309/497/716 407/595/717
f 240/428/718 140/328/719 315/503/720
f 238/426/721 262/450/722 335/523/723
f 357/545/724 298/486/725 197/385/726
f 260/448/727 259/447/728 305/493/729
f 245/433/730 139/327/731 317/505/732
f 320/508/733 348/536/734 266/454/735
f 368/556/736 340/528/737 380/568/738
f 243/431/739 401/589/740 229/417/741
f 335/523/742 262/450/743 307/495/744
f 196/384/745 310/498/746 207/395/747
f 271/459/748 330/518/749 244/432/750
f 175/363/751 363/551/752 241/429/753
f 200/388/754 373/561/755 197/385/756
f 235/423/757 379/567/758 208/396/759
f 268/456/760 283/471/761 205/393/762
f 291/479/763 347/535/764 329/517/765
f 194/382/766 277/465/767 220/408/768
f 256/444/769 247/435/770 340/528/771
f 397/585/772 144/332/773 277/465/774
f 329/517/775 226/414/776 311/499/777
f 297/485/778 377/565/779 263/451/780
f 283/471/781 254/442/782 361/549/783
f 261/449/784 250/438/785 313/501/786
f 337/525/787 184/372/788 204/392/789
f 222/410/790 233/421/791 243/431/792
f 292/480/793 373/561/794 200/388/795
f 169/357/796 391/579/797 346/534/798
f 321/509/799 252/440/800 353/541/801
f 258/446/802 404/592/803 227/415/804
f 225/413/805 193/381/806 188/376/807
f 192/380/808 157/345/809 193/381/810
f 336/524/811 179/367/812 323/511/813
f 241/429/814 372/560/815 175/363/816
f 228/416/817 151/339/818 177/365/819
f 365/553/820 300/488/821 182/370/822
f 202/390/823 174/362/824 316/504/825
f 298/486/826 276/464/827 270/458/828
f 186/374/829 328/516/830 381/569/831
f 195/383/832 322/510/833 208/396/834
f 286/474/835 386/574/836 224/412/837
f 144/332/838 397/585/839 181/369/840
f 168/356/841 145/333/842 190/378/843
f 236/424/844 165/353/845 239/427/846
f 352/540/847 379/567/848 235/423/849
f 275/463/850 268/456/851 331/519/852
f 163/351/853 234/422/854 214/402/855
f 324/512/856 140/597/857 366/554/858
f 335/523/859 203/391/860 238/426/861
f 167/355/862 359/547/863 288/476/864
f 342/530/865 316/504/866 174/362/867
f 253/441/868 315/598/869 294/482/870
f 302/490/871 305/493/872 259/447/873
f 150/338/874 251/439/875 122/310/876
f 247/435/877 218/406/878 161/349/879
f 171/359/880 181/369/881 396/584/882
f 290/478/883 326/514/884 145/333/885
f 281/469/886 326/599/887 137/325/888
f 289/477/889 252/440/890 321/509/891
f 257/445/892 213/401/893 153/341/894
f 392/580/895 356/544/896 221/409/897
f 330/518/898 154/342/899 358/546/900
f 341/529/901 181/600/902 397/601/903
f 266/454/904 317/602/905 139/603/906
f 221/409/907 186/374/908 392/580/909
f 314/502/910 146/334/911 205/393/912
f 325/513/913 320/508/914 318/506/915
f 191/379/916 248/436/917 170/358/918
f 125/313/919 354/542/920 327/515/921
f 374/562/922 268/456/923 275/463/924
f 180/368/925 230/418/926 293/481/927
f 230/418/928 227/415/929 404/592/930
f 223/411/931 160/348/932 301/489/933
f 140/604/934 324/512/935 260/605/936
f 364/552/937 218/406/938 322/510/939
f 380/568/940 364/552/941 322/510/942
f 394/582/943 251/439/944 150/338/945
f 408/596/946 277/465/947 194/382/948
f 157/606/949 192/607/950 306/494/951
f 278/466/952 306/608/953 269/457/954
f 164/352/955 128/316/956 272/460/957
f 386/574/958 286/474/959 184/372/960
f 312/500/961 270/458/962 276/464/963
f 405/593/964 274/462/965 271/459/966
f 127/315/967 166/354/968 232/420/969
f 295/483/970 375/563/971 216/404/972
f 184/372/973 337/525/974 167/609/975
f 285/473/976 400/588/977 370/558/978
f 335/523/979 307/495/980 233/421/981
f 371/559/982 168/356/983 121/309/984
f 333/521/985 299/487/986 164/352/987
f 333/521/988 255/443/989 130/318/990
f 334/522/991 267/455/992 199/387/993
f 170/610/994 378/566/995 267/455/996
f 309/497/997 280/468/998 407/595/999
f 181/369/1000 171/359/1001 144/332/1002
f 291/479/1003 258/446/1004 347/535/1005
f 122/310/1006 302/490/1007 150/338/1008
f 173/361/1009 143/331/1010 393/581/1011
f 370/558/1012 238/426/1013 285/473/1014
f 242/430/1015 313/501/1016 319/507/1017
f 174/362/1018 242/430/1019 343/531/1020
f 251/439/1021 296/484/1022 360/548/1023
f 372/611/1024 305/493/1025 296/484/1026
f 234/422/1027 163/351/1028 311/499/1029
f 259/447/1030 176/364/1031 302/490/1032
f 249/437/1033 180/612/1034 339/527/1035
f 141/329/1036 228/416/1037 249/437/1038
f 362/550/1039 284/472/1040 178/366/1041
f 194/613/1042 284/472/1043 162/350/1044
f 179/367/1045 336/524/1046 124/312/1047
f 197/385/1048 298/486/1049 200/388/1050
f 180/614/1051 249/437/1052 155/343/1053
f 159/347/1054 180/368/1055 155/615/1056
f 265/453/1057 133/321/1058 273/461/1059
f 151/339/1060 273/461/1061 341/529/1062
f 365/553/1063 182/370/1064 352/540/1065
f 157/616/1066 378/566/1067 215/403/1068
f 240/617/1069 134/322/1070 234/422/1071
f 297/485/1072 310/498/1073 377/565/1074
f 184/372/1075 385/573/1076 211/399/1077
f 288/476/1078 359/547/1079 385/618/1080
f 270/458/1081 312/500/1082 212/400/1083
f 294/482/1084 323/511/1085 253/441/1086
f 369/557/1087 392/580/1088 186/374/1089
f 186/374/1090 173/619/1091 264/452/1092
f 271/459/1093 244/432/1094 405/593/1095
f 254/442/1096 356/620/1097 392/621/1098
f 188/376/1099 282/470/1100 406/594/1101
f 404/592/1102 258/446/1103 291/479/1104
f 300/488/1105 365/553/1106 388/576/1107
f 218/406/1108 123/311/1109 189/377/1110
f 229/622/1111 398/586/1112 219/407/1113
f 190/378/1114 229/417/1115 168/356/1116
f 314/502/1117 246/434/1118 146/334/1119
f 170/623/1120 146/334/1121 246/434/1122
f 269/457/1123 163/351/1124 214/402/1125
f 193/381/1126 225/413/1127 367/555/1128
f 193/381/1129 318/624/1130 320/625/1131
f 282/470/1132 376/564/1133 245/433/1134
f 284/626/1135 194/382/1136 309/497/1137
f 309/497/1138 389/577/1139 280/468/1140
f 195/383/1141 370/627/1142 368/556/1143
f 375/563/1144 295/483/1145 195/383/1146
f 158/346/1147 263/451/1148 377/565/1149
f 196/384/1150 327/515/1151 354/542/1152
f 304/492/1153 239/427/1154 210/398/1155
f 290/478/1156 145/333/1157 304/492/1158
f 198/386/1159 407/595/1160 299/487/1161
f 289/477/1162 257/445/1163 153/341/1164
f 231/419/1165 390/578/1166 263/451/1167
f 306/628/1168 199/629/1169 267/630/1170
f 399/587/1171 200/388/1172 124/312/1173
f 298/486/1174 345/533/1175 200/388/1176
f 254/442/1177 283/471/1178 250/438/1179
f 354/542/1180 125/313/1181 374/562/1182
f 250/438/1183 261/449/1184 254/442/1185
f 405/593/1186 135/323/1187 187/375/1188
f 148/336/1189 303/491/1190 203/391/1191
f 303/491/1192 136/324/1193 285/473/1194
f 133/321/1195 265/453/1196 247/435/1197
f 204/392/1198 184/372/1199 286/474/1200
f 232/631/1201 314/502/1202 361/549/1203
f 308/496/1204 361/549/1205 254/442/1206
f 340/528/1207 206/394/1208 256/444/1209
f 400/588/1210 285/473/1211 136/324/1212
f 207/395/1213 403/591/1214 149/337/1215
f 327/515/1216 196/384/1217 207/395/1218
f 379/567/1219 387/575/1220 375/563/1221
f 375/563/1222 387/575/1223 216/404/1224
f 209/397/1225 339/527/1226 180/632/1227
f 209/633/1228 180/368/1229 132/320/1230
f 165/634/1231 312/500/1232 276/464/1233
f 165/353/1234 210/398/1235 239/427/1236
f 299/487/1237 386/574/1238 164/352/1239
f 164/352/1240 211/399/1241 128/316/1242
f 129/317/1243 185/373/1244 212/400/1245
f 342/530/1246 174/362/1247 343/531/1248
f 373/635/1249 213/401/1250 281/469/1251
f 373/561/1252 292/480/1253 213/636/1254
f 214/402/1255 234/422/1256 134/322/1257
f 263/451/1258 278/637/1259 297/485/1260
f 131/319/1261 182/370/1262 215/638/1263
f 348/536/1264 320/508/1265 325/513/1266
f 166/354/1267 127/315/1268 393/581/1269
f 173/361/1270 393/581/1271 264/639/1272
f 321/509/1273 138/326/1274 362/640/1275
f 394/582/1276 138/641/1277 251/439/1278
f 273/461/1279 151/339/1280 332/520/1281
f 332/520/1282 151/339/1283 123/311/1284
f 169/357/1285 219/407/1286 255/443/1287
f 346/534/1288 219/407/1289 169/357/1290
f 144/332/1291 171/359/1292 220/408/1293
f 144/332/1294 220/408/1295 277/465/1296
f 358/546/1297 154/342/1298 221/409/1299
f 186/374/1300 221/409/1301 328/516/1302
f 148/336/1303 233/421/1304 222/410/1305
f 303/491/1306 148/336/1307 222/410/1308
f 355/543/1309 223/411/1310 294/482/1311
f 323/511/1312 294/482/1313 223/411/1314
f 171/359/1315 407/595/1316 280/468/1317
f 224/412/1318 344/532/1319 286/474/1320
f 329/517/1321 225/413/1322 291/479/1323
f 225/413/1324 329/517/1325 269/457/1326
f 226/414/1327 172/360/1328 176/364/1329
f 347/535/1330 258/446/1331 172/360/1332
f 227/415/1333 394/582/1334 258/446/1335
f 230/418/1336 287/475/1337 227/415/1338
f 388/576/1339 189/377/1340 123/311/1341
f 228/416/1342 123/311/1343 151/339/1344
f 152/340/1345 229/642/1346 219/407/1347
f 243/431/1348 229/417/1349 152/643/1350
f 159/347/1351 287/475/1352 230/418/1353
f 230/418/1354 180/368/1355 159/347/1356
f 390/578/1357 231/419/1358 334/522/1359
f 146/334/1360 170/644/1361 331/519/1362
f 361/549/1363 156/344/1364 338/526/1365
f 156/645/1366 369/557/1367 338/646/1368
f 168/356/1369 401/589/1370 121/309/1371
f 401/589/1372 168/356/1373 229/417/1374
f 240/647/1375 234/422/1376 147/335/1377
f 147/335/1378 234/422/1379 176/364/1380
f 235/423/1381 208/396/1382 322/510/1383
f 189/377/1384 388/576/1385 365/553/1386
f 154/342/1387 330/518/1388 402/590/1389
f 239/427/1390 121/309/1391 236/424/1392
f 383/571/1393 271/459/1394 274/462/1395
f 212/400/1396 237/425/1397 142/330/1398
f 238/426/1399 370/558/1400 384/572/1401
f 173/648/1402 186/374/1403 381/569/1404
f 145/333/1405 168/356/1406 371/559/1407
f 304/492/1408 145/333/1409 239/427/1410
f 240/428/1411 315/503/1412 183/371/1413
f 183/371/1414 134/649/1415 240/428/1416
f 124/312/1417 336/524/1418 241/429/1419
f 241/429/1420 399/587/1421 124/312/1422
f 149/337/1423 242/430/1424 319/507/1425
f 149/337/1426 343/531/1427 242/430/1428
f 349/537/1429 128/650/1430 359/547/1431
f 128/316/1432 349/651/1433 272/460/1434
f 221/409/1435 135/323/1436 244/432/1437
f 135/323/1438 405/593/1439 244/432/1440
f 209/652/1441 132/320/1442 245/433/1443
f 245/433/1444 406/594/1445 282/470/1446
f 387/575/1447 191/379/1448 350/538/1449
f 170/358/1450 246/653/1451 191/379/1452
f 247/435/1453 337/654/1454 204/655/1455
f 247/435/1456 204/656/1457 133/321/1458
f 131/319/1459 352/540/1460 182/370/1461
f 378/657/1462 170/358/1463 248/436/1464
f 249/437/1465 228/416/1466 177/365/1467
f 249/437/1468 177/365/1469 155/343/1470
f 319/507/1471 313/501/1472 250/438/1473
f 125/313/1474 250/438/1475 201/389/1476
f 217/405/1477 296/484/1478 251/439/1479
f 138/658/1480 217/405/1481 251/439/1482
f 289/477/1483 153/341/1484 252/440/1485
f 363/551/1486 353/659/1487 252/660/1488
f 403/591/1489 207/395/1490 253/661/1491
f 323/511/1492 129/317/1493 253/441/1494
f 261/449/1495 187/662/1496 254/442/1497
f 356/663/1498 254/442/1499 187/664/1500
f 255/443/1501 281/469/1502 213/401/1503
f 213/401/1504 257/445/1505 255/443/1506
f 167/355/1507 256/665/1508 136/324/1509
f 136/666/1510 256/444/1511 206/394/1512
f 130/318/1513 255/443/1514 257/445/1515
f 257/445/1516 198/386/1517 130/318/1518
f 302/490/1519 258/446/1520 150/338/1521
f 150/338/1522 258/446/1523 394/582/1524
f 176/364/1525 259/447/1526 147/335/1527
f 324/667/1528 259/447/1529 260/448/1530
f 223/411/1531 355/543/1532 160/348/1533
f 160/348/1534 260/668/1535 305/669/1536
f 382/570/1537 202/390/1538 187/670/1539
f 174/362/1540 202/390/1541 382/570/1542
f 154/342/1543 328/516/1544 221/409/1545
f 402/590/1546 262/450/1547 154/342/1548
f 126/314/1549 263/451/1550 390/578/1551
f 263/451/1552 126/314/1553 278/671/1554
f 127/315/1555 338/672/1556 264/673/1557
f 264/674/1558 393/581/1559 127/315/1560
f 123/311/1561 218/406/1562 332/520/1563
f 218/406/1564 247/435/1565 265/453/1566
f 300/488/1567 266/454/1568 348/536/1569
f 317/675/1570 266/454/1571 339/527/1572
f 378/676/1573 157/677/1574 267/678/1575
f 267/455/1576 157/679/1577 306/494/1578
f 268/456/1579 205/393/1580 146/334/1581
f 331/519/1582 268/456/1583 146/334/1584
f 192/680/1585 269/681/1586 306/494/1587
f 367/555/1588 225/413/1589 269/457/1590
f 212/400/1591 185/373/1592 270/458/1593
f 395/583/1594 323/511/1595 179/367/1596
f 271/459/1597 383/571/1598 165/353/1599
f 351/539/1600 165/353/1601 236/424/1602
f 152/340/1603 272/460/1604 349/682/1605
f 346/534/1606 391/579/1607 272/460/1608
f 273/683/1609 396/584/1610 181/369/1611
f 181/684/1612 341/529/1613 273/461/1614
f 274/462/1615 142/685/1616 383/571/1617
f 202/390/1618 142/686/1619 274/687/1620
f 374/562/1621 275/463/1622 354/542/1623
f 263/451/1624 158/346/1625 275/463/1626
f 357/545/1627 276/464/1628 298/486/1629
f 276/464/1630 210/688/1631 165/689/1632
f 279/467/1633 277/690/1634 159/347/1635
f 408/691/1636 159/347/1637 277/692/1638
f 214/402/1639 278/466/1640 269/457/1641
f 214/693/1642 297/485/1643 278/694/1644
f 155/695/1645 279/467/1646 159/347/1647
f 177/365/1648 397/696/1649 155/343/1650
f 389/577/1651 220/408/1652 280/468/1653
f 280/468/1654 220/408/1655 171/359/1656
f 281/469/1657 255/443/1658 219/407/1659
f 219/407/1660 398/586/1661 281/469/1662
f 193/381/1663 282/470/1664 188/376/1665
f 320/697/1666 282/470/1667 193/381/1668
f 283/471/1669 268/456/1670 201/389/1671
f 283/471/1672 201/389/1673 250/438/1674
f 138/698/1675 162/350/1676 284/472/1677
f 138/326/1678 284/699/1679 362/700/1680
f 303/491/1681 285/473/1682 203/391/1683
f 203/391/1684 285/473/1685 238/426/1686
f 396/584/1687 286/474/1688 171/359/1689
f 286/474/1690 133/701/1691 204/392/1692
f 408/702/1693 194/703/1694 162/350/1695
f 287/475/1696 162/350/1697 227/415/1698
f 288/704/1699 184/705/1700 167/706/1701
f 385/573/1702 184/372/1703 288/707/1704
f 309/497/1705 198/386/1706 362/708/1707
f 198/386/1708 257/445/1709 289/477/1710
f 290/709/1711 137/710/1712 326/711/1713
f 137/712/1714 290/713/1715 304/714/1716
f 291/479/1717 188/376/1718 406/594/1719
f 188/376/1720 291/479/1721 225/413/1722
f 399/587/1723 241/429/1724 363/551/1725
f 213/401/1726 292/715/1727 153/341/1728
f 406/594/1729 404/592/1730 291/479/1731
f 180/368/1732 293/481/1733 132/320/1734
f 140/716/1735 355/543/1736 294/482/1737
f 140/717/1738 294/482/1739 315/718/1740
f 143/331/1741 195/383/1742 295/483/1743
f 216/404/1744 143/331/1745 295/483/1746
f 296/484/1747 217/405/1748 353/719/1749
f 296/720/1750 175/363/1751 372/560/1752
f 134/721/1753 183/371/1754 297/485/1755
f 297/485/1756 214/722/1757 134/723/1758
f 179/367/1759 298/486/1760 395/583/1761
f 298/486/1762 179/367/1763 345/533/1764
f 299/487/1765 333/521/1766 130/318/1767
f 299/487/1768 130/318/1769 198/386/1770
f 266/454/1771 300/488/1772 141/329/1773
f 388/576/1774 141/329/1775 300/488/1776
f 372/560/1777 241/429/1778 301/489/1779
f 336/524/1780 301/489/1781 241/429/1782
f 172/360/1783 302/490/1784 176/364/1785
f 302/490/1786 172/360/1787 258/446/1788
f 167/355/1789 136/324/1790 303/491/1791
f 303/491/1792 222/410/1793 167/355/1794
f 304/724/1795 197/385/1796 137/725/1797
f 197/385/1798 304/726/1799 357/545/1800
f 360/727/1801 296/728/1802 305/729/1803
f 305/493/1804 302/490/1805 122/310/1806
f 390/578/1807 306/494/1808 126/314/1809
f 126/730/1810 306/731/1811 278/466/1812
f 402/590/1813 330/518/1814 121/309/1815
f 307/495/1816 121/309/1817 233/421/1818
f 254/732/1819 392/580/1820 308/733/1821
f 361/549/1822 308/496/1823 156/344/1824
f 362/734/1825 178/735/1826 309/497/1827
f 309/497/1828 178/736/1829 284/737/1830
f 310/498/1831 183/371/1832 207/395/1833
f 310/498/1834 297/485/1835 183/371/1836
f 176/364/1837 311/499/1838 226/414/1839
f 311/499/1840 176/364/1841 234/422/1842
f 237/425/1843 212/400/1844 312/500/1845
f 312/500/1846 165/738/1847 237/425/1848
f 382/570/1849 313/501/1850 174/362/1851
f 242/430/1852 174/362/1853 313/501/1854
f 314/739/1855 232/420/1856 166/354/1857
f 350/538/1858 314/740/1859 166/354/1860
f 207/395/1861 183/371/1862 315/503/1863
f 315/503/1864 253/741/1865 207/395/1866
f 316/742/1867 212/400/1868 142/330/1869
f 202/390/1870 316/504/1871 142/743/1872
f 339/527/1873 209/397/1874 317/744/1875
f 245/433/1876 317/505/1877 209/745/1878
f 215/403/1879 318/746/1880 157/747/1881
f 318/748/1882 193/749/1883 157/750/1884
f 125/313/1885 319/507/1886 250/438/1887
f 327/515/1888 319/507/1889 125/313/1890
f 282/470/1891 320/751/1892 376/564/1893
f 139/752/1894 320/508/1895 266/454/1896
f 321/753/1897 353/754/1898 217/405/1899
f 138/755/1900 321/756/1901 217/405/1902
f 218/406/1903 189/377/1904 322/510/1905
f 322/510/1906 189/377/1907 235/423/1908
f 185/373/1909 129/317/1910 323/511/1911
f 185/373/1912 323/511/1913 270/458/1914
f 240/757/1915 147/335/1916 324/758/1917
f 324/759/1918 147/335/1919 259/447/1920
f 182/370/1921 325/513/1922 215/760/1923
f 318/506/1924 215/761/1925 325/513/1926
f 398/586/1927 326/762/1928 281/469/1929
f 326/514/1930 190/378/1931 145/333/1932
f 207/395/1933 149/337/1934 327/515/1935
f 319/507/1936 327/515/1937 149/337/1938
f 328/516/1939 154/342/1940 262/450/1941
f 238/426/1942 328/516/1943 262/450/1944
f 311/499/1945 163/351/1946 329/517/1947
f 163/351/1948 269/457/1949 329/517/1950
f 330/518/1951 236/424/1952 121/309/1953
f 330/518/1954 351/539/1955 236/424/1956
f 334/522/1957 231/419/1958 331/519/1959
f 231/419/1960 275/463/1961 331/519/1962
f 332/520/1963 218/406/1964 265/453/1965
f 273/461/1966 332/520/1967 265/453/1968
f 169/357/1969 333/521/1970 391/579/1971
f 255/443/1972 333/521/1973 169/357/1974
f 267/455/1975 334/522/1976 170/763/1977
f 170/764/1978 334/522/1979 331/519/1980
f 233/421/1981 148/336/1982 335/523/1983
f 335/523/1984 148/336/1985 203/391/1986
f 301/489/1987 336/524/1988 223/411/1989
f 323/511/1990 223/411/1991 336/524/1992
f 337/765/1993 247/435/1994 256/444/1995
f 256/444/1996 167/766/1997 337/767/1998
f 232/420/1999 338/768/2000 127/315/2001
f 361/549/2002 338/526/2003 232/769/2004
f 141/329/2005 339/527/2006 266/454/2007
f 141/329/2008 249/437/2009 339/527/2010
f 161/349/2011 340/528/2012 247/435/2013
f 340/528/2014 364/552/2015 380/568/2016
f 397/770/2017 177/365/2018 341/529/2019
f 341/529/2020 177/365/2021 151/339/2022
f 316/771/2023 342/772/2024 212/400/2025
f 342/773/2026 343/774/2027 212/400/2028
f 129/775/2029 212/776/2030 343/531/2031
f 253/777/2032 129/778/2033 343/531/2034
f 344/532/2035 171/359/2036 286/474/2037
f 407/595/2038 171/359/2039 344/532/2040
f 124/312/2041 200/388/2042 345/533/2043
f 124/312/2044 345/533/2045 179/367/2046
f 272/460/2047 152/340/2048 346/534/2049
f 152/340/2050 219/407/2051 346/534/2052
f 347/535/2053 172/360/2054 226/414/2055
f 226/414/2056 329/517/2057 347/535/2058
f 348/536/2059 182/370/2060 300/488/2061
f 182/370/2062 348/536/2063 325/513/2064
f 359/547/2065 243/431/2066 349/537/2067
f 152/779/2068 349/537/2069 243/431/2070
f 191/379/2071 246/780/2072 350/538/2073
f 246/781/2074 314/782/2075 350/538/2076
f 351/539/2077 330/518/2078 271/459/2079
f 165/353/2080 351/539/2081 271/459/2082
f 379/567/2083 352/540/2084 248/436/2085
f 131/319/2086 248/436/2087 352/540/2088
f 296/783/2089 353/784/2090 175/363/2091
f 363/551/2092 175/363/2093 353/785/2094
f 354/542/2095 158/346/2096 196/384/2097
f 354/542/2098 275/463/2099 158/346/2100
f 260/786/2101 160/348/2102 355/543/2103
f 355/543/2104 140/787/2105 260/788/2106
f 135/323/2107 221/409/2108 356/544/2109
f 356/544/2110 187/375/2111 135/323/2112
f 210/789/2113 276/464/2114 357/545/2115
f 357/545/2116 304/790/2117 210/791/2118
f 358/546/2119 244/432/2120 330/518/2121
f 221/409/2122 244/432/2123 358/546/2124
f 167/355/2125 222/410/2126 359/547/2127
f 243/431/2128 359/547/2129 222/410/2130
f 122/310/2131 360/548/2132 305/493/2133
f 360/548/2134 122/310/2135 251/439/2136
f 283/471/2137 361/549/2138 205/393/2139
f 205/393/2140 361/549/2141 314/502/2142
f 362/792/2143 289/477/2144 321/509/2145
f 289/477/2146 362/793/2147 198/386/2148
f 292/480/2149 363/551/2150 153/794/2151
f 252/795/2152 153/796/2153 363/551/2154
f 340/528/2155 161/349/2156 364/552/2157
f 218/406/2158 364/552/2159 161/349/2160
f 235/423/2161 365/553/2162 352/540/2163
f 365/553/2164 235/423/2165 189/377/2166
f 366/797/2167 240/798/2168 324/799/2169
f 140/328/2170 240/428/2171 366/800/2172
f 193/381/2173 367/555/2174 192/380/2175
f 269/801/2176 192/802/2177 367/803/2178
f 340/528/2179 368/556/2180 206/394/2181
f 400/804/2182 368/556/2183 370/805/2184
f 264/452/2185 369/557/2186 186/374/2187
f 369/557/2188 264/452/2189 338/806/2190
f 195/383/2191 143/331/2192 370/807/2193
f 384/808/2194 370/809/2195 143/331/2196
f 121/309/2197 239/427/2198 371/559/2199
f 145/333/2200 371/559/2201 239/427/2202
f 305/810/2203 372/560/2204 160/348/2205
f 301/489/2206 160/348/2207 372/560/2208
f 137/811/2209 197/385/2210 373/561/2211
f 281/812/2212 137/813/2213 373/561/2214
f 374/562/2215 201/389/2216 268/456/2217
f 201/389/2218 374/562/2219 125/313/2220
f 375/563/2221 208/396/2222 379/567/2223
f 195/383/2224 208/396/2225 375/563/2226
f 139/814/2227 376/815/2228 320/508/2229
f 139/327/2230 245/433/2231 376/564/2232
f 377/565/2233 196/384/2234 158/346/2235
f 310/498/2236 196/384/2237 377/565/2238
f 248/436/2239 131/319/2240 378/816/2241
f 215/817/2242 378/818/2243 131/319/2244
f 248/436/2245 191/379/2246 379/567/2247
f 387/575/2248 379/567/2249 191/379/2250
f 368/556/2251 380/568/2252 195/383/2253
f 322/510/2254 195/383/2255 380/568/2256
f 384/572/2257 381/569/2258 238/426/2259
f 328/516/2260 238/426/2261 381/569/2262
f 187/819/2263 261/449/2264 382/570/2265
f 313/501/2266 382/570/2267 261/449/2268
f 237/820/2269 383/571/2270 142/821/2271
f 383/571/2272 237/822/2273 165/353/2274
f 384/823/2275 143/331/2276 173/361/2277
f 381/569/2278 384/572/2279 173/824/2280
f 128/316/2281 211/399/2282 385/573/2283
f 385/825/2284 359/547/2285 128/826/2286
f 164/352/2287 386/574/2288 211/399/2289
f 184/372/2290 211/399/2291 386/574/2292
f 166/354/2293 387/575/2294 350/538/2295
f 393/581/2296 387/575/2297 166/354/2298
f 141/329/2299 388/576/2300 228/416/2301
f 123/311/2302 228/416/2303 388/576/2304
f 389/577/2305 309/497/2306 194/382/2307
f 220/408/2308 389/577/2309 194/382/2310
f 306/494/2311 390/578/2312 199/387/2313
f 334/522/2314 199/387/2315 390/578/2316
f 164/352/2317 391/579/2318 333/521/2319
f 391/579/2320 164/352/2321 272/460/2322
f 156/827/2323 392/580/2324 369/557/2325
f 156/828/2326 308/829/2327 392/580/2328
f 387/575/2329 393/581/2330 216/404/2331
f 143/331/2332 216/404/2333 393/581/2334
f 162/350/2335 138/830/2336 394/582/2337
f 227/415/2338 162/350/2339 394/582/2340
f 270/458/2341 323/511/2342 395/583/2343
f 270/458/2344 395/583/2345 298/486/2346
f 396/584/2347 273/831/2348 133/832/2349
f 286/474/2350 396/584/2351 133/833/2352
f 397/834/2353 279/835/2354 155/343/2355
f 277/465/2356 279/836/2357 397/585/2358
f 326/837/2359 398/586/2360 190/838/2361
f 229/839/2362 190/840/2363 398/586/2364
f 363/551/2365 292/480/2366 399/587/2367
f 200/388/2368 399/587/2369 292/480/2370
f 368/556/2371 400/841/2372 206/394/2373
f 136/324/2374 206/842/2375 400/588/2376
f 401/589/2377 243/431/2378 233/421/2379
f 233/421/2380 121/309/2381 401/589/2382
f 121/309/2383 307/495/2384 402/590/2385
f 262/450/2386 402/590/2387 307/495/2388
f 343/843/2389 403/844/2390 253/441/2391
f 343/531/2392 149/337/2393 403/591/2394
f 132/320/2395 293/481/2396 404/592/2397
f 404/592/2398 293/481/2399 230/418/2400
f 405/593/2401 202/845/2402 274/462/2403
f 187/846/2404 202/390/2405 405/847/2406
f 245/433/2407 132/320/2408 406/594/2409
f 132/320/2410 404/592/2411 406/594/2412
f 224/412/2413 299/487/2414 407/595/2415
f 344/532/2416 224/412/2417 407/595/2418
f 159/347/2419 408/848/2420 287/475/2421
f 162/350/2422 287/475/2423 408/849/2424
#572 polygons


#
# object Box003
#

v 1.8764978647232056 1.25543212890625 -1.28641402721405028
v 1.617581844329834 4.15232086181640624 7.32185649871826172
v 2.61642432212829592 -4.49454832077026368 2.23809432983398436
v -4.73885965347290032 -1.82724237442016608 2.51942157745361328
v -1.5554382801055908 3.2149934768676758 5.25865077972412108
v 3.41827249526977536 -1.33162546157836916 6.73461818695068352
v -1.6254814863204956 -2.7732787132263184 6.21862268447875976
v 3.87763285636901856 3.87763357162475584 4.6112380027770996
v -1.51044142246246336 2.51735067367553712 -0.21904811263084412
v 3.4418742656707764 -0.66193169355392456 3.46354079246521
v -2.87225389480590816 -2.8722543716430664 1.70219647884368896
v -1.40979063510894776 0.47255873680114744 7.97662925720214848
v -4.01392936706542968 3.127518892288208 3.68470644950866696
v 2.51233744621276856 -4.32017278671264648 5.35347890853881836
v 1.12271499633789062 3.88693118095397952 2.78693151473999024
v -2.7224664688110352 -2.72246694564819328 4.42914724349975584
v 2.81438398361206048 0.5479978322982788 6.25150728225708008
v 3.0996561050415039 3.0996565818786621 2.77768969535827632
v -5.02339744567871094 -0.4832628071308136 4.78257751464843744
v 3.93785524368286128 -5.822261211563609E-14 0.8497159481048584
v 0.63474345207214352 -3.26668596267700196 6.32443761825561524
v 0.48783287405967712 -5.05431604385375977 2.02797627449035644
v -0.92780131101608272 2.40293812751770016 3.06038856506347656
v -3.68061113357543944 0 0.6580771207809448
v 2.60459280014038088 -1.43208384513854984 1.6422922611236572
v -0.77443301677703856 3.97730040550231936 7.18184041976928712
v -3.75423884391784672 1.0961010456085205 7.00339078903198242
v -5.27219533920288084 2.02757000923156738 4
v 4.08872270584106445 2.38017988204956056 5.6028189659118652
v 4.2368183135986328 -2.461780309677124 4.99502468109130864
v 1.16467666625976562 -3.9891164302825928 0.80870717763900752
v -1.7969331741333008 2.40080070495605472 6.46696472167968752
v 2.1836414898501744E-09 -0.64418774843215944 -1.44012629985809328
v 0.47466352581977848 3.31537675857543944 0.05622509121894836
v -0.59213572740554808 -3.06389832496643066 5.43734741210937504
v -3.76857113838195808 -2.9371378421783448 3.40801835060119632
v 2.93183708190917968 -2.93183684349060064 6.09578371047973632
v 3.35487008094787596 2.98325943946838384 1.31610381603240968
v -1.2859865427017212 -2.9262404441833496 1.34841060638427736
v 0.56371736526489256 -1.68174576759338376 8.74373912811279296
v -3.8812005519866944 2.64035248756408688 2.4764723777770996
v 1.11478424072265624 0.55852848291397096 8.70951461791992184
v 1.46314299106597904 -5.07943487167358398 4
v -2.894099235534668 -2.27124476432800292 6.315279483795166
v -1.1192418926343414E-14 3.54475188255310056 2.33794093132019044
v 2.41693925857543944 5.00168609619140625 5.56474113464355472
v -4.5016160011291504 -0.43585953116416928 6.465153694152832
v -4.78011417388916016 0.92238342761993408 2.1341395378112793
v 3.81677913665771488 1.841159462928772 3.40314841270446776
v 3.64783859252929688 -2.48159790039062496 2.56807637214660648
v -0.66293156147003176 1.32316553592681884 -1.58984136581420896
v -1.3773514032363892 -3.57209157943725584 2.88395905494689936
v -3.23114228248596192 2.20558357238769532 6.03745841979980469
v 2.97005891799926752 1.8759585966349364E-14 5.39259767532348632
v -1.17462551593780518 -0.78585898876190192 7.30912113189697264
v 2.04307937622070312 -2.04307937622070312 8.28713321685791016
v -2.20386743545532228 -1.7617383003234864 0.3153027892112732
v -0.36097818613052368 -3.74502825736999504 5.1672525405883789
v 5.918865658011141E-14 2.91356706619262688 8.05947780609130859
v 1.7756367921829224 -0.5951895713806152 -1.00857985019683837
v 3.76871919631958 -3.76871895790100096 5.18831443786621092
v 2.02157211303710937 -2.83200192451477056 0.65038168430328368
v 4.02937841415405273 -4.02937793731689453 3.68239998817443848
v 1.36986744403839112 4.75562191009521488 4
v 4.13841915130615234 2.00493168830871582 2.0534360408782959
v -4.41274118423461912 -1.70923864841461184 1.57912135124206544
v -5.04201507568359375 1.45635354518890384 5.57355690002441408
v -0.41809293627738952 -4.31812047958374024 1.63533210754394528
v 2.16437864303588868 2.59995007514953616 7.5972318649291992
v 3.58644890785217288 3.58644914627075192 6.26900243759155272
v -1.69208478927612304 -2.4927785396575928 4.3909640312194824
v -2.05696654319763184 1.7123615741729736 6.84597206115722656
v 0.94446933269500736 -2.8304269313812256 7.93907785415649408
v -2.39362430572509768 2.69898939132690432 2.72404193878173824
v 2.20743680000305176 -2.57464647293090824 7.03855514526367187
v -0.61511498689651488 3.2000267505645752 3.75056695938110352
v -1.99660754203796384 -2.92857766151428224 2.38814544677734376
v -5.51805973052978512 0.53059327602386472 4.42991065979003904
v -2.82865715026855472 1.61411285400390624 0.64762705564498904
v 3.2135624885559082 2.29394221305847168 0.19908177852630616
v 4.16696405410766602 0.40279877185821536 2.04594635963439941
v -0.42519655823707584 1.2684946060180664 7.57807207107543944
v -0.9181373715400696 3.1446986198425293 1.48424160480499264
v 3.42220973968505856 -0.6613837480545044 5.6054396629333496
v 2.40337038040161136 -4.98225975036621088 3.22089552879333496
v 3.13362789154052734 7.514384670059826E-09 0.27151674032211304
v -3.30061697959899904 3.30061674118041992 3.4797179698944092
v 2.130906343460083 3.64665126800537112 1.70276868343353272
v 2.43840909004211424 4.16676664352416992 6.97053909301757808
v -0.41004180908203128 4.25877141952514648 4.99482917785644528
v -1.58585345745086672 3.25195717811584472 6.60156583786010744
v 3.50417423248291016 0.67346847057342528 4
v -1.72522890567779536 -2.97215294837951664 3.76724219322204592
v -0.8598922491073608 -2.1435098648071289 0.40093776583671568
v -1.04775214195251465 -2.09830951690673828 6.91582345962524416
v -0.81272941827774048 4.19831562042236328 6.2998971939086914
v -3.23381185531616212 -3.2338120937347412 2.98034691810607904
v 0.9169572591781616 -2.28575944900512696 0.16209331154823304
v -2.4644668102264404 2.46446728706359864 1.0979609489440918
v 0.61543750762939456 2.44655418395996096 -1.16507840156555176
v -2.91999983787536624 2.58962917327880856 5.38044214248657224
v -2.8235387802124024 -1.20887744426727296 0.64802813529968264
v 2.40901947021484376 3.54115152359008792 2.6099553108215332
v -3.86160874366760256 1.87357699871063232 1.87937736511230464
v 3.31027770042419432 1.94022870063781744 6.64822196960449216
v 3.27732753753662108 -3.277327299118042 2.18915295600891112
v -3.17869186401367188 -2.48006319999694824 4.99885988235473632
v -3.63993835449218752 -1.0627293586730957 6.91195011138916016
v -2.09808921813964844 0.4215377569198608 7.52653121948242184
v -2.10832452774047852 -1.40292453765869144 6.92390441894531248
v 1.217454195022583 -4.20893144607543944 5.64414596557617184
v -0.48262658715248104 -1.91858971118927008 8.05045890808105469
v 2.6985793113708496 -1.31137073040008544 2.30159616470336916
v -3.91291260719299312 5.784180643134129E-14 7.13033008575439454
v -1.78791069984436032 2.61925840377807616 5.65162372589111328
v -0.29312491416931152 -2.66335844993591312 6.417973518371582
v 0.45003128051757816 -4.6802310943603516 4.36463546752929688
v 3.40723156929016112 -2.3229379653930664 5.875300407409668
v -4.45028305053710936 -0.43164914846420288 1.20578551292419432
v 4.21571826934814452 3.28563451766967772 4.66222143173217776
v -2.06480145454406738 -2.63970327377319336 5.45461750030517576
v 2.3657419681549072 4.90425682067871088 4.76690721511840816
v 1.0099109411239624 2.01118683815002441 8.2408151626586914
v 4.31275606155395508 -2.07950115203857422 4.33725786209106444
v -3.99412536621093744 -1.54008233547210696 5.24789857864379884
v 1.91389346122741696 0.9610555768013 8.03566265106201172
v -4.4632015228271484 -0.8625681400299072 6.09379339218139648
v 3.22740721702575684 -4.1391158103942871 3.02488446235656738
v 2.5248548984527588 0.36148428916931152 7.00341796875
v -2.1759328842163086 2.77589011192321776 2.01853609085083007
v 0.74723815917968752 3.86644673347473152 2.18615794181823732
v 3.1862502098083496 -0.61398440599441528 4.99357128143310544
v 3.3703129291534424 -0.65624451637268064 6.69625043869018552
v -1.23816418647766112 1.62498188733054E-14 -1.23278510570526124
v 2.43546295166015624 -1.46130788326263424 8.08180618286132812
v 3.42405343055725096 2.67149734497070312 2.92403888702392576
v 4.08699226379394531 0.79579150676727296 0.73040634393692016
v -3.82644033432006832 1.48476684093475344 6.40622329711914064
v -3.45947980880737304 2.35855913162231444 2.09594345092773438
v -5.08985662460327148 -1.9908379389477204E-09 3.20719623565673828
v -2.29174137115478516 3.37432861328125 4.793677806854248
v 1.77804875373840336 3.11594700813293458 0.30714648962020876
v 3.8289270401000976 -9.806298636072693E-15 2.80678701400756832
v -4.55858182907104496 2.64707589149475096 4.7138934135437012
v -1.2607775926589966 1.67938387393951416 7.53377819061279296
v -2.66618108749389648 -2.6661813259124756 5.47316598892211912
v 3.2269926071166992 -0.932096004486084 2.99289107322692864
v -5.904546057818039E-14 -3.99175095558166496 0.80659943819046016
v -0.92507261037826544 3.189006836379349E-09 7.90958309173583984
v -2.60063099861145016 -2.60063099861145016 1.33769381046295168
v 0.49851831793785096 -5.1777048110961914 2.79051232337951664
v -0.89884871244430544 3.1427774429321289 7.7356963157653808
v 2.58252000808715824 -0.51886719465255736 -0.34077614545822144
v -2.64509201049804688 -1.13247644901275634 7.14012861251831054
v -2.58900880813598632 2.5890085697174072 6.07120704650878906
v 3.85646581649780272 1.48902451992034912 5.50797891616821288
v 5.684341886080802E-14 3.26185941696166992 1.67960107326507568
v 9.905321896042096E-09 -1.67526638507843016 -0.7274112701416016
v -3.6069626808166504 1.05310177803039551 1.11443006992340088
v -2.17582416534423828 -2.4642624855041504 6.22289228439331056
v -4.72532844543457024 -1.36207687854766848 3.262880802154541
v 3.60934901237487792 2.38381266593933104 0.73645681142807008
v -0.4203811287879944 -2.51613640785217288 7.5047345161437988
v -3.1307816505432129 -3.130781888961792 3.7532281875610352
v -0.45633912086486816 3.18738651275634764 0.20847469568252564
v 0.47223567962646488 4.90472841262817376 5.1457219123840332
v -1.20527648925781248 -3.106156587600708 2.04672098159790039
v 2.787752628326416 -2.18778538703918456 1.76979768276214592
v 2.86601114273071296 2.950848898564118E-09 6.60228204727172848
v -3.05039167404174805 3.05039143562316895 4.72117710113525392
v -5.04769420623779297 1.94413495063781744 2.81792044639587408
v -0.84587681293487552 -2.92849493026733392 4.91395044326782224
v 2.56557059288024904 -1.09843003749847412 0.95427566766738896
v -2.89972758293151856 0.41515493392944336 0.55065649747848512
v 0.40432462096214296 4.15214014053344726 7.32171154022216796
v 2.71893000602722168 4.6651930809020996 6.19693470001220704
v -3.31933522224426268 3.31933474540710448 4
v -0.78062570095062256 2.70577812194824216 3.36708164215087888
v -2.35326266288757324 -0.47280594706535336 0.04456660151481628
v 4.40217256546020504 -2.98687219619750976 4
v -1.66887152194976808 1.6688716411590576 -0.69124084711074832
v 2.95869541168212896 1.47736978530883792 -0.11142075061798096
v -3.240678071975708 1.89943468570709232 6.59254217147827152
v -2.05955719947814941 -3.0090184211730957 1.59278535842895504
v 0.78957360982894896 4.10557937622070312 3.36009407043457032
v 3.11234760284423828 1.2173950736382722E-09 4.48478364944458008
v 0.96676611900329584 -3.31835556030273436 6.36199426651000976
v 4.01046133041381836 -4.01046085357666015 4.6321759223937988
v 4.05097627639770508 -2.75130033493042 3.04716801643371582
v 3.40481376647949216 3.02767109870910644 6.72385120391845696
v 2.44116449356079104 -4.18330574035644532 1.70018982887268064
v 0.44852638244628904 -3.13281655311584472 0.27338770031929016
v 3.80562782287597664 -0.36847192049026488 1.9159808158874512
v -3.4715633392333984 -2.01586556434631347 4.54366159439086912
v 3.47079539299011232 -1.34217071533203124 5.6307926177978516
v 1.47397148609161376 5.11351490020751954 4.79767370223999024
v 1.9376412630081176 -2.9337973594665528 6.65271520614624024
v 2.61965322494506832 0.86338537931442256 6.37583684921264648
v -3.50522947311401368 -2.04547357559204102 5.92703247070312496
v 3.82948446273803712 -1.8486580848693848 3.10198116302490234
v -0.94344568252563472 3.27525806427001952 4
v 3.4485890865325928 -4.4263954162597656 4
v -3.13550090789794922 1.17187738418579102 7.23734951019287108
v -4.6663236618041992 1.80171942710876464 5.82465410232543952
v 9.650704235752983E-09 -2.29686355590820312 0.13802343606948852
v 1.9503716230392456 5.05132198333740234 5.9751982688903808
v -2.28344058990478516 -2.28344035148620604 0.84874939918518064
v 4.0713043212890625 1.97844493389129632 1.43764424324035648
v 3.86803007125854496 3.868030309677124 5.21962833404541016
v -1.76009654998779296 2.57150554656982424 6.0572047233581543
v 1.49936795234680176 1.49936795234680176 8.21476078033447264
v 3.70285511016845704 -1.06679737567901611 4.28886508941650392
v -5.06131839752197266 -0.48785358667373656 2.4224853515625
v -3.90422201156616208 -2.64929866790771488 3.69379758834838864
v 0.45707151293754576 4.75344848632812496 4.37033987045288088
v 1.87939786911010736 -1.41093599796295168 0.04534956812858582
v 1.73747825622558592 3.48750448226928712 7.59585857391357424
v -0.71258378028869632 -3.70769715309143064 4
v 4.00758075714111328 1.54223954677581784 4.62585496902465824
v 2.7662081718444824 3.1684417724609375 0.75019854307174688
v 1.66091358661651608 -1.11119961738586426 8.6790761947631836
v -4.98530054092407232 1.43997180461883544 2.44414281845092776
v -1.09786593914031982 -2.83903408050537104 5.3339519500732422
v 3.908158540725708 3.0451054573059082 3.69301486015319824
v -1.17492175102233886 -1.17492163181304932 7.302734375
v 1.69767236709594728 -2.97509121894836432 0.4740814566612244
v 2.44435691833496096 -3.11832475662231446 6.22589826583862304
v -0.81620532274246208 -2.79557228088378912 6.23645782470703124
v -3.3643615245819092 -2.30277562141418456 1.30851113796234132
v 2.62851142883300784 1.87631416320800784 7.10893583297729492
v -2.08097195625305176 -3.06171059608459473 3.03937697410583496
v 2.3297593593597412 -3.40378451347351072 1.2769726514816284
v 3.06799817085266113 -1.19517219066619872 1.54560160636901856
v -3.99854040145874016 -1.16261005401611328 6.51267576217651368
v -2.39923977851867672 1.43957352638244632 -0.02109618484973907
v 0 0 -1.68373501300811768
v -2.907967107130399E-14 -1.61199021339416504 8.54885387420654296
v 0.39524450898170472 -4.05889320373535156 0.75288558006286624
v -3.90699648857116704 2.27704405784606932 5.8398842811584472
v -0.45135378837585448 3.61355304718017576 7.7370100021362304
# 240 vertices

vn -0.7792019248008728 0.48895955085754392 -0.39212602376937864
vn -0.79646569490432736 0.231211856007576 -0.55873382091522216
vn -0.99031704664230352 -0.12459470331668854 0.06122367084026337
vn 0.85638934373855584 -0.05770958960056305 -0.51309525966644288
vn 0.92225795984268192 0.34540006518363952 -0.17360584437847138
vn 0.97541952133178704 -0.19430477917194368 0.10393445193767548
vn -0.195196196436882 -0.57606118917465208 -0.79375809431076048
vn 0.00191219942644238 -0.65844011306762696 -0.75263065099716192
vn 0.1788872629404068 -0.42742124199867248 -0.88617742061614992
vn 0.53991419076919552 -0.49686115980148312 0.67942738533020016
vn -0.13973718881607056 -0.30055397748947144 0.94347274303436272
vn 0.01624654792249202 -0.82725828886032112 0.56158679723739624
vn -0.80121260881423952 -0.17557139694690704 0.5720428824424744
vn -0.56096911430358888 0.48268377780914304 0.67255485057830808
vn -0.82295590639114384 0.2522045373916626 0.5090544819831848
vn -0.01474155951291322 0.98293292522430416 -0.1833728700876236
vn -0.43139216303825376 0.81426179409027104 -0.38843083381652832
vn -0.36321878433227536 0.93136054277420048 0.02529127150774002
vn -0.07504923641681671 -0.5274444818496704 0.84626823663711552
vn -0.10780562460422516 -0.76949352025985712 0.62948995828628544
vn 0.29342588782310484 -0.67567217350006104 0.67629021406173704
vn 0.96625882387161248 -0.25329703092575072 -0.04673955589532852
vn 0.8667844533920288 -0.37546333670616152 0.32819497585296632
vn 0.97216296195983888 -0.08008242398500443 0.2201954424381256
vn 0.00823223311454057 -0.96458941698074336 0.2636277675628662
vn -0.32542404532432556 -0.798320472240448 0.50673818588256832
vn -0.24752694368362428 -0.96885955333709712 -0.00643962994217872
vn -0.40451905131340024 -0.44221177697181704 0.8005079627037048
vn -0.56139397621154784 0.0003959874447900802 0.82754856348037712
vn -0.80121260881423952 -0.17557139694690704 0.5720428824424744
vn 0.53608453273773192 0.13330060243606568 0.83357316255569456
vn 0.70717531442642208 -0.2662478983402252 0.654992401599884
vn 0.71430653333663944 0.0958845540881157 0.69323319196701048
vn -0.36321878433227536 0.93136054277420048 0.02529127150774002
vn 0.06396463513374329 0.944989025592804 0.32078689336776732
vn -0.01474155951291322 0.98293292522430416 -0.1833728700876236
vn 0.5932637453079224 0.42025637626647952 -0.68660229444503784
vn 0.25907754898071288 0.81143313646316528 -0.52388477325439456
vn 0.37828543782234192 0.79977911710739136 -0.46610462665557864
vn -0.546830415725708 -0.1918025314807892 -0.81497740745544432
vn -0.02809336595237255 -0.45659947395324704 -0.88922864198684688
vn -0.51229572296142576 -0.47802957892417904 -0.7134709358215332
vn 0.99294376373291008 -0.0940997377038002 -0.07216650247573853
vn 0.75016760826110832 -0.58378750085830688 -0.31054908037185668
vn 0.86973810195922848 -0.03194563090801239 -0.49247846007347104
vn 0.7045122981071472 -0.5750452280044556 -0.41591501235961912
vn 0.84657162427902224 -0.44222694635391232 -0.29622945189476012
vn 0.45206266641616824 -0.33495247364044188 -0.82670795917510992
vn -0.44571959972381592 0.04227267205715179 -0.89417397975921632
vn -0.51408642530441288 -0.27512386441230772 -0.81241738796234128
vn -0.71269422769546512 -0.04788504540920258 -0.69983845949172976
vn -0.63998103141784664 -0.718187153339386 0.27318796515464784
vn -0.25505456328392028 -0.95261615514755248 0.16573983430862426
vn -0.30134680867195128 -0.73850512504577632 0.60315859317779544
vn -0.58068245649337768 0.30012980103492736 0.7567893266677856
vn -0.12306717783212662 0.18127813935279848 0.97570121288299568
vn -0.2961527407169342 0.53406572341918944 0.7918758392333984
vn -0.13973718881607056 -0.30055397748947144 0.94347274303436272
vn 0.37955954670906064 -0.03178311139345169 0.92462122440338128
vn 0.0661529153585434 0.22017700970172884 0.9732142090797424
vn -0.21026197075843812 0.78722214698791504 0.57971644401550296
vn -0.60312587022781376 0.42055276036262512 0.67777168750762936
vn -0.56096911430358888 0.48268377780914304 0.67255485057830808
vn -0.20241945981979372 0.9791086912155152 0.01930191181600093
vn -0.21572497487068176 0.94048160314559936 -0.26259684562683104
vn -0.23649349808692932 0.963591992855072 0.12474454939365386
vn 0.99294376373291008 -0.0940997377038002 -0.07216650247573853
vn 0.75010722875595088 -0.5794153809547424 0.31877419352531432
vn 0.75016760826110832 -0.58378750085830688 -0.31054908037185668
vn 0.37140539288520816 -0.9232972860336304 -0.09787832200527192
vn -0.16879765689373016 -0.92009335756301872 -0.35346224904060364
vn 0.56077313423156736 -0.68709075450897216 -0.4619954526424408
vn -0.5062575936317444 0.77367943525314336 -0.38095059990882872
vn -0.20241945981979372 0.9791086912155152 0.01930191181600093
vn -0.23649349808692932 0.963591992855072 0.12474454939365386
vn -0.03425167128443718 0.9283522963523864 -0.37011998891830448
vn 0.07078497856855392 0.6021737456321716 -0.79522091150283808
vn -0.25465258955955504 0.91663682460784912 -0.3081054389476776
vn -0.24752694368362428 -0.96885955333709712 -0.00643962994217872
vn -0.71303814649581912 -0.64206188917160032 0.281661719083786
vn -0.6550970673561096 -0.75551193952560432 -0.00703390967100858
vn -0.8627873063087464 -0.49299120903015136 -0.1120612770318985
vn -0.28442490100860596 -0.8620545864105224 -0.4194811284542084
vn -0.61488193273544312 -0.78118908405303952 0.10799872875213624
vn 0.94457459449768064 0.3280920684337616 0.01159019954502582
vn 0.8783034682273864 0.47623363137245176 0.0422450378537178
vn 0.91596889495849616 0.39227133989334104 0.08440592885017395
vn 0.89709025621414192 0.154743030667305 0.41386452317237856
vn 0.70995235443115232 0.11689604818820954 0.6944803595542908
vn 0.80663132667541504 -0.13176095485687256 0.57618129253387448
vn 0.9998431205749512 0.01640518382191658 -0.00666619697585702
vn 0.83316320180892944 0.29500412940979004 -0.46777302026748656
vn 0.97828793525695808 0.19713604450225832 -0.06395487487316132
vn 0.00472410256043076 0.8598498106002808 -0.510525107383728
vn 0.3741949498653412 0.8753952383995056 -0.30604159832000732
vn 0.4226113259792328 0.8754785656929016 -0.23438630998134612
vn -0.97107291221618656 -0.13151940703392028 -0.19929897785186768
vn -0.98158979415893552 -0.16564799845218658 -0.09509079903364182
vn -0.79646569490432736 0.231211856007576 -0.55873382091522216
vn -0.70012056827545168 -0.6802087426185608 0.21713390946388244
vn -0.7267117500305176 -0.68060165643692016 0.09312013536691666
vn -0.89484554529190064 -0.39549446105957032 0.2069672793149948
vn 0.7588509321212768 0.46725919842720032 -0.45366731286048888
vn 0.85638934373855584 -0.05770958960056305 -0.51309525966644288
vn 0.5932637453079224 0.42025637626647952 -0.68660229444503784
vn 0.43227112293243408 -0.40798166394233704 -0.8041720390319824
vn 0.1788872629404068 -0.42742124199867248 -0.88617742061614992
vn -0.02809336595237255 -0.45659947395324704 -0.88922864198684688
vn -0.19047927856445312 -0.93690198659896848 0.29314199090003968
vn -0.02797593735158443 -0.993266761302948 -0.1124212071299553
vn -0.17356958985328674 -0.92665582895278928 0.33344072103500368
vn -0.48038613796234128 -0.61155223846435544 0.6286756992340088
vn -0.54376363754272464 -0.7448245286941528 0.38672676682472232
vn -0.64159739017486576 -0.36971190571784976 0.67206084728240968
vn -0.42995929718017576 -0.5721560716629028 -0.69840699434280392
vn -0.195196196436882 -0.57606118917465208 -0.79375809431076048
vn -0.06938387453556061 -0.33195161819458008 -0.94074112176895136
vn -0.642838716506958 -0.68883246183395384 -0.33506432175636292
vn -0.6550970673561096 -0.75551193952560432 -0.00703390967100858
vn -0.58551919460296632 -0.76843112707138064 -0.25822657346725464
vn -0.38156577944755552 0.80598652362823488 -0.45254114270210264
vn -0.54973167181015016 0.68555527925491336 -0.47729355096817016
vn -0.43139216303825376 0.81426179409027104 -0.38843083381652832
vn -0.1550663560628891 0.91590684652328496 0.37022840976715088
vn -0.20147596299648284 0.85002559423446656 -0.48668679594993592
vn -0.08000709116458893 0.94585460424423216 -0.31457585096359252
vn -0.55448651313781736 0.50590020418167112 -0.66076445579528808
vn -0.29651632905006408 0.79404658079147344 -0.5306299924850464
vn -0.5062575936317444 0.77367943525314336 -0.38095059990882872
vn -0.70889413356781008 -0.12060300260782242 -0.69492733478546144
vn -0.73556256294250496 0.22104041278362276 -0.6403818130493164
vn -0.64044600725173952 0.2887466847896576 -0.71165603399276736
vn 0.86973810195922848 -0.03194563090801239 -0.49247846007347104
vn 0.81427818536758416 0.37479102611541752 -0.44326373934745792
vn 0.94457459449768064 0.3280920684337616 0.01159019954502582
vn 0.77665817737579344 -0.42623904347419736 -0.46381264925003048
vn 0.82351458072662352 -0.5663238167762756 0.03318468481302261
vn 0.58500003814697264 -0.79328185319900512 -0.16875694692134858
vn 0.1592380702495575 0.63122808933258056 0.75907468795776368
vn -0.2961527407169342 0.53406572341918944 0.7918758392333984
vn -0.12306717783212662 0.18127813935279848 0.97570121288299568
vn -0.36321878433227536 0.93136054277420048 0.02529127150774002
vn -0.10691782087087632 0.8062415719032288 0.58184456825256344
vn 0.06396463513374329 0.944989025592804 0.32078689336776732
vn -0.30573359131813048 0.02732192352414131 0.95172500610351568
vn -0.56139397621154784 0.0003959874447900802 0.82754856348037712
vn -0.145732581615448 -0.53242409229278568 0.83383846282958992
vn -0.19587165117263792 0.38846310973167416 0.90040576457977296
vn -0.30573359131813048 0.02732192352414131 0.95172500610351568
vn -0.30525395274162292 0.44652187824249264 0.8410934209823608
vn -0.33315783739089964 0.75428539514541632 -0.56573796272277832
vn -0.79646569490432736 0.231211856007576 -0.55873382091522216
vn -0.7792019248008728 0.48895955085754392 -0.39212602376937864
vn -0.60312587022781376 0.42055276036262512 0.67777168750762936
vn -0.21026197075843812 0.78722214698791504 0.57971644401550296
vn -0.54484212398529056 0.7807657122612 0.3058626651763916
vn 0.97828793525695808 0.19713604450225832 -0.06395487487316132
vn 0.94068086147308352 -0.09900905936956406 0.3245254158973694
vn 0.9998431205749512 0.01640518382191658 -0.00666619697585702
vn 0.51238030195236208 0.75197219848632816 0.4147339761257172
vn 0.78762823343276976 0.3698769211769104 0.49278059601783752
vn 0.81100952625274656 0.55392545461654664 0.1882289946079254
vn 0.62776321172714232 -0.46412420272827152 0.62490177154541016
vn 0.89649718999862672 0.03610123693943023 0.44157606363296512
vn 0.8022924065589904 -0.17031706869602204 0.57211810350418088
vn 0.8879684209823608 0.22482217848300932 0.40120705962181088
vn 0.8022924065589904 -0.17031706869602204 0.57211810350418088
vn 0.89649718999862672 0.03610123693943023 0.44157606363296512
vn 0.78701281547546384 -0.17035044729709626 -0.59295141696929928
vn 0.68334829807281496 -0.46832713484764096 -0.5600934624671936
vn 0.56781852245330808 0.04995101690292358 -0.82163673639297488
vn 0.56077313423156736 -0.68709075450897216 -0.4619954526424408
vn -0.16879765689373016 -0.92009335756301872 -0.35346224904060364
vn -0.03005863539874553 -0.65628755092620848 -0.75391185283660896
vn -0.54925119876861576 0.82969391345977776 0.09965488314628602
vn -0.55069422721862792 0.8211320042610168 0.1499263346195221
vn -0.8762673735618592 0.40584290027618408 0.25970539450645448
vn -0.43136340379714968 0.71580499410629272 0.54913473129272464
vn -0.19587165117263792 0.38846310973167416 0.90040576457977296
vn -0.69123351573944088 0.59231466054916384 0.4139560163021088
vn 0.46191355586051944 0.13926412165164948 -0.87592315673828128
vn 0.43227112293243408 -0.40798166394233704 -0.8041720390319824
vn -0.02809336595237255 -0.45659947395324704 -0.88922864198684688
vn 0.02509242668747902 -0.192258283495903 -0.98102349042892464
vn -0.29481267929077148 0.25385689735412596 -0.92121779918670656
vn 0.46191355586051944 0.13926412165164948 -0.87592315673828128
vn 0.22459426522254944 0.95896178483963008 -0.17306040227413178
vn 0.37828543782234192 0.79977911710739136 -0.46610462665557864
vn 0.25907754898071288 0.81143313646316528 -0.52388477325439456
vn -0.54973167181015016 0.68555527925491336 -0.47729355096817016
vn -0.38156577944755552 0.80598652362823488 -0.45254114270210264
vn -0.60454571247100832 0.76858782768249504 -0.20927770435810088
vn -0.54376363754272464 -0.7448245286941528 0.38672676682472232
vn -0.48038613796234128 -0.61155223846435544 0.6286756992340088
vn -0.36946880817413328 -0.86767536401748656 0.33261418342590332
vn -0.63943415880203248 -0.63035923242568968 0.44019436836242672
vn -0.10780562460422516 -0.76949352025985712 0.62948995828628544
vn -0.29479923844337464 -0.80168002843856816 0.52000248432159424
vn -0.16995766758918762 -0.98538386821746832 0.01153616234660148
vn -0.27986967563629152 -0.948495864868164 -0.14842046797275544
vn -0.1847520023584366 -0.96805953979492192 -0.1694919466972351
vn -0.89484554529190064 -0.39549446105957032 0.2069672793149948
vn -0.6900430917739868 -0.54081785678863528 0.48099529743194584
vn -0.70012056827545168 -0.6802087426185608 0.21713390946388244
vn 0.01624654792249202 -0.82725828886032112 0.56158679723739624
vn 0.23823687434196472 -0.84008818864822384 0.48733451962471008
vn 0.53991419076919552 -0.49686115980148312 0.67942738533020016
vn 0.8022924065589904 -0.17031706869602204 0.57211810350418088
vn 0.94886195659637456 0.28874012827873228 -0.1276327520608902
vn 0.76556253433227536 -0.06116111576557159 0.6404477953910828
vn 0.8623067736625672 0.463306337594986 -0.20438729226589204
vn 0.9998431205749512 0.01640518382191658 -0.00666619697585702
vn 0.92714643478393552 0.37279012799263 0.03777611628174782
vn 0.22459426522254944 0.95896178483963008 -0.17306040227413178
vn 0.4226113259792328 0.8754785656929016 -0.23438630998134612
vn 0.66698426008224488 0.73171722888946528 -0.14043501019477844
vn 0.00191219942644238 -0.65844011306762696 -0.75263065099716192
vn -0.2446768879890442 -0.748974859714508 -0.61576771736145016
vn -0.28880152106285096 -0.69109761714935304 -0.66255390644073488
vn -0.1847520023584366 -0.96805953979492192 -0.1694919466972351
vn -0.27986967563629152 -0.948495864868164 -0.14842046797275544
vn -0.28442490100860596 -0.8620545864105224 -0.4194811284542084
vn 0.0661529153585434 0.22017700970172884 0.9732142090797424
vn -0.3871218264102936 -0.06835544109344482 0.91949129104614256
vn -0.46899059414863584 -0.24191194772720336 0.8494271039962768
vn -0.60948610305786136 -0.18947672843933104 0.76982158422470096
vn -0.46899059414863584 -0.24191194772720336 0.8494271039962768
vn -0.3871218264102936 -0.06835544109344482 0.91949129104614256
vn -0.88278657197952272 0.4692730903625488 -0.02169620618224144
vn -0.48116451501846312 0.86890184879302976 -0.11614738404750824
vn -0.33315783739089964 0.75428539514541632 -0.56573796272277832
vn -0.41987144947052 0.74450254440307616 -0.51906067132949832
vn 0.05724033340811729 0.95965403318405152 -0.27529537677764892
vn -0.08000709116458893 0.94585460424423216 -0.31457585096359252
vn 0.31476417183876036 0.32078310847282408 0.89332056045532224
vn 0.1592380702495575 0.63122808933258056 0.75907468795776368
vn -0.12306717783212662 0.18127813935279848 0.97570121288299568
vn 0.53608453273773192 0.13330060243606568 0.83357316255569456
vn 0.71430653333663944 0.0958845540881157 0.69323319196701048
vn 0.44079095125198368 0.542084276676178 0.71543550491333008
vn -0.63943415880203248 -0.63035923242568968 0.44019436836242672
vn 0.00823223311454057 -0.96458941698074336 0.2636277675628662
vn -0.10780562460422516 -0.76949352025985712 0.62948995828628544
vn 0.00823223311454057 -0.96458941698074336 0.2636277675628662
vn 0.4492041766643524 -0.89320343732833856 0.02008191123604774
vn 0.24177148938179016 -0.6517100930213928 0.71890234947204592
vn -0.40451905131340024 -0.44221177697181704 0.8005079627037048
vn -0.145732581615448 -0.53242409229278568 0.83383846282958992
vn -0.56139397621154784 0.0003959874447900802 0.82754856348037712
vn -0.25505456328392028 -0.95261615514755248 0.16573983430862426
vn -0.2037842720746994 -0.87738633155822752 0.43435609340667728
vn -0.27942016720771788 -0.70233291387557984 0.65471577644348144
vn 0.22459426522254944 0.95896178483963008 -0.17306040227413178
vn -0.03425167128443718 0.9283522963523864 -0.37011998891830448
vn -0.32809245586395264 0.94032394886016848 -0.09025652706623078
vn -0.23649349808692932 0.963591992855072 0.12474454939365386
vn -0.03425167128443718 0.9283522963523864 -0.37011998891830448
vn -0.25465258955955504 0.91663682460784912 -0.3081054389476776
vn 0.81100952625274656 0.55392545461654664 0.1882289946079254
vn 0.39346909523010256 0.91800713539123536 0.04944654554128647
vn 0.51238030195236208 0.75197219848632816 0.4147339761257172
vn 0.3741949498653412 0.8753952383995056 -0.30604159832000732
vn 0.70364654064178464 0.6662645936012268 -0.24692700803279876
vn 0.663332998752594 0.70654368400573728 -0.2465467005968094
vn -0.7267117500305176 -0.68060165643692016 0.09312013536691666
vn -0.61397463083267208 -0.78916543722152704 -0.01591108739376068
vn -0.63998103141784664 -0.718187153339386 0.27318796515464784
vn -0.80121260881423952 -0.17557139694690704 0.5720428824424744
vn -0.82295590639114384 0.2522045373916626 0.5090544819831848
vn -0.99031704664230352 -0.12459470331668854 0.06122367084026337
vn -0.12924575805664062 0.52842515707015992 -0.8390843272209168
vn -0.44571959972381592 0.04227267205715179 -0.89417397975921632
vn -0.71269422769546512 -0.04788504540920258 -0.69983845949172976
vn -0.5062575936317444 0.77367943525314336 -0.38095059990882872
vn -0.65712898969650272 0.40458714962005616 -0.6359959244728088
vn -0.55448651313781736 0.50590020418167112 -0.66076445579528808
vn 0.97541952133178704 -0.19430477917194368 0.10393445193767548
vn 0.92714643478393552 0.37279012799263 0.03777611628174782
vn 0.9998431205749512 0.01640518382191658 -0.00666619697585702
vn 0.98851484060287472 -0.14686337113380432 -0.03563254699110985
vn 0.93861299753189088 -0.30883947014808656 0.15370002388954162
vn 0.97216296195983888 -0.08008242398500443 0.2201954424381256
vn 0.86592084169387824 0.1461792141199112 -0.47834363579750064
vn 0.78701281547546384 -0.17035044729709626 -0.59295141696929928
vn 0.56781852245330808 0.04995101690292358 -0.82163673639297488
vn 0.93754333257675168 -0.17782779037952424 -0.2989811897277832
vn 0.67541676759719848 0.1718953400850296 -0.71712225675582888
vn 0.90769773721694944 -0.25461941957473756 -0.33354729413986208
vn -0.29481267929077148 0.25385689735412596 -0.92121779918670656
vn -0.49132579565048216 0.6836644411087036 -0.5396312475204468
vn 0.07078497856855392 0.6021737456321716 -0.79522091150283808
vn -0.64044600725173952 0.2887466847896576 -0.71165603399276736
vn -0.73556256294250496 0.22104041278362276 -0.6403818130493164
vn -0.49132579565048216 0.6836644411087036 -0.5396312475204468
vn -0.15539595484733582 -0.9241092205047608 0.3491050601005554
vn -0.17356958985328674 -0.92665582895278928 0.33344072103500368
vn -0.19158364832401276 -0.89769464731216432 0.39678698778152464
vn -0.19047927856445312 -0.93690198659896848 0.29314199090003968
vn -0.17356958985328674 -0.92665582895278928 0.33344072103500368
vn -0.15539595484733582 -0.9241092205047608 0.3491050601005554
vn -0.55069422721862792 0.8211320042610168 0.1499263346195221
vn -0.11317088454961776 0.86803734302520752 0.48342889547348024
vn -0.5357482433319092 0.77509391307830816 0.33496758341789244
vn -0.28072029352188112 0.81589633226394656 0.50547933578491208
vn -0.1550663560628891 0.91590684652328496 0.37022840976715088
vn -0.20473989844322204 0.96706867218017584 0.15119484066963196
vn 0.99069607257843024 0.03293823078274727 0.13204684853553772
vn 0.8667844533920288 -0.37546333670616152 0.32819497585296632
vn 0.8694215416908264 -0.05463350936770439 0.49104094505310056
vn 0.85997313261032112 0.305769145488739 0.40859690308570864
vn 0.99069607257843024 0.03293823078274727 0.13204684853553772
vn 0.8439339399337768 0.40740656852722168 0.34899207949638368
vn -0.64159739017486576 -0.36971190571784976 0.67206084728240968
vn -0.60948610305786136 -0.18947672843933104 0.76982158422470096
vn -0.48038613796234128 -0.61155223846435544 0.6286756992340088
vn -0.27942016720771788 -0.70233291387557984 0.65471577644348144
vn -0.48038613796234128 -0.61155223846435544 0.6286756992340088
vn -0.14071714878082276 -0.52266389131546024 0.8408454656600952
vn 0.53991419076919552 -0.49686115980148312 0.67942738533020016
vn 0.57097917795181272 -0.64735209941864016 0.50489419698715208
vn 0.85997313261032112 0.305769145488739 0.40859690308570864
vn 0.80663132667541504 -0.13176095485687256 0.57618129253387448
vn 0.85997313261032112 0.305769145488739 0.40859690308570864
vn 0.8439339399337768 0.40740656852722168 0.34899207949638368
vn -0.28880152106285096 -0.69109761714935304 -0.66255390644073488
vn -0.15648098289966584 -0.93498188257217408 -0.31831195950508116
vn -0.27449813485145568 -0.64784407615661624 -0.7105974555015564
vn -0.51408642530441288 -0.27512386441230772 -0.81241738796234128
vn -0.39031440019607544 -0.58449703454971312 -0.7113493084907532
vn -0.70033782720565792 -0.44093209505081176 -0.56134277582168576
vn -0.56809031963348392 -0.73829764127731328 0.36357927322387696
vn -0.63943415880203248 -0.63035923242568968 0.44019436836242672
vn -0.29479923844337464 -0.80168002843856816 0.52000248432159424
vn -0.6660679578781128 -0.7179564833641052 0.20221775770187376
vn -0.6550970673561096 -0.75551193952560432 -0.00703390967100858
vn -0.71303814649581912 -0.64206188917160032 0.281661719083786
vn -0.41734141111373904 0.13706512749195098 0.89835363626480096
vn -0.30525395274162292 0.44652187824249264 0.8410934209823608
vn -0.30573359131813048 0.02732192352414131 0.95172500610351568
vn 0.02613161318004131 0.21056534349918364 0.97723048925399776
vn -0.41734141111373904 0.13706512749195098 0.89835363626480096
vn -0.22365732491016388 0.07005354017019272 0.97214704751968384
vn 0.45206266641616824 -0.33495247364044188 -0.82670795917510992
vn 0.62261074781417848 -0.53661668300628664 -0.56955987215042112
vn 0.7045122981071472 -0.5750452280044556 -0.41591501235961912
vn 0.73006016016006464 -0.41173434257507328 -0.5454236268997192
vn 0.46191355586051944 0.13926412165164948 -0.87592315673828128
vn 0.67896354198455808 -0.33709928393363952 -0.65220594406127928
vn 0.75010722875595088 -0.5794153809547424 0.31877419352531432
vn 0.24177148938179016 -0.6517100930213928 0.71890234947204592
vn 0.4492041766643524 -0.89320343732833856 0.02008191123604774
vn -0.10780562460422516 -0.76949352025985712 0.62948995828628544
vn 0.62776321172714232 -0.46412420272827152 0.62490177154541016
vn 0.29342588782310484 -0.67567217350006104 0.67629021406173704
vn -0.06938387453556061 -0.33195161819458008 -0.94074112176895136
vn -0.03005863539874553 -0.65628755092620848 -0.75391185283660896
vn -0.42995929718017576 -0.5721560716629028 -0.69840699434280392
vn 0.23331500589847564 -0.66677498817443848 -0.70779609680175784
vn 0.56781852245330808 0.04995101690292358 -0.82163673639297488
vn 0.68334829807281496 -0.46832713484764096 -0.5600934624671936
vn 0.68480253219604496 -0.59591102600097656 -0.41944670677185056
vn 0.86973810195922848 -0.03194563090801239 -0.49247846007347104
vn 0.75016760826110832 -0.58378750085830688 -0.31054908037185668
vn 0.37140539288520816 -0.9232972860336304 -0.09787832200527192
vn 0.68480253219604496 -0.59591102600097656 -0.41944670677185056
vn 0.4492041766643524 -0.89320343732833856 0.02008191123604774
vn 0.4226113259792328 0.8754785656929016 -0.23438630998134612
vn -0.01549198478460312 0.94741004705429072 -0.319646954536438
vn 0.00472410256043076 0.8598498106002808 -0.510525107383728
vn 0.00472410256043076 0.8598498106002808 -0.510525107383728
vn -0.38156577944755552 0.80598652362823488 -0.45254114270210264
vn -0.43139216303825376 0.81426179409027104 -0.38843083381652832
vn 0.92225795984268192 0.34540006518363952 -0.17360584437847138
vn 0.66698426008224488 0.73171722888946528 -0.14043501019477844
vn 0.663332998752594 0.70654368400573728 -0.2465467005968094
vn 0.85638934373855584 -0.05770958960056305 -0.51309525966644288
vn 0.7588509321212768 0.46725919842720032 -0.45366731286048888
vn 0.92225795984268192 0.34540006518363952 -0.17360584437847138
vn -0.28442490100860596 -0.8620545864105224 -0.4194811284542084
vn -0.8627873063087464 -0.49299120903015136 -0.1120612770318985
vn -0.70033782720565792 -0.44093209505081176 -0.56134277582168576
vn -0.97107291221618656 -0.13151940703392028 -0.19929897785186768
vn -0.79646569490432736 0.231211856007576 -0.55873382091522216
vn -0.71269422769546512 -0.04788504540920258 -0.69983845949172976
vn -0.99031704664230352 -0.12459470331668854 0.06122367084026337
vn -0.82295590639114384 0.2522045373916626 0.5090544819831848
vn -0.88278657197952272 0.4692730903625488 -0.02169620618224144
vn -0.54484212398529056 0.7807657122612 0.3058626651763916
vn -0.88278657197952272 0.4692730903625488 -0.02169620618224144
vn -0.82295590639114384 0.2522045373916626 0.5090544819831848
vn -0.42995929718017576 -0.5721560716629028 -0.69840699434280392
vn -0.03005863539874553 -0.65628755092620848 -0.75391185283660896
vn -0.16879765689373016 -0.92009335756301872 -0.35346224904060364
vn -0.16879765689373016 -0.92009335756301872 -0.35346224904060364
vn -0.6550970673561096 -0.75551193952560432 -0.00703390967100858
vn -0.642838716506958 -0.68883246183395384 -0.33506432175636292
vn 0.70995235443115232 0.11689604818820954 0.6944803595542908
vn 0.0661529153585434 0.22017700970172884 0.9732142090797424
vn 0.37955954670906064 -0.03178311139345169 0.92462122440338128
vn -0.12306717783212662 0.18127813935279848 0.97570121288299568
vn 0.02613161318004131 0.21056534349918364 0.97723048925399776
vn 0.31476417183876036 0.32078310847282408 0.89332056045532224
vn 0.78762823343276976 0.3698769211769104 0.49278059601783752
vn 0.94068086147308352 -0.09900905936956406 0.3245254158973694
vn 0.97828793525695808 0.19713604450225832 -0.06395487487316132
vn 0.71430653333663944 0.0958845540881157 0.69323319196701048
vn 0.70717531442642208 -0.2662478983402252 0.654992401599884
vn 0.8667844533920288 -0.37546333670616152 0.32819497585296632
vn -0.19047927856445312 -0.93690198659896848 0.29314199090003968
vn -0.56809031963348392 -0.73829764127731328 0.36357927322387696
vn -0.29929634928703308 -0.95334553718566896 -0.03942050039768219
vn -0.6660679578781128 -0.7179564833641052 0.20221775770187376
vn -0.63943415880203248 -0.63035923242568968 0.44019436836242672
vn -0.56809031963348392 -0.73829764127731328 0.36357927322387696
vn -0.19587165117263792 0.38846310973167416 0.90040576457977296
vn -0.30525395274162292 0.44652187824249264 0.8410934209823608
vn -0.69123351573944088 0.59231466054916384 0.4139560163021088
vn -0.2961527407169342 0.53406572341918944 0.7918758392333984
vn -0.8762673735618592 0.40584290027618408 0.25970539450645448
vn -0.58068245649337768 0.30012980103492736 0.7567893266677856
vn 0.23823687434196472 -0.84008818864822384 0.48733451962471008
vn 0.01624654792249202 -0.82725828886032112 0.56158679723739624
vn -0.29479923844337464 -0.80168002843856816 0.52000248432159424
vn -0.36946880817413328 -0.86767536401748656 0.33261418342590332
vn -0.29479923844337464 -0.80168002843856816 0.52000248432159424
vn -0.54376363754272464 -0.7448245286941528 0.38672676682472232
vn -0.20241945981979372 0.9791086912155152 0.01930191181600093
vn -0.5062575936317444 0.77367943525314336 -0.38095059990882872
vn -0.29651632905006408 0.79404658079147344 -0.5306299924850464
vn -0.33315783739089964 0.75428539514541632 -0.56573796272277832
vn -0.08000709116458893 0.94585460424423216 -0.31457585096359252
vn 0.05724033340811729 0.95965403318405152 -0.27529537677764892
vn 0.57097917795181272 -0.64735209941864016 0.50489419698715208
vn 0.548534631729126 -0.44129410386085512 0.7101895809173584
vn 0.76556253433227536 -0.06116111576557159 0.6404477953910828
vn -0.07504923641681671 -0.5274444818496704 0.84626823663711552
vn 0.29342588782310484 -0.67567217350006104 0.67629021406173704
vn 0.23823687434196472 -0.84008818864822384 0.48733451962471008
vn -0.08000709116458893 0.94585460424423216 -0.31457585096359252
vn -0.20147596299648284 0.85002559423446656 -0.48668679594993592
vn -0.41987144947052 0.74450254440307616 -0.51906067132949832
vn -0.60454571247100832 0.76858782768249504 -0.20927770435810088
vn -0.41987144947052 0.74450254440307616 -0.51906067132949832
vn -0.54973167181015016 0.68555527925491336 -0.47729355096817016
vn -0.28442490100860596 -0.8620545864105224 -0.4194811284542084
vn -0.15648098289966584 -0.93498188257217408 -0.31831195950508116
vn -0.1847520023584366 -0.96805953979492192 -0.1694919466972351
vn -0.642838716506958 -0.68883246183395384 -0.33506432175636292
vn -0.58551919460296632 -0.76843112707138064 -0.25822657346725464
vn -0.39376151561737064 -0.74988204240798944 -0.53162854909896848
vn -0.99031704664230352 -0.12459470331668854 0.06122367084026337
vn -0.87246197462081904 -0.46547719836235048 0.14879880845546722
vn -0.80429309606552128 -0.517345666885376 0.29234570264816284
vn -0.98158979415893552 -0.16564799845218658 -0.09509079903364182
vn -0.89484554529190064 -0.39549446105957032 0.2069672793149948
vn -0.87246197462081904 -0.46547719836235048 0.14879880845546722
vn -0.47676336765289304 0.00864533614367246 -0.87898916006088256
vn -0.51408642530441288 -0.27512386441230772 -0.81241738796234128
vn -0.44571959972381592 0.04227267205715179 -0.89417397975921632
vn -0.44571959972381592 0.04227267205715179 -0.89417397975921632
vn -0.64662712812423704 0.36717823147773744 -0.66862052679061888
vn -0.65712898969650272 0.40458714962005616 -0.6359959244728088
vn 0.07078497856855392 0.6021737456321716 -0.79522091150283808
vn 0.25907754898071288 0.81143313646316528 -0.52388477325439456
vn 0.5932637453079224 0.42025637626647952 -0.68660229444503784
vn 0.68897801637649536 -0.01323569379746914 -0.72466135025024416
vn 0.67896354198455808 -0.33709928393363952 -0.65220594406127928
vn 0.46191355586051944 0.13926412165164948 -0.87592315673828128
vn 0.93861299753189088 -0.30883947014808656 0.15370002388954162
vn 0.98851484060287472 -0.14686337113380432 -0.03563254699110985
vn 0.91783231496810912 -0.30563479661941528 0.25332036614418028
vn 0.93754333257675168 -0.17782779037952424 -0.2989811897277832
vn 0.90769773721694944 -0.25461941957473756 -0.33354729413986208
vn 0.82351458072662352 -0.5663238167762756 0.03318468481302261
vn -0.22365732491016388 0.07005354017019272 0.97214704751968384
vn -0.41734141111373904 0.13706512749195098 0.89835363626480096
vn -0.24855726957321168 -0.0071031404659152 0.9685912132263184
vn 0.0661529153585434 0.22017700970172884 0.9732142090797424
vn -0.22365732491016388 0.07005354017019272 0.97214704751968384
vn -0.3871218264102936 -0.06835544109344482 0.91949129104614256
vn -0.21572497487068176 0.94048160314559936 -0.26259684562683104
vn -0.60454571247100832 0.76858782768249504 -0.20927770435810088
vn -0.32809245586395264 0.94032394886016848 -0.09025652706623078
vn 0.22459426522254944 0.95896178483963008 -0.17306040227413178
vn -0.32809245586395264 0.94032394886016848 -0.09025652706623078
vn -0.19793592393398284 0.94585239887237552 -0.25726389884948732
vn 0.91596889495849616 0.39227133989334104 0.08440592885017395
vn 0.8879684209823608 0.22482217848300932 0.40120705962181088
vn 0.94457459449768064 0.3280920684337616 0.01159019954502582
vn 0.94886195659637456 0.28874012827873228 -0.1276327520608902
vn 0.99069607257843024 0.03293823078274727 0.13204684853553772
vn 0.85997313261032112 0.305769145488739 0.40859690308570864
vn 0.37140539288520816 -0.9232972860336304 -0.09787832200527192
vn 0.00823223311454057 -0.96458941698074336 0.2636277675628662
vn -0.16879765689373016 -0.92009335756301872 -0.35346224904060364
vn 0.37140539288520816 -0.9232972860336304 -0.09787832200527192
vn 0.4492041766643524 -0.89320343732833856 0.02008191123604774
vn 0.00823223311454057 -0.96458941698074336 0.2636277675628662
vn 0.77665817737579344 -0.42623904347419736 -0.46381264925003048
vn 0.58500003814697264 -0.79328185319900512 -0.16875694692134858
vn 0.7045122981071472 -0.5750452280044556 -0.41591501235961912
vn 0.68897801637649536 -0.01323569379746914 -0.72466135025024416
vn 0.77665817737579344 -0.42623904347419736 -0.46381264925003048
vn 0.67896354198455808 -0.33709928393363952 -0.65220594406127928
vn -0.54484212398529056 0.7807657122612 0.3058626651763916
vn -0.28072029352188112 0.81589633226394656 0.50547933578491208
vn -0.20473989844322204 0.96706867218017584 0.15119484066963196
vn -0.48116451501846312 0.86890184879302976 -0.11614738404750824
vn -0.08000709116458893 0.94585460424423216 -0.31457585096359252
vn -0.33315783739089964 0.75428539514541632 -0.56573796272277832
vn -0.19793592393398284 0.94585239887237552 -0.25726389884948732
vn -0.01549198478460312 0.94741004705429072 -0.319646954536438
vn 0.22459426522254944 0.95896178483963008 -0.17306040227413178
vn -0.01549198478460312 0.94741004705429072 -0.319646954536438
vn 0.4226113259792328 0.8754785656929016 -0.23438630998134612
vn 0.22459426522254944 0.95896178483963008 -0.17306040227413178
vn 0.44079095125198368 0.542084276676178 0.71543550491333008
vn 0.1592380702495575 0.63122808933258056 0.75907468795776368
vn 0.31476417183876036 0.32078310847282408 0.89332056045532224
vn 0.51238030195236208 0.75197219848632816 0.4147339761257172
vn 0.06396463513374329 0.944989025592804 0.32078689336776732
vn 0.1592380702495575 0.63122808933258056 0.75907468795776368
vn -0.55069422721862792 0.8211320042610168 0.1499263346195221
vn -0.54925119876861576 0.82969391345977776 0.09965488314628602
vn -0.6270713210105896 0.73360627889633184 -0.26192247867584228
vn -0.55069422721862792 0.8211320042610168 0.1499263346195221
vn -0.6270713210105896 0.73360627889633184 -0.26192247867584228
vn -0.20147596299648284 0.85002559423446656 -0.48668679594993592
vn -0.55069422721862792 0.8211320042610168 0.1499263346195221
vn -0.5357482433319092 0.77509391307830816 0.33496758341789244
vn -0.8762673735618592 0.40584290027618408 0.25970539450645448
vn -0.69123351573944088 0.59231466054916384 0.4139560163021088
vn -0.58068245649337768 0.30012980103492736 0.7567893266677856
vn -0.8762673735618592 0.40584290027618408 0.25970539450645448
vn 0.96625882387161248 -0.25329703092575072 -0.04673955589532852
vn 0.9998431205749512 0.01640518382191658 -0.00666619697585702
vn 0.94068086147308352 -0.09900905936956406 0.3245254158973694
vn 0.9998431205749512 0.01640518382191658 -0.00666619697585702
vn 0.93861299753189088 -0.30883947014808656 0.15370002388954162
vn 0.91783231496810912 -0.30563479661941528 0.25332036614418028
vn -0.6550970673561096 -0.75551193952560432 -0.00703390967100858
vn -0.16995766758918762 -0.98538386821746832 0.01153616234660148
vn -0.1847520023584366 -0.96805953979492192 -0.1694919466972351
vn -0.16995766758918762 -0.98538386821746832 0.01153616234660148
vn -0.6550970673561096 -0.75551193952560432 -0.00703390967100858
vn -0.6660679578781128 -0.7179564833641052 0.20221775770187376
vn -0.39376151561737064 -0.74988204240798944 -0.53162854909896848
vn -0.28880152106285096 -0.69109761714935304 -0.66255390644073488
vn -0.2446768879890442 -0.748974859714508 -0.61576771736145016
vn -0.642838716506958 -0.68883246183395384 -0.33506432175636292
vn -0.39376151561737064 -0.74988204240798944 -0.53162854909896848
vn -0.2446768879890442 -0.748974859714508 -0.61576771736145016
vn -0.2037842720746994 -0.87738633155822752 0.43435609340667728
vn -0.04130437225103378 -0.89050054550170896 0.45310345292091368
vn -0.48038613796234128 -0.61155223846435544 0.6286756992340088
vn -0.27942016720771788 -0.70233291387557984 0.65471577644348144
vn -0.2037842720746994 -0.87738633155822752 0.43435609340667728
vn -0.48038613796234128 -0.61155223846435544 0.6286756992340088
vn -0.51495575904846192 0.71674615144729616 0.4702081084251404
vn -0.54925119876861576 0.82969391345977776 0.09965488314628602
vn -0.8762673735618592 0.40584290027618408 0.25970539450645448
vn -0.10691782087087632 0.8062415719032288 0.58184456825256344
vn -0.54925119876861576 0.82969391345977776 0.09965488314628602
vn -0.51495575904846192 0.71674615144729616 0.4702081084251404
vn -0.28442490100860596 -0.8620545864105224 -0.4194811284542084
vn -0.27986967563629152 -0.948495864868164 -0.14842046797275544
vn -0.61488193273544312 -0.78118908405303952 0.10799872875213624
vn -0.6900430917739868 -0.54081785678863528 0.48099529743194584
vn -0.19158364832401276 -0.89769464731216432 0.39678698778152464
vn -0.17356958985328674 -0.92665582895278928 0.33344072103500368
vn 0.1788872629404068 -0.42742124199867248 -0.88617742061614992
vn 0.62261074781417848 -0.53661668300628664 -0.56955987215042112
vn 0.45206266641616824 -0.33495247364044188 -0.82670795917510992
vn 0.23331500589847564 -0.66677498817443848 -0.70779609680175784
vn -0.06938387453556061 -0.33195161819458008 -0.94074112176895136
vn 0.45206266641616824 -0.33495247364044188 -0.82670795917510992
vn -0.5062575936317444 0.77367943525314336 -0.38095059990882872
vn -0.23649349808692932 0.963591992855072 0.12474454939365386
vn -0.25465258955955504 0.91663682460784912 -0.3081054389476776
vn -0.73556256294250496 0.22104041278362276 -0.6403818130493164
vn -0.5062575936317444 0.77367943525314336 -0.38095059990882872
vn -0.49132579565048216 0.6836644411087036 -0.5396312475204468
vn 0.5932637453079224 0.42025637626647952 -0.68660229444503784
vn 0.46191355586051944 0.13926412165164948 -0.87592315673828128
vn 0.07078497856855392 0.6021737456321716 -0.79522091150283808
vn 0.07078497856855392 0.6021737456321716 -0.79522091150283808
vn 0.46191355586051944 0.13926412165164948 -0.87592315673828128
vn -0.29481267929077148 0.25385689735412596 -0.92121779918670656
vn -0.28072029352188112 0.81589633226394656 0.50547933578491208
vn -0.54484212398529056 0.7807657122612 0.3058626651763916
vn -0.28426101803779604 0.78986036777496336 0.54343014955520632
vn -0.28426101803779604 0.78986036777496336 0.54343014955520632
vn -0.145057812333107 0.66650944948196408 0.7312477827072144
vn -0.11317088454961776 0.86803734302520752 0.48342889547348024
vn -0.27449813485145568 -0.64784407615661624 -0.7105974555015564
vn -0.51408642530441288 -0.27512386441230772 -0.81241738796234128
vn -0.51229572296142576 -0.47802957892417904 -0.7134709358215332
vn -0.546830415725708 -0.1918025314807892 -0.81497740745544432
vn -0.51229572296142576 -0.47802957892417904 -0.7134709358215332
vn -0.70889413356781008 -0.12060300260782242 -0.69492733478546144
vn 0.663332998752594 0.70654368400573728 -0.2465467005968094
vn 0.4226113259792328 0.8754785656929016 -0.23438630998134612
vn 0.3741949498653412 0.8753952383995056 -0.30604159832000732
vn 0.4226113259792328 0.8754785656929016 -0.23438630998134612
vn 0.663332998752594 0.70654368400573728 -0.2465467005968094
vn 0.66698426008224488 0.73171722888946528 -0.14043501019477844
vn -0.79646569490432736 0.231211856007576 -0.55873382091522216
vn -0.33315783739089964 0.75428539514541632 -0.56573796272277832
vn -0.55448651313781736 0.50590020418167112 -0.66076445579528808
vn -0.64662712812423704 0.36717823147773744 -0.66862052679061888
vn -0.44571959972381592 0.04227267205715179 -0.89417397975921632
vn -0.12924575805664062 0.52842515707015992 -0.8390843272209168
vn 0.70717531442642208 -0.2662478983402252 0.654992401599884
vn 0.8694215416908264 -0.05463350936770439 0.49104094505310056
vn 0.8667844533920288 -0.37546333670616152 0.32819497585296632
vn 0.70995235443115232 0.11689604818820954 0.6944803595542908
vn 0.89709025621414192 0.154743030667305 0.41386452317237856
vn 0.70920932292938232 -0.18064889311790468 0.68146020174026488
vn 0.75818020105361936 -0.20077084004878996 -0.62036597728729248
vn 0.90769773721694944 -0.25461941957473756 -0.33354729413986208
vn 0.67541676759719848 0.1718953400850296 -0.71712225675582888
vn 0.86973810195922848 -0.03194563090801239 -0.49247846007347104
vn 0.68480253219604496 -0.59591102600097656 -0.41944670677185056
vn 0.75818020105361936 -0.20077084004878996 -0.62036597728729248
vn -0.61397463083267208 -0.78916543722152704 -0.01591108739376068
vn -0.7267117500305176 -0.68060165643692016 0.09312013536691666
vn -0.70012056827545168 -0.6802087426185608 0.21713390946388244
vn -0.02797593735158443 -0.993266761302948 -0.1124212071299553
vn -0.25505456328392028 -0.95261615514755248 0.16573983430862426
vn -0.17356958985328674 -0.92665582895278928 0.33344072103500368
vn -0.64604395627975464 -0.54832971096038816 0.53100067377090456
vn -0.63998103141784664 -0.718187153339386 0.27318796515464784
vn -0.30134680867195128 -0.73850512504577632 0.60315859317779544
vn -0.14071714878082276 -0.52266389131546024 0.8408454656600952
vn -0.40451905131340024 -0.44221177697181704 0.8005079627037048
vn -0.30134680867195128 -0.73850512504577632 0.60315859317779544
vn -0.24855726957321168 -0.0071031404659152 0.9685912132263184
vn -0.30573359131813048 0.02732192352414131 0.95172500610351568
vn -0.58984649181365968 -0.19048672914505004 0.78472673892974848
vn -0.30573359131813048 0.02732192352414131 0.95172500610351568
vn -0.24855726957321168 -0.0071031404659152 0.9685912132263184
vn -0.41734141111373904 0.13706512749195098 0.89835363626480096
vn -0.60948610305786136 -0.18947672843933104 0.76982158422470096
vn -0.14071714878082276 -0.52266389131546024 0.8408454656600952
vn -0.48038613796234128 -0.61155223846435544 0.6286756992340088
vn -0.145732581615448 -0.53242409229278568 0.83383846282958992
vn -0.58984649181365968 -0.19048672914505004 0.78472673892974848
vn -0.30573359131813048 0.02732192352414131 0.95172500610351568
vn 0.24177148938179016 -0.6517100930213928 0.71890234947204592
vn -0.10780562460422516 -0.76949352025985712 0.62948995828628544
vn 0.00823223311454057 -0.96458941698074336 0.2636277675628662
vn 0.62776321172714232 -0.46412420272827152 0.62490177154541016
vn -0.10780562460422516 -0.76949352025985712 0.62948995828628544
vn 0.24177148938179016 -0.6517100930213928 0.71890234947204592
vn -0.13973718881607056 -0.30055397748947144 0.94347274303436272
vn -0.46899059414863584 -0.24191194772720336 0.8494271039962768
vn 0.01624654792249202 -0.82725828886032112 0.56158679723739624
vn -0.46899059414863584 -0.24191194772720336 0.8494271039962768
vn -0.13973718881607056 -0.30055397748947144 0.94347274303436272
vn 0.0661529153585434 0.22017700970172884 0.9732142090797424
vn 0.82351458072662352 -0.5663238167762756 0.03318468481302261
vn 0.90769773721694944 -0.25461941957473756 -0.33354729413986208
vn 0.58500003814697264 -0.79328185319900512 -0.16875694692134858
vn 0.90769773721694944 -0.25461941957473756 -0.33354729413986208
vn 0.75818020105361936 -0.20077084004878996 -0.62036597728729248
vn 0.86592084169387824 0.1461792141199112 -0.47834363579750064
vn -0.28426101803779604 0.78986036777496336 0.54343014955520632
vn -0.56096911430358888 0.48268377780914304 0.67255485057830808
vn -0.6930687427520752 0.35319077968597412 0.62842035293579104
vn -0.56139397621154784 0.0003959874447900802 0.82754856348037712
vn -0.30573359131813048 0.02732192352414131 0.95172500610351568
vn -0.19587165117263792 0.38846310973167416 0.90040576457977296
vn -0.8762673735618592 0.40584290027618408 0.25970539450645448
vn -0.5357482433319092 0.77509391307830816 0.33496758341789244
vn -0.71441870927810672 0.66149240732192992 0.22810904681682588
vn -0.5357482433319092 0.77509391307830816 0.33496758341789244
vn -0.11317088454961776 0.86803734302520752 0.48342889547348024
vn -0.145057812333107 0.66650944948196408 0.7312477827072144
vn -0.29929634928703308 -0.95334553718566896 -0.03942050039768219
vn -0.56809031963348392 -0.73829764127731328 0.36357927322387696
vn -0.04130437225103378 -0.89050054550170896 0.45310345292091368
vn -0.29479923844337464 -0.80168002843856816 0.52000248432159424
vn -0.36946880817413328 -0.86767536401748656 0.33261418342590332
vn -0.56809031963348392 -0.73829764127731328 0.36357927322387696
vn -0.6660679578781128 -0.7179564833641052 0.20221775770187376
vn -0.71303814649581912 -0.64206188917160032 0.281661719083786
vn -0.63943415880203248 -0.63035923242568968 0.44019436836242672
vn 0.00823223311454057 -0.96458941698074336 0.2636277675628662
vn -0.63943415880203248 -0.63035923242568968 0.44019436836242672
vn -0.32542404532432556 -0.798320472240448 0.50673818588256832
vn 0.548534631729126 -0.44129410386085512 0.7101895809173584
vn 0.8022924065589904 -0.17031706869602204 0.57211810350418088
vn 0.76556253433227536 -0.06116111576557159 0.6404477953910828
vn 0.8022924065589904 -0.17031706869602204 0.57211810350418088
vn 0.548534631729126 -0.44129410386085512 0.7101895809173584
vn 0.62776321172714232 -0.46412420272827152 0.62490177154541016
vn -0.70033782720565792 -0.44093209505081176 -0.56134277582168576
vn -0.71269422769546512 -0.04788504540920258 -0.69983845949172976
vn -0.51408642530441288 -0.27512386441230772 -0.81241738796234128
vn -0.71269422769546512 -0.04788504540920258 -0.69983845949172976
vn -0.70033782720565792 -0.44093209505081176 -0.56134277582168576
vn -0.8627873063087464 -0.49299120903015136 -0.1120612770318985
vn 0.70364654064178464 0.6662645936012268 -0.24692700803279876
vn 0.97828793525695808 0.19713604450225832 -0.06395487487316132
vn 0.83316320180892944 0.29500412940979004 -0.46777302026748656
vn 0.81100952625274656 0.55392545461654664 0.1882289946079254
vn 0.78762823343276976 0.3698769211769104 0.49278059601783752
vn 0.97828793525695808 0.19713604450225832 -0.06395487487316132
vn -0.04130437225103378 -0.89050054550170896 0.45310345292091368
vn -0.2037842720746994 -0.87738633155822752 0.43435609340667728
vn -0.29929634928703308 -0.95334553718566896 -0.03942050039768219
vn -0.25505456328392028 -0.95261615514755248 0.16573983430862426
vn -0.02797593735158443 -0.993266761302948 -0.1124212071299553
vn -0.2037842720746994 -0.87738633155822752 0.43435609340667728
vn -0.01474155951291322 0.98293292522430416 -0.1833728700876236
vn 0.39346909523010256 0.91800713539123536 0.04944654554128647
vn 0.3741949498653412 0.8753952383995056 -0.30604159832000732
vn 0.39346909523010256 0.91800713539123536 0.04944654554128647
vn 0.70364654064178464 0.6662645936012268 -0.24692700803279876
vn 0.3741949498653412 0.8753952383995056 -0.30604159832000732
vn -0.22365732491016388 0.07005354017019272 0.97214704751968384
vn 0.0661529153585434 0.22017700970172884 0.9732142090797424
vn 0.02613161318004131 0.21056534349918364 0.97723048925399776
vn 0.70995235443115232 0.11689604818820954 0.6944803595542908
vn 0.45853269100189208 0.23373250663280488 0.85738962888717648
vn 0.0661529153585434 0.22017700970172884 0.9732142090797424
vn 0.89649718999862672 0.03610123693943023 0.44157606363296512
vn 0.62776321172714232 -0.46412420272827152 0.62490177154541016
vn 0.99294376373291008 -0.0940997377038002 -0.07216650247573853
vn 0.89649718999862672 0.03610123693943023 0.44157606363296512
vn 0.94457459449768064 0.3280920684337616 0.01159019954502582
vn 0.8879684209823608 0.22482217848300932 0.40120705962181088
vn -0.7267117500305176 -0.68060165643692016 0.09312013536691666
vn -0.80429309606552128 -0.517345666885376 0.29234570264816284
vn -0.87246197462081904 -0.46547719836235048 0.14879880845546722
vn -0.7267117500305176 -0.68060165643692016 0.09312013536691666
vn -0.87246197462081904 -0.46547719836235048 0.14879880845546722
vn -0.89484554529190064 -0.39549446105957032 0.2069672793149948
vn 0.45853269100189208 0.23373250663280488 0.85738962888717648
vn 0.70995235443115232 0.11689604818820954 0.6944803595542908
vn 0.53608453273773192 0.13330060243606568 0.83357316255569456
vn 0.70920932292938232 -0.18064889311790468 0.68146020174026488
vn 0.53608453273773192 0.13330060243606568 0.83357316255569456
vn 0.70995235443115232 0.11689604818820954 0.6944803595542908
vn -0.80121260881423952 -0.17557139694690704 0.5720428824424744
vn -0.80429309606552128 -0.517345666885376 0.29234570264816284
vn -0.64604395627975464 -0.54832971096038816 0.53100067377090456
vn -0.80429309606552128 -0.517345666885376 0.29234570264816284
vn -0.80121260881423952 -0.17557139694690704 0.5720428824424744
vn -0.99031704664230352 -0.12459470331668854 0.06122367084026337
vn 0.56077313423156736 -0.68709075450897216 -0.4619954526424408
vn 0.75818020105361936 -0.20077084004878996 -0.62036597728729248
vn 0.68480253219604496 -0.59591102600097656 -0.41944670677185056
vn 0.68480253219604496 -0.59591102600097656 -0.41944670677185056
vn 0.37140539288520816 -0.9232972860336304 -0.09787832200527192
vn 0.56077313423156736 -0.68709075450897216 -0.4619954526424408
vn 0.99069607257843024 0.03293823078274727 0.13204684853553772
vn 0.8694215416908264 -0.05463350936770439 0.49104094505310056
vn 0.8439339399337768 0.40740656852722168 0.34899207949638368
vn 0.89709025621414192 0.154743030667305 0.41386452317237856
vn 0.72324842214584352 -0.12963870167732238 0.678310751914978
vn 0.70920932292938232 -0.18064889311790468 0.68146020174026488
vn -0.21572497487068176 0.94048160314559936 -0.26259684562683104
vn -0.20241945981979372 0.9791086912155152 0.01930191181600093
vn 0.05724033340811729 0.95965403318405152 -0.27529537677764892
vn -0.29651632905006408 0.79404658079147344 -0.5306299924850464
vn 0.05724033340811729 0.95965403318405152 -0.27529537677764892
vn -0.20241945981979372 0.9791086912155152 0.01930191181600093
vn -0.01549198478460312 0.94741004705429072 -0.319646954536438
vn -0.19793592393398284 0.94585239887237552 -0.25726389884948732
vn -0.60454571247100832 0.76858782768249504 -0.20927770435810088
vn -0.60454571247100832 0.76858782768249504 -0.20927770435810088
vn -0.19793592393398284 0.94585239887237552 -0.25726389884948732
vn -0.32809245586395264 0.94032394886016848 -0.09025652706623078
vn 0.97216296195983888 -0.08008242398500443 0.2201954424381256
vn 0.91596889495849616 0.39227133989334104 0.08440592885017395
vn 0.8783034682273864 0.47623363137245176 0.0422450378537178
vn 0.94886195659637456 0.28874012827873228 -0.1276327520608902
vn 0.91596889495849616 0.39227133989334104 0.08440592885017395
vn 0.99069607257843024 0.03293823078274727 0.13204684853553772
vn 0.76556253433227536 -0.06116111576557159 0.6404477953910828
vn 0.85997313261032112 0.305769145488739 0.40859690308570864
vn 0.57097917795181272 -0.64735209941864016 0.50489419698715208
vn 0.76556253433227536 -0.06116111576557159 0.6404477953910828
vn 0.94886195659637456 0.28874012827873228 -0.1276327520608902
vn 0.85997313261032112 0.305769145488739 0.40859690308570864
vn -0.64044600725173952 0.2887466847896576 -0.71165603399276736
vn -0.546830415725708 -0.1918025314807892 -0.81497740745544432
vn -0.70889413356781008 -0.12060300260782242 -0.69492733478546144
vn -0.546830415725708 -0.1918025314807892 -0.81497740745544432
vn -0.29481267929077148 0.25385689735412596 -0.92121779918670656
vn 0.02509242668747902 -0.192258283495903 -0.98102349042892464
vn 0.37955954670906064 -0.03178311139345169 0.92462122440338128
vn 0.80663132667541504 -0.13176095485687256 0.57618129253387448
vn 0.70995235443115232 0.11689604818820954 0.6944803595542908
vn 0.53991419076919552 -0.49686115980148312 0.67942738533020016
vn 0.85997313261032112 0.305769145488739 0.40859690308570864
vn 0.80663132667541504 -0.13176095485687256 0.57618129253387448
vn 0.83316320180892944 0.29500412940979004 -0.46777302026748656
vn 0.663332998752594 0.70654368400573728 -0.2465467005968094
vn 0.70364654064178464 0.6662645936012268 -0.24692700803279876
vn 0.92714643478393552 0.37279012799263 0.03777611628174782
vn 0.663332998752594 0.70654368400573728 -0.2465467005968094
vn 0.8623067736625672 0.463306337594986 -0.20438729226589204
vn 0.77665817737579344 -0.42623904347419736 -0.46381264925003048
vn 0.85638934373855584 -0.05770958960056305 -0.51309525966644288
vn 0.97541952133178704 -0.19430477917194368 0.10393445193767548
vn 0.77665817737579344 -0.42623904347419736 -0.46381264925003048
vn 0.68897801637649536 -0.01323569379746914 -0.72466135025024416
vn 0.85638934373855584 -0.05770958960056305 -0.51309525966644288
vn -0.56096911430358888 0.48268377780914304 0.67255485057830808
vn -0.80121260881423952 -0.17557139694690704 0.5720428824424744
vn -0.56139397621154784 0.0003959874447900802 0.82754856348037712
vn -0.56139397621154784 0.0003959874447900802 0.82754856348037712
vn -0.6930687427520752 0.35319077968597412 0.62842035293579104
vn -0.56096911430358888 0.48268377780914304 0.67255485057830808
vn -0.55448651313781736 0.50590020418167112 -0.66076445579528808
vn -0.33315783739089964 0.75428539514541632 -0.56573796272277832
vn -0.29651632905006408 0.79404658079147344 -0.5306299924850464
vn -0.33315783739089964 0.75428539514541632 -0.56573796272277832
vn 0.05724033340811729 0.95965403318405152 -0.27529537677764892
vn -0.29651632905006408 0.79404658079147344 -0.5306299924850464
vn -0.98158979415893552 -0.16564799845218658 -0.09509079903364182
vn -0.99031704664230352 -0.12459470331668854 0.06122367084026337
vn -0.79646569490432736 0.231211856007576 -0.55873382091522216
vn -0.87246197462081904 -0.46547719836235048 0.14879880845546722
vn -0.99031704664230352 -0.12459470331668854 0.06122367084026337
vn -0.98158979415893552 -0.16564799845218658 -0.09509079903364182
vn -0.1550663560628891 0.91590684652328496 0.37022840976715088
vn -0.55069422721862792 0.8211320042610168 0.1499263346195221
vn -0.20147596299648284 0.85002559423446656 -0.48668679594993592
vn -0.28072029352188112 0.81589633226394656 0.50547933578491208
vn -0.55069422721862792 0.8211320042610168 0.1499263346195221
vn -0.1550663560628891 0.91590684652328496 0.37022840976715088
vn 0.07078497856855392 0.6021737456321716 -0.79522091150283808
vn -0.03425167128443718 0.9283522963523864 -0.37011998891830448
vn 0.25907754898071288 0.81143313646316528 -0.52388477325439456
vn 0.22459426522254944 0.95896178483963008 -0.17306040227413178
vn 0.25907754898071288 0.81143313646316528 -0.52388477325439456
vn -0.03425167128443718 0.9283522963523864 -0.37011998891830448
vn 0.97541952133178704 -0.19430477917194368 0.10393445193767548
vn 0.82351458072662352 -0.5663238167762756 0.03318468481302261
vn 0.77665817737579344 -0.42623904347419736 -0.46381264925003048
vn 0.9998431205749512 0.01640518382191658 -0.00666619697585702
vn 0.91783231496810912 -0.30563479661941528 0.25332036614418028
vn 0.97541952133178704 -0.19430477917194368 0.10393445193767548
vn -0.48116451501846312 0.86890184879302976 -0.11614738404750824
vn -0.88278657197952272 0.4692730903625488 -0.02169620618224144
vn -0.54484212398529056 0.7807657122612 0.3058626651763916
vn -0.20473989844322204 0.96706867218017584 0.15119484066963196
vn -0.48116451501846312 0.86890184879302976 -0.11614738404750824
vn -0.54484212398529056 0.7807657122612 0.3058626651763916
vn -0.12306717783212662 0.18127813935279848 0.97570121288299568
vn -0.58068245649337768 0.30012980103492736 0.7567893266677856
vn -0.41734141111373904 0.13706512749195098 0.89835363626480096
vn -0.41734141111373904 0.13706512749195098 0.89835363626480096
vn 0.02613161318004131 0.21056534349918364 0.97723048925399776
vn -0.12306717783212662 0.18127813935279848 0.97570121288299568
vn -0.25505456328392028 -0.95261615514755248 0.16573983430862426
vn -0.63998103141784664 -0.718187153339386 0.27318796515464784
vn -0.61397463083267208 -0.78916543722152704 -0.01591108739376068
vn -0.25505456328392028 -0.95261615514755248 0.16573983430862426
vn -0.61397463083267208 -0.78916543722152704 -0.01591108739376068
vn -0.17356958985328674 -0.92665582895278928 0.33344072103500368
vn 0.8783034682273864 0.47623363137245176 0.0422450378537178
vn 0.94457459449768064 0.3280920684337616 0.01159019954502582
vn 0.81427818536758416 0.37479102611541752 -0.44326373934745792
vn 0.91783231496810912 -0.30563479661941528 0.25332036614418028
vn 0.98851484060287472 -0.14686337113380432 -0.03563254699110985
vn 0.93754333257675168 -0.17782779037952424 -0.2989811897277832
vn -0.2446768879890442 -0.748974859714508 -0.61576771736145016
vn -0.42995929718017576 -0.5721560716629028 -0.69840699434280392
vn -0.642838716506958 -0.68883246183395384 -0.33506432175636292
vn -0.642838716506958 -0.68883246183395384 -0.33506432175636292
vn -0.42995929718017576 -0.5721560716629028 -0.69840699434280392
vn -0.16879765689373016 -0.92009335756301872 -0.35346224904060364
vn -0.22365732491016388 0.07005354017019272 0.97214704751968384
vn -0.24855726957321168 -0.0071031404659152 0.9685912132263184
vn -0.3871218264102936 -0.06835544109344482 0.91949129104614256
vn -0.3871218264102936 -0.06835544109344482 0.91949129104614256
vn -0.24855726957321168 -0.0071031404659152 0.9685912132263184
vn -0.58984649181365968 -0.19048672914505004 0.78472673892974848
vn -0.28442490100860596 -0.8620545864105224 -0.4194811284542084
vn -0.27449813485145568 -0.64784407615661624 -0.7105974555015564
vn -0.15648098289966584 -0.93498188257217408 -0.31831195950508116
vn -0.70033782720565792 -0.44093209505081176 -0.56134277582168576
vn -0.39031440019607544 -0.58449703454971312 -0.7113493084907532
vn -0.28442490100860596 -0.8620545864105224 -0.4194811284542084
vn -0.6550970673561096 -0.75551193952560432 -0.00703390967100858
vn -0.16879765689373016 -0.92009335756301872 -0.35346224904060364
vn -0.24752694368362428 -0.96885955333709712 -0.00643962994217872
vn -0.24752694368362428 -0.96885955333709712 -0.00643962994217872
vn -0.16879765689373016 -0.92009335756301872 -0.35346224904060364
vn 0.00823223311454057 -0.96458941698074336 0.2636277675628662
vn -0.30525395274162292 0.44652187824249264 0.8410934209823608
vn -0.41734141111373904 0.13706512749195098 0.89835363626480096
vn -0.58068245649337768 0.30012980103492736 0.7567893266677856
vn -0.58068245649337768 0.30012980103492736 0.7567893266677856
vn -0.69123351573944088 0.59231466054916384 0.4139560163021088
vn -0.30525395274162292 0.44652187824249264 0.8410934209823608
vn 0.46191355586051944 0.13926412165164948 -0.87592315673828128
vn 0.73006016016006464 -0.41173434257507328 -0.5454236268997192
vn 0.43227112293243408 -0.40798166394233704 -0.8041720390319824
vn 0.43227112293243408 -0.40798166394233704 -0.8041720390319824
vn 0.73006016016006464 -0.41173434257507328 -0.5454236268997192
vn 0.1788872629404068 -0.42742124199867248 -0.88617742061614992
vn -0.145732581615448 -0.53242409229278568 0.83383846282958992
vn -0.14071714878082276 -0.52266389131546024 0.8408454656600952
vn -0.58984649181365968 -0.19048672914505004 0.78472673892974848
vn -0.40451905131340024 -0.44221177697181704 0.8005079627037048
vn -0.14071714878082276 -0.52266389131546024 0.8408454656600952
vn -0.145732581615448 -0.53242409229278568 0.83383846282958992
vn -0.71441870927810672 0.66149240732192992 0.22810904681682588
vn -0.145057812333107 0.66650944948196408 0.7312477827072144
vn -0.28426101803779604 0.78986036777496336 0.54343014955520632
vn -0.71441870927810672 0.66149240732192992 0.22810904681682588
vn -0.5357482433319092 0.77509391307830816 0.33496758341789244
vn -0.145057812333107 0.66650944948196408 0.7312477827072144
vn 0.94068086147308352 -0.09900905936956406 0.3245254158973694
vn 0.8667844533920288 -0.37546333670616152 0.32819497585296632
vn 0.96625882387161248 -0.25329703092575072 -0.04673955589532852
vn 0.8667844533920288 -0.37546333670616152 0.32819497585296632
vn 0.94068086147308352 -0.09900905936956406 0.3245254158973694
vn 0.71430653333663944 0.0958845540881157 0.69323319196701048
vn -0.21572497487068176 0.94048160314559936 -0.26259684562683104
vn -0.32809245586395264 0.94032394886016848 -0.09025652706623078
vn -0.23649349808692932 0.963591992855072 0.12474454939365386
vn -0.32809245586395264 0.94032394886016848 -0.09025652706623078
vn -0.03425167128443718 0.9283522963523864 -0.37011998891830448
vn -0.23649349808692932 0.963591992855072 0.12474454939365386
vn -0.02809336595237255 -0.45659947395324704 -0.88922864198684688
vn 0.00191219942644238 -0.65844011306762696 -0.75263065099716192
vn -0.51229572296142576 -0.47802957892417904 -0.7134709358215332
vn -0.02809336595237255 -0.45659947395324704 -0.88922864198684688
vn 0.1788872629404068 -0.42742124199867248 -0.88617742061614992
vn 0.00191219942644238 -0.65844011306762696 -0.75263065099716192
vn -0.12924575805664062 0.52842515707015992 -0.8390843272209168
vn -0.55448651313781736 0.50590020418167112 -0.66076445579528808
vn -0.64662712812423704 0.36717823147773744 -0.66862052679061888
vn -0.55448651313781736 0.50590020418167112 -0.66076445579528808
vn -0.65712898969650272 0.40458714962005616 -0.6359959244728088
vn -0.64662712812423704 0.36717823147773744 -0.66862052679061888
vn -0.27942016720771788 -0.70233291387557984 0.65471577644348144
vn -0.30134680867195128 -0.73850512504577632 0.60315859317779544
vn -0.25505456328392028 -0.95261615514755248 0.16573983430862426
vn -0.30134680867195128 -0.73850512504577632 0.60315859317779544
vn -0.27942016720771788 -0.70233291387557984 0.65471577644348144
vn -0.14071714878082276 -0.52266389131546024 0.8408454656600952
vn -0.8627873063087464 -0.49299120903015136 -0.1120612770318985
vn -0.6900430917739868 -0.54081785678863528 0.48099529743194584
vn -0.89484554529190064 -0.39549446105957032 0.2069672793149948
vn -0.98158979415893552 -0.16564799845218658 -0.09509079903364182
vn -0.97107291221618656 -0.13151940703392028 -0.19929897785186768
vn -0.89484554529190064 -0.39549446105957032 0.2069672793149948
vn 0.66698426008224488 0.73171722888946528 -0.14043501019477844
vn 0.92225795984268192 0.34540006518363952 -0.17360584437847138
vn 0.7588509321212768 0.46725919842720032 -0.45366731286048888
vn 0.5932637453079224 0.42025637626647952 -0.68660229444503784
vn 0.37828543782234192 0.79977911710739136 -0.46610462665557864
vn 0.7588509321212768 0.46725919842720032 -0.45366731286048888
vn 0.01624654792249202 -0.82725828886032112 0.56158679723739624
vn -0.64159739017486576 -0.36971190571784976 0.67206084728240968
vn -0.54376363754272464 -0.7448245286941528 0.38672676682472232
vn 0.01624654792249202 -0.82725828886032112 0.56158679723739624
vn -0.54376363754272464 -0.7448245286941528 0.38672676682472232
vn -0.29479923844337464 -0.80168002843856816 0.52000248432159424
vn -0.19158364832401276 -0.89769464731216432 0.39678698778152464
vn -0.61488193273544312 -0.78118908405303952 0.10799872875213624
vn -0.27986967563629152 -0.948495864868164 -0.14842046797275544
vn -0.27986967563629152 -0.948495864868164 -0.14842046797275544
vn -0.16995766758918762 -0.98538386821746832 0.01153616234660148
vn -0.19158364832401276 -0.89769464731216432 0.39678698778152464
vn -0.49132579565048216 0.6836644411087036 -0.5396312475204468
vn -0.5062575936317444 0.77367943525314336 -0.38095059990882872
vn -0.25465258955955504 0.91663682460784912 -0.3081054389476776
vn -0.25465258955955504 0.91663682460784912 -0.3081054389476776
vn 0.07078497856855392 0.6021737456321716 -0.79522091150283808
vn -0.49132579565048216 0.6836644411087036 -0.5396312475204468
vn -0.54925119876861576 0.82969391345977776 0.09965488314628602
vn -0.10691782087087632 0.8062415719032288 0.58184456825256344
vn -0.36321878433227536 0.93136054277420048 0.02529127150774002
vn -0.54925119876861576 0.82969391345977776 0.09965488314628602
vn -0.36321878433227536 0.93136054277420048 0.02529127150774002
vn -0.6270713210105896 0.73360627889633184 -0.26192247867584228
vn -0.58551919460296632 -0.76843112707138064 -0.25822657346725464
vn -0.1847520023584366 -0.96805953979492192 -0.1694919466972351
vn -0.15648098289966584 -0.93498188257217408 -0.31831195950508116
vn -0.1847520023584366 -0.96805953979492192 -0.1694919466972351
vn -0.58551919460296632 -0.76843112707138064 -0.25822657346725464
vn -0.6550970673561096 -0.75551193952560432 -0.00703390967100858
vn 0.86592084169387824 0.1461792141199112 -0.47834363579750064
vn 0.84657162427902224 -0.44222694635391232 -0.29622945189476012
vn 0.90769773721694944 -0.25461941957473756 -0.33354729413986208
vn 0.84657162427902224 -0.44222694635391232 -0.29622945189476012
vn 0.86592084169387824 0.1461792141199112 -0.47834363579750064
vn 0.56781852245330808 0.04995101690292358 -0.82163673639297488
vn 0.89709025621414192 0.154743030667305 0.41386452317237856
vn 0.8439339399337768 0.40740656852722168 0.34899207949638368
vn 0.8694215416908264 -0.05463350936770439 0.49104094505310056
vn 0.80663132667541504 -0.13176095485687256 0.57618129253387448
vn 0.8439339399337768 0.40740656852722168 0.34899207949638368
vn 0.89709025621414192 0.154743030667305 0.41386452317237856
vn -0.55069422721862792 0.8211320042610168 0.1499263346195221
vn -0.28072029352188112 0.81589633226394656 0.50547933578491208
vn -0.11317088454961776 0.86803734302520752 0.48342889547348024
vn -0.28426101803779604 0.78986036777496336 0.54343014955520632
vn -0.11317088454961776 0.86803734302520752 0.48342889547348024
vn -0.28072029352188112 0.81589633226394656 0.50547933578491208
vn -0.99031704664230352 -0.12459470331668854 0.06122367084026337
vn -0.88278657197952272 0.4692730903625488 -0.02169620618224144
vn -0.7792019248008728 0.48895955085754392 -0.39212602376937864
vn -0.33315783739089964 0.75428539514541632 -0.56573796272277832
vn -0.7792019248008728 0.48895955085754392 -0.39212602376937864
vn -0.88278657197952272 0.4692730903625488 -0.02169620618224144
vn -0.6660679578781128 -0.7179564833641052 0.20221775770187376
vn -0.19047927856445312 -0.93690198659896848 0.29314199090003968
vn -0.15539595484733582 -0.9241092205047608 0.3491050601005554
vn -0.19047927856445312 -0.93690198659896848 0.29314199090003968
vn -0.6660679578781128 -0.7179564833641052 0.20221775770187376
vn -0.56809031963348392 -0.73829764127731328 0.36357927322387696
vn 0.67896354198455808 -0.33709928393363952 -0.65220594406127928
vn 0.7045122981071472 -0.5750452280044556 -0.41591501235961912
vn 0.73006016016006464 -0.41173434257507328 -0.5454236268997192
vn 0.67896354198455808 -0.33709928393363952 -0.65220594406127928
vn 0.77665817737579344 -0.42623904347419736 -0.46381264925003048
vn 0.7045122981071472 -0.5750452280044556 -0.41591501235961912
vn -0.73556256294250496 0.22104041278362276 -0.6403818130493164
vn -0.70889413356781008 -0.12060300260782242 -0.69492733478546144
vn -0.47676336765289304 0.00864533614367246 -0.87898916006088256
vn -0.65712898969650272 0.40458714962005616 -0.6359959244728088
vn -0.47676336765289304 0.00864533614367246 -0.87898916006088256
vn -0.44571959972381592 0.04227267205715179 -0.89417397975921632
vn -0.2961527407169342 0.53406572341918944 0.7918758392333984
vn 0.1592380702495575 0.63122808933258056 0.75907468795776368
vn -0.10691782087087632 0.8062415719032288 0.58184456825256344
vn -0.10691782087087632 0.8062415719032288 0.58184456825256344
vn 0.1592380702495575 0.63122808933258056 0.75907468795776368
vn 0.06396463513374329 0.944989025592804 0.32078689336776732
vn 0.1592380702495575 0.63122808933258056 0.75907468795776368
vn 0.44079095125198368 0.542084276676178 0.71543550491333008
vn 0.51238030195236208 0.75197219848632816 0.4147339761257172
vn 0.44079095125198368 0.542084276676178 0.71543550491333008
vn 0.78762823343276976 0.3698769211769104 0.49278059601783752
vn 0.51238030195236208 0.75197219848632816 0.4147339761257172
vn -0.08000709116458893 0.94585460424423216 -0.31457585096359252
vn -0.20473989844322204 0.96706867218017584 0.15119484066963196
vn -0.1550663560628891 0.91590684652328496 0.37022840976715088
vn -0.48116451501846312 0.86890184879302976 -0.11614738404750824
vn -0.20473989844322204 0.96706867218017584 0.15119484066963196
vn -0.08000709116458893 0.94585460424423216 -0.31457585096359252
vn -0.21572497487068176 0.94048160314559936 -0.26259684562683104
vn -0.41987144947052 0.74450254440307616 -0.51906067132949832
vn -0.60454571247100832 0.76858782768249504 -0.20927770435810088
vn -0.21572497487068176 0.94048160314559936 -0.26259684562683104
vn 0.05724033340811729 0.95965403318405152 -0.27529537677764892
vn -0.41987144947052 0.74450254440307616 -0.51906067132949832
vn -0.51408642530441288 -0.27512386441230772 -0.81241738796234128
vn -0.47676336765289304 0.00864533614367246 -0.87898916006088256
vn -0.70889413356781008 -0.12060300260782242 -0.69492733478546144
vn -0.51229572296142576 -0.47802957892417904 -0.7134709358215332
vn -0.51408642530441288 -0.27512386441230772 -0.81241738796234128
vn -0.70889413356781008 -0.12060300260782242 -0.69492733478546144
vn 0.94457459449768064 0.3280920684337616 0.01159019954502582
vn 0.99294376373291008 -0.0940997377038002 -0.07216650247573853
vn 0.86973810195922848 -0.03194563090801239 -0.49247846007347104
vn 0.99294376373291008 -0.0940997377038002 -0.07216650247573853
vn 0.94457459449768064 0.3280920684337616 0.01159019954502582
vn 0.89649718999862672 0.03610123693943023 0.44157606363296512
vn -0.49132579565048216 0.6836644411087036 -0.5396312475204468
vn -0.29481267929077148 0.25385689735412596 -0.92121779918670656
vn -0.64044600725173952 0.2887466847896576 -0.71165603399276736
vn -0.546830415725708 -0.1918025314807892 -0.81497740745544432
vn -0.64044600725173952 0.2887466847896576 -0.71165603399276736
vn -0.29481267929077148 0.25385689735412596 -0.92121779918670656
vn 0.68897801637649536 -0.01323569379746914 -0.72466135025024416
vn 0.5932637453079224 0.42025637626647952 -0.68660229444503784
vn 0.85638934373855584 -0.05770958960056305 -0.51309525966644288
vn 0.5932637453079224 0.42025637626647952 -0.68660229444503784
vn 0.68897801637649536 -0.01323569379746914 -0.72466135025024416
vn 0.46191355586051944 0.13926412165164948 -0.87592315673828128
vn -0.71441870927810672 0.66149240732192992 0.22810904681682588
vn -0.28426101803779604 0.78986036777496336 0.54343014955520632
vn -0.43136340379714968 0.71580499410629272 0.54913473129272464
vn -0.6930687427520752 0.35319077968597412 0.62842035293579104
vn -0.43136340379714968 0.71580499410629272 0.54913473129272464
vn -0.28426101803779604 0.78986036777496336 0.54343014955520632
vn -0.15648098289966584 -0.93498188257217408 -0.31831195950508116
vn -0.39376151561737064 -0.74988204240798944 -0.53162854909896848
vn -0.58551919460296632 -0.76843112707138064 -0.25822657346725464
vn -0.15648098289966584 -0.93498188257217408 -0.31831195950508116
vn -0.28880152106285096 -0.69109761714935304 -0.66255390644073488
vn -0.39376151561737064 -0.74988204240798944 -0.53162854909896848
vn -0.01549198478460312 0.94741004705429072 -0.319646954536438
vn -0.60454571247100832 0.76858782768249504 -0.20927770435810088
vn -0.38156577944755552 0.80598652362823488 -0.45254114270210264
vn -0.01549198478460312 0.94741004705429072 -0.319646954536438
vn -0.38156577944755552 0.80598652362823488 -0.45254114270210264
vn 0.00472410256043076 0.8598498106002808 -0.510525107383728
vn 0.8667844533920288 -0.37546333670616152 0.32819497585296632
vn 0.99069607257843024 0.03293823078274727 0.13204684853553772
vn 0.97216296195983888 -0.08008242398500443 0.2201954424381256
vn 0.99069607257843024 0.03293823078274727 0.13204684853553772
vn 0.91596889495849616 0.39227133989334104 0.08440592885017395
vn 0.97216296195983888 -0.08008242398500443 0.2201954424381256
vn 0.23823687434196472 -0.84008818864822384 0.48733451962471008
vn -0.29479923844337464 -0.80168002843856816 0.52000248432159424
vn -0.07504923641681671 -0.5274444818496704 0.84626823663711552
vn -0.29479923844337464 -0.80168002843856816 0.52000248432159424
vn -0.10780562460422516 -0.76949352025985712 0.62948995828628544
vn -0.07504923641681671 -0.5274444818496704 0.84626823663711552
vn 0.75010722875595088 -0.5794153809547424 0.31877419352531432
vn 0.99294376373291008 -0.0940997377038002 -0.07216650247573853
vn 0.62776321172714232 -0.46412420272827152 0.62490177154541016
vn 0.62776321172714232 -0.46412420272827152 0.62490177154541016
vn 0.24177148938179016 -0.6517100930213928 0.71890234947204592
vn 0.75010722875595088 -0.5794153809547424 0.31877419352531432
vn 0.75818020105361936 -0.20077084004878996 -0.62036597728729248
vn 0.67541676759719848 0.1718953400850296 -0.71712225675582888
vn 0.86973810195922848 -0.03194563090801239 -0.49247846007347104
vn 0.81427818536758416 0.37479102611541752 -0.44326373934745792
vn 0.86973810195922848 -0.03194563090801239 -0.49247846007347104
vn 0.67541676759719848 0.1718953400850296 -0.71712225675582888
vn 0.78762823343276976 0.3698769211769104 0.49278059601783752
vn 0.71430653333663944 0.0958845540881157 0.69323319196701048
vn 0.94068086147308352 -0.09900905936956406 0.3245254158973694
vn 0.44079095125198368 0.542084276676178 0.71543550491333008
vn 0.71430653333663944 0.0958845540881157 0.69323319196701048
vn 0.78762823343276976 0.3698769211769104 0.49278059601783752
vn 0.68334829807281496 -0.46832713484764096 -0.5600934624671936
vn 0.78701281547546384 -0.17035044729709626 -0.59295141696929928
vn 0.56077313423156736 -0.68709075450897216 -0.4619954526424408
vn 0.68334829807281496 -0.46832713484764096 -0.5600934624671936
vn 0.56077313423156736 -0.68709075450897216 -0.4619954526424408
vn 0.23331500589847564 -0.66677498817443848 -0.70779609680175784
vn 0.1788872629404068 -0.42742124199867248 -0.88617742061614992
vn 0.45206266641616824 -0.33495247364044188 -0.82670795917510992
vn -0.06938387453556061 -0.33195161819458008 -0.94074112176895136
vn -0.06938387453556061 -0.33195161819458008 -0.94074112176895136
vn -0.195196196436882 -0.57606118917465208 -0.79375809431076048
vn 0.1788872629404068 -0.42742124199867248 -0.88617742061614992
vn 0.82351458072662352 -0.5663238167762756 0.03318468481302261
vn 0.97541952133178704 -0.19430477917194368 0.10393445193767548
vn 0.91783231496810912 -0.30563479661941528 0.25332036614418028
vn 0.93754333257675168 -0.17782779037952424 -0.2989811897277832
vn 0.82351458072662352 -0.5663238167762756 0.03318468481302261
vn 0.91783231496810912 -0.30563479661941528 0.25332036614418028
vn -0.17356958985328674 -0.92665582895278928 0.33344072103500368
vn -0.70012056827545168 -0.6802087426185608 0.21713390946388244
vn -0.6900430917739868 -0.54081785678863528 0.48099529743194584
vn -0.70012056827545168 -0.6802087426185608 0.21713390946388244
vn -0.17356958985328674 -0.92665582895278928 0.33344072103500368
vn -0.61397463083267208 -0.78916543722152704 -0.01591108739376068
vn 0.8879684209823608 0.22482217848300932 0.40120705962181088
vn 0.91596889495849616 0.39227133989334104 0.08440592885017395
vn 0.94886195659637456 0.28874012827873228 -0.1276327520608902
vn 0.94886195659637456 0.28874012827873228 -0.1276327520608902
vn 0.8022924065589904 -0.17031706869602204 0.57211810350418088
vn 0.8879684209823608 0.22482217848300932 0.40120705962181088
vn 0.3741949498653412 0.8753952383995056 -0.30604159832000732
vn 0.00472410256043076 0.8598498106002808 -0.510525107383728
vn -0.01474155951291322 0.98293292522430416 -0.1833728700876236
vn -0.43139216303825376 0.81426179409027104 -0.38843083381652832
vn -0.01474155951291322 0.98293292522430416 -0.1833728700876236
vn 0.00472410256043076 0.8598498106002808 -0.510525107383728
vn 0.23823687434196472 -0.84008818864822384 0.48733451962471008
vn 0.57097917795181272 -0.64735209941864016 0.50489419698715208
vn 0.53991419076919552 -0.49686115980148312 0.67942738533020016
vn 0.23823687434196472 -0.84008818864822384 0.48733451962471008
vn 0.29342588782310484 -0.67567217350006104 0.67629021406173704
vn 0.57097917795181272 -0.64735209941864016 0.50489419698715208
vn 0.8694215416908264 -0.05463350936770439 0.49104094505310056
vn 0.72324842214584352 -0.12963870167732238 0.678310751914978
vn 0.89709025621414192 0.154743030667305 0.41386452317237856
vn 0.8694215416908264 -0.05463350936770439 0.49104094505310056
vn 0.70717531442642208 -0.2662478983402252 0.654992401599884
vn 0.72324842214584352 -0.12963870167732238 0.678310751914978
vn -0.80429309606552128 -0.517345666885376 0.29234570264816284
vn -0.63998103141784664 -0.718187153339386 0.27318796515464784
vn -0.64604395627975464 -0.54832971096038816 0.53100067377090456
vn -0.63998103141784664 -0.718187153339386 0.27318796515464784
vn -0.80429309606552128 -0.517345666885376 0.29234570264816284
vn -0.7267117500305176 -0.68060165643692016 0.09312013536691666
vn 0.81427818536758416 0.37479102611541752 -0.44326373934745792
vn 0.67541676759719848 0.1718953400850296 -0.71712225675582888
vn 0.93754333257675168 -0.17782779037952424 -0.2989811897277832
vn 0.8783034682273864 0.47623363137245176 0.0422450378537178
vn 0.81427818536758416 0.37479102611541752 -0.44326373934745792
vn 0.93754333257675168 -0.17782779037952424 -0.2989811897277832
vn -0.54973167181015016 0.68555527925491336 -0.47729355096817016
vn -0.41987144947052 0.74450254440307616 -0.51906067132949832
vn -0.20147596299648284 0.85002559423446656 -0.48668679594993592
vn -0.54973167181015016 0.68555527925491336 -0.47729355096817016
vn -0.20147596299648284 0.85002559423446656 -0.48668679594993592
vn -0.6270713210105896 0.73360627889633184 -0.26192247867584228
vn 0.75010722875595088 -0.5794153809547424 0.31877419352531432
vn 0.4492041766643524 -0.89320343732833856 0.02008191123604774
vn 0.75016760826110832 -0.58378750085830688 -0.31054908037185668
vn 0.75016760826110832 -0.58378750085830688 -0.31054908037185668
vn 0.4492041766643524 -0.89320343732833856 0.02008191123604774
vn 0.68480253219604496 -0.59591102600097656 -0.41944670677185056
vn -0.19587165117263792 0.38846310973167416 0.90040576457977296
vn -0.6930687427520752 0.35319077968597412 0.62842035293579104
vn -0.56139397621154784 0.0003959874447900802 0.82754856348037712
vn -0.6930687427520752 0.35319077968597412 0.62842035293579104
vn -0.19587165117263792 0.38846310973167416 0.90040576457977296
vn -0.43136340379714968 0.71580499410629272 0.54913473129272464
vn -0.60312587022781376 0.42055276036262512 0.67777168750762936
vn -0.82295590639114384 0.2522045373916626 0.5090544819831848
vn -0.56096911430358888 0.48268377780914304 0.67255485057830808
vn -0.82295590639114384 0.2522045373916626 0.5090544819831848
vn -0.60312587022781376 0.42055276036262512 0.67777168750762936
vn -0.54484212398529056 0.7807657122612 0.3058626651763916
vn 0.00191219942644238 -0.65844011306762696 -0.75263065099716192
vn -0.195196196436882 -0.57606118917465208 -0.79375809431076048
vn -0.2446768879890442 -0.748974859714508 -0.61576771736145016
vn -0.195196196436882 -0.57606118917465208 -0.79375809431076048
vn -0.42995929718017576 -0.5721560716629028 -0.69840699434280392
vn -0.2446768879890442 -0.748974859714508 -0.61576771736145016
vn 0.06396463513374329 0.944989025592804 0.32078689336776732
vn 0.51238030195236208 0.75197219848632816 0.4147339761257172
vn 0.39346909523010256 0.91800713539123536 0.04944654554128647
vn 0.39346909523010256 0.91800713539123536 0.04944654554128647
vn -0.01474155951291322 0.98293292522430416 -0.1833728700876236
vn 0.06396463513374329 0.944989025592804 0.32078689336776732
vn -0.51229572296142576 -0.47802957892417904 -0.7134709358215332
vn -0.28880152106285096 -0.69109761714935304 -0.66255390644073488
vn -0.27449813485145568 -0.64784407615661624 -0.7105974555015564
vn 0.00191219942644238 -0.65844011306762696 -0.75263065099716192
vn -0.28880152106285096 -0.69109761714935304 -0.66255390644073488
vn -0.51229572296142576 -0.47802957892417904 -0.7134709358215332
vn 0.663332998752594 0.70654368400573728 -0.2465467005968094
vn 0.92714643478393552 0.37279012799263 0.03777611628174782
vn 0.92225795984268192 0.34540006518363952 -0.17360584437847138
vn 0.97541952133178704 -0.19430477917194368 0.10393445193767548
vn 0.92225795984268192 0.34540006518363952 -0.17360584437847138
vn 0.92714643478393552 0.37279012799263 0.03777611628174782
vn 0.97828793525695808 0.19713604450225832 -0.06395487487316132
vn 0.70364654064178464 0.6662645936012268 -0.24692700803279876
vn 0.81100952625274656 0.55392545461654664 0.1882289946079254
vn 0.39346909523010256 0.91800713539123536 0.04944654554128647
vn 0.81100952625274656 0.55392545461654664 0.1882289946079254
vn 0.70364654064178464 0.6662645936012268 -0.24692700803279876
vn -0.71441870927810672 0.66149240732192992 0.22810904681682588
vn -0.69123351573944088 0.59231466054916384 0.4139560163021088
vn -0.8762673735618592 0.40584290027618408 0.25970539450645448
vn -0.43136340379714968 0.71580499410629272 0.54913473129272464
vn -0.69123351573944088 0.59231466054916384 0.4139560163021088
vn -0.71441870927810672 0.66149240732192992 0.22810904681682588
vn 0.53608453273773192 0.13330060243606568 0.83357316255569456
vn 0.02613161318004131 0.21056534349918364 0.97723048925399776
vn 0.45853269100189208 0.23373250663280488 0.85738962888717648
vn 0.45853269100189208 0.23373250663280488 0.85738962888717648
vn 0.02613161318004131 0.21056534349918364 0.97723048925399776
vn 0.0661529153585434 0.22017700970172884 0.9732142090797424
vn 0.8783034682273864 0.47623363137245176 0.0422450378537178
vn 0.98851484060287472 -0.14686337113380432 -0.03563254699110985
vn 0.97216296195983888 -0.08008242398500443 0.2201954424381256
vn 0.98851484060287472 -0.14686337113380432 -0.03563254699110985
vn 0.8783034682273864 0.47623363137245176 0.0422450378537178
vn 0.93754333257675168 -0.17782779037952424 -0.2989811897277832
vn -0.97107291221618656 -0.13151940703392028 -0.19929897785186768
vn -0.8627873063087464 -0.49299120903015136 -0.1120612770318985
vn -0.89484554529190064 -0.39549446105957032 0.2069672793149948
vn -0.8627873063087464 -0.49299120903015136 -0.1120612770318985
vn -0.97107291221618656 -0.13151940703392028 -0.19929897785186768
vn -0.71269422769546512 -0.04788504540920258 -0.69983845949172976
vn -0.19158364832401276 -0.89769464731216432 0.39678698778152464
vn -0.6900430917739868 -0.54081785678863528 0.48099529743194584
vn -0.61488193273544312 -0.78118908405303952 0.10799872875213624
vn -0.8627873063087464 -0.49299120903015136 -0.1120612770318985
vn -0.61488193273544312 -0.78118908405303952 0.10799872875213624
vn -0.6900430917739868 -0.54081785678863528 0.48099529743194584
vn -0.6270713210105896 0.73360627889633184 -0.26192247867584228
vn -0.36321878433227536 0.93136054277420048 0.02529127150774002
vn -0.43139216303825376 0.81426179409027104 -0.38843083381652832
vn -0.43139216303825376 0.81426179409027104 -0.38843083381652832
vn -0.54973167181015016 0.68555527925491336 -0.47729355096817016
vn -0.6270713210105896 0.73360627889633184 -0.26192247867584228
vn 0.73006016016006464 -0.41173434257507328 -0.5454236268997192
vn 0.62261074781417848 -0.53661668300628664 -0.56955987215042112
vn 0.1788872629404068 -0.42742124199867248 -0.88617742061614992
vn 0.62261074781417848 -0.53661668300628664 -0.56955987215042112
vn 0.73006016016006464 -0.41173434257507328 -0.5454236268997192
vn 0.7045122981071472 -0.5750452280044556 -0.41591501235961912
vn 0.31476417183876036 0.32078310847282408 0.89332056045532224
vn 0.53608453273773192 0.13330060243606568 0.83357316255569456
vn 0.44079095125198368 0.542084276676178 0.71543550491333008
vn 0.02613161318004131 0.21056534349918364 0.97723048925399776
vn 0.53608453273773192 0.13330060243606568 0.83357316255569456
vn 0.31476417183876036 0.32078310847282408 0.89332056045532224
vn -0.71303814649581912 -0.64206188917160032 0.281661719083786
vn -0.24752694368362428 -0.96885955333709712 -0.00643962994217872
vn -0.32542404532432556 -0.798320472240448 0.50673818588256832
vn -0.71303814649581912 -0.64206188917160032 0.281661719083786
vn -0.32542404532432556 -0.798320472240448 0.50673818588256832
vn -0.63943415880203248 -0.63035923242568968 0.44019436836242672
vn 0.93861299753189088 -0.30883947014808656 0.15370002388954162
vn 0.9998431205749512 0.01640518382191658 -0.00666619697585702
vn 0.96625882387161248 -0.25329703092575072 -0.04673955589532852
vn 0.96625882387161248 -0.25329703092575072 -0.04673955589532852
vn 0.97216296195983888 -0.08008242398500443 0.2201954424381256
vn 0.93861299753189088 -0.30883947014808656 0.15370002388954162
vn 0.37828543782234192 0.79977911710739136 -0.46610462665557864
vn 0.22459426522254944 0.95896178483963008 -0.17306040227413178
vn 0.66698426008224488 0.73171722888946528 -0.14043501019477844
vn 0.7588509321212768 0.46725919842720032 -0.45366731286048888
vn 0.37828543782234192 0.79977911710739136 -0.46610462665557864
vn 0.66698426008224488 0.73171722888946528 -0.14043501019477844
vn -0.13973718881607056 -0.30055397748947144 0.94347274303436272
vn 0.53991419076919552 -0.49686115980148312 0.67942738533020016
vn 0.37955954670906064 -0.03178311139345169 0.92462122440338128
vn 0.80663132667541504 -0.13176095485687256 0.57618129253387448
vn 0.37955954670906064 -0.03178311139345169 0.92462122440338128
vn 0.53991419076919552 -0.49686115980148312 0.67942738533020016
vn -0.12924575805664062 0.52842515707015992 -0.8390843272209168
vn -0.79646569490432736 0.231211856007576 -0.55873382091522216
vn -0.55448651313781736 0.50590020418167112 -0.66076445579528808
vn -0.12924575805664062 0.52842515707015992 -0.8390843272209168
vn -0.71269422769546512 -0.04788504540920258 -0.69983845949172976
vn -0.79646569490432736 0.231211856007576 -0.55873382091522216
vn -0.02797593735158443 -0.993266761302948 -0.1124212071299553
vn -0.29929634928703308 -0.95334553718566896 -0.03942050039768219
vn -0.2037842720746994 -0.87738633155822752 0.43435609340667728
vn -0.02797593735158443 -0.993266761302948 -0.1124212071299553
vn -0.19047927856445312 -0.93690198659896848 0.29314199090003968
vn -0.29929634928703308 -0.95334553718566896 -0.03942050039768219
vn 0.9998431205749512 0.01640518382191658 -0.00666619697585702
vn 0.8623067736625672 0.463306337594986 -0.20438729226589204
vn 0.83316320180892944 0.29500412940979004 -0.46777302026748656
vn 0.663332998752594 0.70654368400573728 -0.2465467005968094
vn 0.83316320180892944 0.29500412940979004 -0.46777302026748656
vn 0.8623067736625672 0.463306337594986 -0.20438729226589204
vn -0.58984649181365968 -0.19048672914505004 0.78472673892974848
vn -0.60948610305786136 -0.18947672843933104 0.76982158422470096
vn -0.3871218264102936 -0.06835544109344482 0.91949129104614256
vn -0.14071714878082276 -0.52266389131546024 0.8408454656600952
vn -0.60948610305786136 -0.18947672843933104 0.76982158422470096
vn -0.58984649181365968 -0.19048672914505004 0.78472673892974848
vn 0.56781852245330808 0.04995101690292358 -0.82163673639297488
vn 0.45206266641616824 -0.33495247364044188 -0.82670795917510992
vn 0.84657162427902224 -0.44222694635391232 -0.29622945189476012
vn 0.23331500589847564 -0.66677498817443848 -0.70779609680175784
vn 0.45206266641616824 -0.33495247364044188 -0.82670795917510992
vn 0.56781852245330808 0.04995101690292358 -0.82163673639297488
vn 0.548534631729126 -0.44129410386085512 0.7101895809173584
vn 0.29342588782310484 -0.67567217350006104 0.67629021406173704
vn 0.62776321172714232 -0.46412420272827152 0.62490177154541016
vn 0.548534631729126 -0.44129410386085512 0.7101895809173584
vn 0.57097917795181272 -0.64735209941864016 0.50489419698715208
vn 0.29342588782310484 -0.67567217350006104 0.67629021406173704
vn -0.36946880817413328 -0.86767536401748656 0.33261418342590332
vn -0.48038613796234128 -0.61155223846435544 0.6286756992340088
vn -0.04130437225103378 -0.89050054550170896 0.45310345292091368
vn -0.36946880817413328 -0.86767536401748656 0.33261418342590332
vn -0.04130437225103378 -0.89050054550170896 0.45310345292091368
vn -0.56809031963348392 -0.73829764127731328 0.36357927322387696
vn -0.51408642530441288 -0.27512386441230772 -0.81241738796234128
vn -0.27449813485145568 -0.64784407615661624 -0.7105974555015564
vn -0.39031440019607544 -0.58449703454971312 -0.7113493084907532
vn -0.39031440019607544 -0.58449703454971312 -0.7113493084907532
vn -0.27449813485145568 -0.64784407615661624 -0.7105974555015564
vn -0.28442490100860596 -0.8620545864105224 -0.4194811284542084
vn 0.70920932292938232 -0.18064889311790468 0.68146020174026488
vn 0.72324842214584352 -0.12963870167732238 0.678310751914978
vn 0.70717531442642208 -0.2662478983402252 0.654992401599884
vn 0.70920932292938232 -0.18064889311790468 0.68146020174026488
vn 0.70717531442642208 -0.2662478983402252 0.654992401599884
vn 0.53608453273773192 0.13330060243606568 0.83357316255569456
vn -0.19158364832401276 -0.89769464731216432 0.39678698778152464
vn -0.16995766758918762 -0.98538386821746832 0.01153616234660148
vn -0.15539595484733582 -0.9241092205047608 0.3491050601005554
vn -0.6660679578781128 -0.7179564833641052 0.20221775770187376
vn -0.15539595484733582 -0.9241092205047608 0.3491050601005554
vn -0.16995766758918762 -0.98538386821746832 0.01153616234660148
vn 0.75818020105361936 -0.20077084004878996 -0.62036597728729248
vn 0.56077313423156736 -0.68709075450897216 -0.4619954526424408
vn 0.78701281547546384 -0.17035044729709626 -0.59295141696929928
vn 0.86592084169387824 0.1461792141199112 -0.47834363579750064
vn 0.75818020105361936 -0.20077084004878996 -0.62036597728729248
vn 0.78701281547546384 -0.17035044729709626 -0.59295141696929928
vn 0.84657162427902224 -0.44222694635391232 -0.29622945189476012
vn 0.7045122981071472 -0.5750452280044556 -0.41591501235961912
vn 0.58500003814697264 -0.79328185319900512 -0.16875694692134858
vn 0.84657162427902224 -0.44222694635391232 -0.29622945189476012
vn 0.58500003814697264 -0.79328185319900512 -0.16875694692134858
vn 0.90769773721694944 -0.25461941957473756 -0.33354729413986208
vn -0.80121260881423952 -0.17557139694690704 0.5720428824424744
vn -0.64604395627975464 -0.54832971096038816 0.53100067377090456
vn -0.40451905131340024 -0.44221177697181704 0.8005079627037048
vn -0.30134680867195128 -0.73850512504577632 0.60315859317779544
vn -0.40451905131340024 -0.44221177697181704 0.8005079627037048
vn -0.64604395627975464 -0.54832971096038816 0.53100067377090456
vn -0.5062575936317444 0.77367943525314336 -0.38095059990882872
vn -0.73556256294250496 0.22104041278362276 -0.6403818130493164
vn -0.65712898969650272 0.40458714962005616 -0.6359959244728088
vn -0.47676336765289304 0.00864533614367246 -0.87898916006088256
vn -0.65712898969650272 0.40458714962005616 -0.6359959244728088
vn -0.73556256294250496 0.22104041278362276 -0.6403818130493164
vn -0.02809336595237255 -0.45659947395324704 -0.88922864198684688
vn -0.546830415725708 -0.1918025314807892 -0.81497740745544432
vn 0.02509242668747902 -0.192258283495903 -0.98102349042892464
vn 0.46191355586051944 0.13926412165164948 -0.87592315673828128
vn -0.02809336595237255 -0.45659947395324704 -0.88922864198684688
vn 0.02509242668747902 -0.192258283495903 -0.98102349042892464
vn -0.46899059414863584 -0.24191194772720336 0.8494271039962768
vn -0.60948610305786136 -0.18947672843933104 0.76982158422470096
vn -0.64159739017486576 -0.36971190571784976 0.67206084728240968
vn -0.64159739017486576 -0.36971190571784976 0.67206084728240968
vn 0.01624654792249202 -0.82725828886032112 0.56158679723739624
vn -0.46899059414863584 -0.24191194772720336 0.8494271039962768
vn -0.03005863539874553 -0.65628755092620848 -0.75391185283660896
vn 0.23331500589847564 -0.66677498817443848 -0.70779609680175784
vn 0.56077313423156736 -0.68709075450897216 -0.4619954526424408
vn -0.06938387453556061 -0.33195161819458008 -0.94074112176895136
vn 0.23331500589847564 -0.66677498817443848 -0.70779609680175784
vn -0.03005863539874553 -0.65628755092620848 -0.75391185283660896
vn -0.21026197075843812 0.78722214698791504 0.57971644401550296
vn -0.28426101803779604 0.78986036777496336 0.54343014955520632
vn -0.54484212398529056 0.7807657122612 0.3058626651763916
vn -0.56096911430358888 0.48268377780914304 0.67255485057830808
vn -0.28426101803779604 0.78986036777496336 0.54343014955520632
vn -0.21026197075843812 0.78722214698791504 0.57971644401550296
vn -0.8762673735618592 0.40584290027618408 0.25970539450645448
vn -0.2961527407169342 0.53406572341918944 0.7918758392333984
vn -0.51495575904846192 0.71674615144729616 0.4702081084251404
vn -0.10691782087087632 0.8062415719032288 0.58184456825256344
vn -0.51495575904846192 0.71674615144729616 0.4702081084251404
vn -0.2961527407169342 0.53406572341918944 0.7918758392333984
# 1428 vertex normals

vt 0.25484347343444824 0.62498426437377928 0
vt 0.28091704845428468 0.8632774353027344 0
vt 0.81966948509216304 0.37622916698455808 0
vt 0.67426049709320072 0.40318164229393008 0
vt 0.60045099258422848 0.66561269760131832 0
vt 0.37385046482086184 0.80701720714569088 0
vt 0.39249527454376224 0.75758242607116704 0
vt 0.05332231521606445 0.60358750820159912 0
vt 0.59591966867446896 0.74748271703720096 0
vt 0.43885970115661624 0.49363270401954648 0
vt 0.26694107055664064 0.32488763332366944 0
vt 0.41421616077423096 0.54898834228515624 0
vt 0.84802937507629392 0.51482141017913816 0
vt 0.80918765068054192 0.67469763755798336 0
vt 0.330751895904541 0.42881035804748536 0
vt 0.7611627578735352 0.58614230155944824 0
vt 0.83960485458374016 0.55631136894226072 0
vt 0.80400896072387696 0.42792493104934696 0
vt 0.5437961220741272 0.62000262737274168 0
vt 0.95274221897125248 0.24321600794792176 0
vt 0.6201075911521912 0.18600812554359436 0
vt 0.60531312227249144 0.35609889030456544 0
vt 0.53724586963653568 0.73637634515762336 0
vt 0.81446319818496704 0.5031156539916992 0
vt 0.81847810745239264 0.31914854049682616 0
vt 0.5218011140823364 0.8498632907867432 0
vt 0.17812228202819824 0.60951763391494752 0
vt 0.9747411012649536 0.54502797126770016 0
vt 0.73416703939437872 0.69858562946319584 0
vt 0.2641427516937256 0.64035606384277344 0
vt 0.32652640342712404 0.11587950587272644 0
vt 0.6247704029083252 0.78137481212615968 0
vt 0.44381320476531984 0.44058224558830264 0
vt 0.39601284265518192 0.1671958565711975 0
vt 0.49655669927597048 0.68273258209228512 0
vt 0.78200149536132816 0.48831337690353392 0
vt 0.8514326810836792 0.74581396579742432 0
vt 0.10596632957458496 0.28789815306663512 0
vt 0.42668354511260984 0.2909933030605316 0
vt 0.61295503377914432 0.33986324071884156 0
vt 0.83466315269470208 0.39906692504882816 0
vt 0.66844940185546872 0.55733364820480344 0
vt 0.70353019237518312 0.54502797126770016 0
vt 0.26474115252494812 0.76684260368347168 0
vt 0.44381308555603024 0.38579493761062624 0
vt 0.2004190683364868 0.6949375867843628 0
vt 0.10285884141921998 0.46080541610717776 0
vt 0.92518687248229984 0.5926543474197388 0
vt 0.68184262514114376 0.48784682154655456 0
vt 0.26221901178359984 0.40784299373626712 0
vt 0.5105725526809692 0.63155943155288696 0
vt 0.41748279333114624 0.43810603022575376 0
vt 0.23079991340637208 0.71721857786178592 0
vt 0.50311553478240968 0.67844533920288088 0
vt 0.43789803981781008 0.42682981491088864 0
vt 0.7619317770004272 0.30478739738464356 0
vt 0.6657501459121704 0.33209815621376036 0
vt 0.51983499526977536 0.65685629844665528 0
vt 0.55618691444396976 0.7859447002410888 0
vt 0.73499941825866704 0.06518256664276123 0
vt 0.935709536075592 0.1372741162776947 0
vt 0.24023407697677612 0.22820422053337096 0
vt 0.9619587659835816 0.51460039615631104 0
vt 0.30586278438568116 0.54502797126770016 0
vt 0.69774049520492552 0.35853803157806396 0
vt 0.11180880665779114 0.31309646368026732 0
vt 0.35551148653030396 0.69578218460083008 0
vt 0.51408332586288456 0.31848174333572388 0
vt 0.77414715290069584 0.755500853061676 0
vt 0.9173544645309448 0.85126340389251712 0
vt 0.38578811287879944 0.58248418569564816 0
vt 0.33066004514694212 0.81768548488616944 0
vt 0.65129804611206056 0.22835713624954224 0
vt 0.68485915660858152 0.76511502265930176 0
vt 0.7784831523895264 0.83613586425781248 0
vt 0.1862477660179138 0.52113115787506104 0
vt 0.35512161254882812 0.39060479402542112 0
vt 0.44537794589996336 0.5862154960632324 0
vt 0.3401973247528076 0.22385495901107788 0
vt 0.72579568624496464 0.18088221549987792 0
vt 0.54221642017364504 0.3578205108642578 0
vt 0.51336812973022464 0.62625235319137576 0
vt 0.53627264499664304 0.30400654673576356 0
vt 0.43891289830207824 0.69883668422698976 0
vt 0.79821425676345824 0.47038614749908448 0
vt 0.87175381183624272 0.18782180547714232 0
vt 0.77619636058807376 0.49518254399299624 0
vt 0.22922360897064208 0.3249424695968628 0
vt 0.80174303054809568 0.9075966477394104 0
vt 0.08347213268280029 0.640337347984314 0
vt 0.18120670318603516 0.79427015781402592 0
vt 0.5684912204742432 0.54502797126770016 0
vt 0.38245037198066712 0.52272868156433104 0
vt 0.53040730953216552 0.29503837227821352 0
vt 0.45067459344863888 0.8243775367736816 0
vt 0.52565765380859376 0.76536893844604496 0
vt 0.23053091764450072 0.44734045863151552 0
vt 0.6485275030136108 0.17733854055404664 0
vt 0.25765079259872436 0.26699903607368468 0
vt 0.38183647394180296 0.05018925666809082 0
vt 0.73786699771881104 0.67728078365325928 0
vt 0.728153109550476 0.38576611876487728 0
vt 0.20121669769287108 0.41185519099235536 0
vt 0.83269023895263664 0.68498969078063968 0
vt 0.88954305648803712 0.691459596157074 0
vt 0.18497505784034728 0.371540367603302 0
vt 0.73763185739517216 0.64072346687316896 0
vt 0.18963268399238588 0.82400643825531008 0
vt 0.34490215778350832 0.54403561353683472 0
vt 0.34387138485908508 0.36692935228347776 0
vt 0.6787884831428528 0.09454137086868286 0
vt 0.50758463144302368 0.31687206029891968 0
vt 0.8279428482055664 0.38231295347213744 0
vt 0.1621432602405548 0.5031156539916992 0
vt 0.62386178970336912 0.70326125621795656 0
vt 0.52666807174682616 0.7766811847686768 0
vt 0.60150641202926632 0.5799617767333984 0
vt 0.27762061357498168 0.72469055652618416 0
vt 0.8919717669487 0.46121415495872496 0
vt 0.82206237316131584 0.60847193002700808 0
vt 0.34825426340103148 0.68438720703125 0
vt 0.20557481050491332 0.6185013055801392 0
vt 0.6578882932662964 0.6983477473258972 0
vt 0.30125176906585692 0.57733887434005736 0
vt 0.64638495445251464 0.66458249092102048 0
vt 0.74892240762710576 0.59640824794769288 0
vt 0.58061647415161136 0.74562323093414304 0
vt 0.88119757175445552 0.45160734653472904 0
vt 0.53820592164993288 0.832769513130188 0
vt 0.66293692588806152 0.35519444942474364 0
vt 0.36856365203857424 0.37125343084335328 0
vt 0.44351410865783688 0.64021682739257816 0
vt 0.43941178917884824 0.80334138870239264 0
vt 0.56850051879882816 0.50311559438705448 0
vt 0.80144619941711424 0.36126178503036496 0
vt 0.76244616508483888 0.441945880651474 0
vt 0.03223919868469238 0.58036547899246216 0
vt 0.17085134983062744 0.64724665880203248 0
vt 0.79219448566436768 0.36261045932769776 0
vt 0.496884286403656 0.46907368302345272 0
vt 0.67459917068481448 0.62106609344482424 0
vt 0.26475751399993896 0.19123530387878416 0
vt 0.50311547517776488 0.43071261048316952 0
vt 0.90287774801254272 0.61342233419418336 0
vt 0.42922231554985048 0.6661386489868164 0
vt 0.28769329190254212 0.68616425991058352 0
vt 0.41263401508331296 0.44854223728179928 0
vt 0.44381326436996456 0.11562380194664002 0
vt 0.49688440561294552 0.91958439350128176 0
vt 0.29429441690444948 0.28996658325195312 0
vt 0.6063891649246216 0.42915341258049008 0
vt 0.19180512428283692 0.90292525291442864 0
vt 0.45274746417999264 0.1291612982749939 0
vt 0.28981706500053404 0.84586703777313232 0
vt 0.70453506708145144 0.74345934391021728 0
vt 0.64765977859497072 0.68949949741363528 0
vt 0.44381308555603024 0.3227229118347168 0
vt 0.44381320476531984 0.34049221873283388 0
vt 0.39465641975402832 0.26857686042785644 0
vt 0.3370738923549652 0.263901948928833 0
vt 0.62910538911819456 0.47440853714942936 0
vt 0.08033943176269531 0.23236525058746336 0
vt 0.5138529539108276 0.88079798221588128 0
vt 0.24090641736984252 0.52138614654541016 0
vt 0.48976796865463256 0.1817820966243744 0
vt 0.39625728130340576 0.65479350090026856 0
vt 0.43481132388114928 0.35789471864700316 0
vt 0.29074031114578248 0.33136415481567384 0
vt 0.50311553478240968 0.7943388223648072 0
vt 0.7509979009628296 0.61412012577056888 0
vt 0.952133059501648 0.4317792356014252 0
vt 0.47100409865379336 0.6325887441635132 0
vt 0.81454843282699584 0.25323331356048584 0
vt 0.45658397674560544 0.214564710855484 0
vt 0.40309619903564456 0.86326360702514656 0
vt 0.17000758647918702 0.7555046081542968 0
vt 0.77808141708374016 0.54502797126770016 0
vt 0.52242475748062136 0.7657740116119384 0
vt 0.68079471588134768 0.45721888542175296 0
vt 0.21317043900489808 0.54502797126770016 0
vt 0.61187410354614256 0.66511821746826168 0
vt 0.64652842283248904 0.15113461017608642 0
vt 0.77016037702560432 0.79340565204620368 0
vt 0.34878236055374144 0.31440556049346924 0
vt 0.3643003702163696 0.4837220013141632 0
vt 0.50311553478240968 0.59147250652313232 0
vt 0.65354335308074952 0.18099236488342284 0
vt 0.96005380153656 0.60559344291687008 0
vt 0.23603814840316772 0.45374223589897152 0
vt 0.8990631699562072 0.79702103137969968 0
vt 0.80202025175094608 0.3246954083442688 0
vt 0.39864510297775272 0.19900324940681456 0
vt 0.46734675765037536 0.34536918997764588 0
vt 0.6925707459449768 0.59711337089538576 0
vt 0.37282678484916688 0.70126557350158688 0
vt 0.2953791618347168 0.62144887447357176 0
vt 0.7513138055801392 0.79917061328887936 0
vt 0.8199948072433472 0.58692705631256104 0
vt 0.69544488191604616 0.72964680194854736 0
vt 0.32366043329238892 0.45899358391761776 0
vt 0.538821280002594 0.54502797126770016 0
vt 0.9034713506698608 0.54502797126770016 0
vt 0.24043127894401552 0.61687344312667848 0
vt 0.32198572158813476 0.71983838081359864 0
vt 0.44381320476531984 0.2801518440246582 0
vt 0.24740397930145264 0.73426127433776848 0
vt 0.67376339435577392 0.2814549207687378 0
vt 0.69516932964324952 0.29954230785369872 0
vt 0.05428934097290039 0.66187417507171632 0
vt 0.6210607886314392 0.7421178817749024 0
vt 0.70717829465866088 0.64866387844085696 0
vt 0.39955812692642208 0.5727026462554932 0
vt 0.5442417860031128 0.3938947021961212 0
vt 0.75406002998352048 0.51569235324859616 0
vt 0.03545224666595459 0.580508291721344 0
vt 0.36615157127380368 0.1661539375782013 0
vt 0.73115682601928704 0.84165859222412112 0
vt 0.48442715406417848 0.54502797126770016 0
vt 0.65282553434371952 0.60498785972595216 0
vt 0.16524654626846314 0.2336817681789398 0
vt 0.72344642877578736 0.39524790644645688 0
vt 0.94584977626800544 0.64289826154708864 0
vt 0.44562792778015136 0.67282688617706296 0
vt 0.79871344566345216 0.51561737060546872 0
vt 0.6109377145767212 0.86144542694091792 0
vt 0.2728518843650818 0.21431413292884828 0
vt 0.80234181880950928 0.7582794427871704 0
vt 0.47399210929870608 0.75929117202758784 0
vt 0.21738415956497192 0.28717073798179628 0
vt 0.82088685035705568 0.685255229473114 0
vt 0.34662583470344544 0.45299580693244936 0
vt 0.1726994812488556 0.2841491997241974 0
vt 0.86514461040496832 0.30988511443138124 0
vt 0.15352022647857666 0.78575408458709712 0
vt 0.3571404218673706 0.15978813171386718 0
vt 0.44381314516067504 0.50311559438705448 0
vt 0.55618679523468016 0.3466346263885498 0
vt 0.40401077270507816 0.10910609364509582 0
vt 0.162739098072052 0.72415548563003536 0
vt 0.48926591873168944 0.9030511379241944 0
vt 0.30816102027893068 0.4317792356014252 0
vt 0.35710173845291136 0.39596956968307496 0
vt 0.44537794589996336 0.5862154960632324 0
vt 0.58036547899246216 0.23178559541702272 0
vt 0.69516932964324952 0.29954230785369872 0
vt 0.54221642017364504 0.3578205108642578 0
vt 0.55618679523468016 0.17503252625465394 0
vt 0.55618679523468016 0.09211981296539306 0
vt 0.6485275030136108 0.17733854055404664 0
vt 0.7619317770004272 0.30478739738464356 0
vt 0.61295503377914432 0.33986324071884156 0
vt 0.65129804611206056 0.22835713624954224 0
vt 0.10285884141921998 0.46080541610717776 0
vt 0.17085134983062744 0.64724665880203248 0
vt 0.04843887686729431 0.64448851346969608 0
vt 0.2953791618347168 0.62144887447357176 0
vt 0.39778441190719608 0.580508291721344 0
vt 0.39625728130340576 0.65479350090026856 0
vt 0.65354335308074952 0.18099236488342284 0
vt 0.6787884831428528 0.09454137086868286 0
vt 0.80234181880950928 0.20040997862815856 0
vt 0.65282553434371952 0.60498785972595216 0
vt 0.64765977859497072 0.68949949741363528 0
vt 0.50311553478240968 0.59147250652313232 0
vt 0.70353019237518312 0.54502797126770016 0
vt 0.60150641202926632 0.5799617767333984 0
vt 0.6063891649246216 0.42915341258049008 0
vt 0.18963268399238588 0.39995318651199344 0
vt 0.1621432602405548 0.5031156539916992 0
vt 0.10285884141921998 0.46080541610717776 0
vt 0.77414715290069584 0.755500853061676 0
vt 0.88954305648803712 0.691459596157074 0
vt 0.8990631699562072 0.79702103137969968 0
vt 0.39625728130340576 0.65479350090026856 0
vt 0.24740397930145264 0.73426127433776848 0
vt 0.2953791618347168 0.62144887447357176 0
vt 0.12019646167755126 0.72579568624496464 0
vt 0.26475751399993896 0.8055903315544128 0
vt 0.16524654626846314 0.81068611145019536 0
vt 0.56850051879882816 0.50311559438705448 0
vt 0.44381320476531984 0.44058224558830264 0
vt 0.6657501459121704 0.33209815621376036 0
vt 0.21317043900489808 0.54502797126770016 0
vt 0.11197113990783692 0.51460039615631104 0
vt 0.23603814840316772 0.45374223589897152 0
vt 0.39648747444152832 0.25323331356048584 0
vt 0.36409866809844968 0.31914854049682616 0
vt 0.21431413292884828 0.20722845196723936 0
vt 0.81446319818496704 0.5031156539916992 0
vt 0.728153109550476 0.38576611876487728 0
vt 0.8919717669487 0.46121415495872496 0
vt 0.20319828391075136 0.72964680194854736 0
vt 0.28769329190254212 0.68616425991058352 0
vt 0.26474115252494812 0.76684260368347168 0
vt 0.46566981077194216 0.80819487571716304 0
vt 0.55618691444396976 0.7859447002410888 0
vt 0.51073408126831056 0.85389453172683712 0
vt 0.61295503377914432 0.33986324071884156 0
vt 0.72344642877578736 0.39524790644645688 0
vt 0.66844940185546872 0.55733364820480344 0
vt 0.162739098072052 0.72415548563003536 0
vt 0.08627223968505859 0.6780142784118652 0
vt 0.17085134983062744 0.64724665880203248 0
vt 0.66293692588806152 0.35519444942474364 0
vt 0.53724586963653568 0.45500880479812624 0
vt 0.53627264499664304 0.30400654673576356 0
vt 0.21317043900489808 0.54502797126770016 0
vt 0.11380749940872192 0.60559344291687008 0
vt 0.11197113990783692 0.51460039615631104 0
vt 0.79821425676345824 0.47038614749908448 0
vt 0.60531312227249144 0.35609889030456544 0
vt 0.81966948509216304 0.37622916698455808 0
vt 0.69199323654174808 0.26699903607368468 0
vt 0.66293692588806152 0.35519444942474364 0
vt 0.53627264499664304 0.30400654673576356 0
vt 0.39601284265518192 0.1671958565711975 0
vt 0.38183647394180296 0.05018925666809082 0
vt 0.48976796865463256 0.1817820966243744 0
vt 0.6063891649246216 0.42915341258049008 0
vt 0.48442715406417848 0.54502797126770016 0
vt 0.41748279333114624 0.43810603022575376 0
vt 0.07896757125854492 0.40318164229393008 0
vt 0.26694107055664064 0.32488763332366944 0
vt 0.17667889595031738 0.48831337690353392 0
vt 0.30125176906585692 0.57733887434005736 0
vt 0.39955812692642208 0.5727026462554932 0
vt 0.44351410865783688 0.64021682739257816 0
vt 0.53820592164993288 0.832769513130188 0
vt 0.59640824794769288 0.93166339397430416 0
vt 0.36126178503036496 0.93608415126800544 0
vt 0.68184262514114376 0.48784682154655456 0
vt 0.79871344566345216 0.51561737060546872 0
vt 0.82206237316131584 0.60847193002700808 0
vt 0.30586278438568116 0.54502797126770016 0
vt 0.20557481050491332 0.6185013055801392 0
vt 0.20121669769287108 0.41185519099235536 0
vt 0.5442417860031128 0.3938947021961212 0
vt 0.496884286403656 0.46907368302345272 0
vt 0.35710173845291136 0.39596956968307496 0
vt 0.20658856630325316 0.59711337089538576 0
vt 0.15396484732627868 0.66458249092102048 0
vt 0.08033022284507751 0.47440853714942936 0
vt 0.73451966047286992 0.23236525058746336 0
vt 0.58036547899246216 0.23178559541702272 0
vt 0.72579568624496464 0.18088221549987792 0
vt 0.265000581741333 0.4453386068344116 0
vt 0.35147249698638916 0.28122973442077636 0
vt 0.44381320476531984 0.44058224558830264 0
vt 0.38578811287879944 0.58248418569564816 0
vt 0.34825426340103148 0.68438720703125 0
vt 0.28202515840530396 0.58614230155944824 0
vt 0.70057386159896848 0.8243775367736816 0
vt 0.74113368988037104 0.88079798221588128 0
vt 0.68312793970108032 0.93308091163635248 0
vt 0.44381326436996456 0.11562380194664002 0
vt 0.44381320476531984 0.2801518440246582 0
vt 0.39864510297775272 0.19900324940681456 0
vt 0.91605794429779056 0.31848174333572388 0
vt 0.84363853931427008 0.43810603022575376 0
vt 0.79840874671936032 0.35789471864700316 0
vt 0.3643003702163696 0.4837220013141632 0
vt 0.50575721263885496 0.52113115787506104 0
vt 0.39778441190719608 0.580508291721344 0
vt 0.67459917068481448 0.62106609344482424 0
vt 0.538821280002594 0.54502797126770016 0
vt 0.77619636058807376 0.49518254399299624 0
vt 0.83269023895263664 0.34186241030693056 0
vt 0.79219448566436768 0.36261045932769776 0
vt 0.69199323654174808 0.26699903607368468 0
vt 0.68079471588134768 0.45721888542175296 0
vt 0.68542468547821048 0.64285957813262936 0
vt 0.61187410354614256 0.66511821746826168 0
vt 0.23603814840316772 0.45374223589897152 0
vt 0.32366043329238892 0.45899358391761776 0
vt 0.30125176906585692 0.57733887434005736 0
vt 0.50311547517776488 0.24321600794792176 0
vt 0.46734675765037536 0.34536918997764588 0
vt 0.38709640502929688 0.30988511443138124 0
vt 0.71908295154571536 0.90619438886642464 0
vt 0.51073408126831056 0.85389453172683712 0
vt 0.55618691444396976 0.7859447002410888 0
vt 0.39625728130340576 0.65479350090026856 0
vt 0.40309619903564456 0.86326360702514656 0
vt 0.24740397930145264 0.73426127433776848 0
vt 0.34490215778350832 0.54403561353683472 0
vt 0.1621432602405548 0.5031156539916992 0
vt 0.28981706500053404 0.3931826055049896 0
vt 0.24043127894401552 0.61687344312667848 0
vt 0.34490215778350832 0.54403561353683472 0
vt 0.34904336929321288 0.66933995485305784 0
vt 0.83466315269470208 0.75942301750183104 0
vt 0.94584977626800544 0.64289826154708864 0
vt 0.952133059501648 0.69183897972106936 0
vt 0.91372776031494144 0.71983838081359864 0
vt 0.837260901927948 0.72129750251770016 0
vt 0.90287774801254272 0.61342233419418336 0
vt 0.82206237316131584 0.60847193002700808 0
vt 0.73416703939437872 0.69858562946319584 0
vt 0.68184262514114376 0.48784682154655456 0
vt 0.95598047971725456 0.7555046081542968 0
vt 0.85126340389251712 0.76240909099578864 0
vt 0.87859737873077392 0.66187417507171632 0
vt 0.1372741162776947 0.65887409448623656 0
vt 0.2641427516937256 0.64035606384277344 0
vt 0.27762061357498168 0.72469055652618416 0
vt 0.37282678484916688 0.70126557350158688 0
vt 0.27762061357498168 0.72469055652618416 0
vt 0.2641427516937256 0.64035606384277344 0
vt 0.1726994812488556 0.2841491997241974 0
vt 0.09702891111373902 0.3246954083442688 0
vt 0.22820422053337096 0.22411885857582092 0
vt 0.81966948509216304 0.37622916698455808 0
vt 0.60531312227249144 0.35609889030456544 0
vt 0.59598922729492184 0.23393920063972472 0
vt 0.0893406867980957 0.76536893844604496 0
vt 0.18479490280151368 0.66561269760131832 0
vt 0.18120670318603516 0.79427015781402592 0
vt 0.22983962297439576 0.68749976158142088 0
vt 0.24043127894401552 0.61687344312667848 0
vt 0.3752296268939972 0.73616886138916016 0
vt 0.25484347343444824 0.62498426437377928 0
vt 0.265000581741333 0.4453386068344116 0
vt 0.44381320476531984 0.44058224558830264 0
vt 0.44381314516067504 0.50311559438705448 0
vt 0.5105725526809692 0.63155943155288696 0
vt 0.25484347343444824 0.62498426437377928 0
vt 0.22922360897064208 0.3249424695968628 0
vt 0.16524654626846314 0.2336817681789398 0
vt 0.26475751399993896 0.19123530387878416 0
vt 0.50575721263885496 0.52113115787506104 0
vt 0.3643003702163696 0.4837220013141632 0
vt 0.44381308555603024 0.38579493761062624 0
vt 0.5138529539108276 0.88079798221588128 0
vt 0.45067459344863888 0.8243775367736816 0
vt 0.52666807174682616 0.7766811847686768 0
vt 0.51983499526977536 0.65685629844665528 0
vt 0.6787884831428528 0.70254492759704592 0
vt 0.6201075911521912 0.76771998405456544 0
vt 0.34662583470344544 0.45299580693244936 0
vt 0.23053091764450072 0.44734045863151552 0
vt 0.35512161254882812 0.39060479402542112 0
vt 0.62910538911819456 0.47440853714942936 0
vt 0.75406002998352048 0.51569235324859616 0
vt 0.6925707459449768 0.59711337089538576 0
vt 0.65129804611206056 0.92241013050079344 0
vt 0.7513138055801392 0.79917061328887936 0
vt 0.7619317770004272 0.95575547218322752 0
vt 0.27762061357498168 0.72469055652618416 0
vt 0.43891289830207824 0.69883668422698976 0
vt 0.37385046482086184 0.80701720714569088 0
vt 0.76244616508483888 0.441945880651474 0
vt 0.68184262514114376 0.48784682154655456 0
vt 0.69774049520492552 0.35853803157806396 0
vt 0.22922360897064208 0.3249424695968628 0
vt 0.20121669769287108 0.41185519099235536 0
vt 0.10596632957458496 0.28789815306663512 0
vt 0.55618679523468016 0.09211981296539306 0
vt 0.46959272027015688 0.2002209424972534 0
vt 0.32623657584190368 0.2431234121322632 0
vt 0.35512161254882812 0.39060479402542112 0
vt 0.23053091764450072 0.44734045863151552 0
vt 0.26694107055664064 0.32488763332366944 0
vt 0.66844940185546872 0.55733364820480344 0
vt 0.46302887797355648 0.50311559438705448 0
vt 0.55618679523468016 0.3466346263885498 0
vt 0.6109377145767212 0.86144542694091792 0
vt 0.65336537361145016 0.98082959651947024 0
vt 0.49688440561294552 0.91958439350128176 0
vt 0.30006170272827148 0.54502797126770016 0
vt 0.1932862401008606 0.51482141017913816 0
vt 0.24057698249816896 0.39906692504882816 0
vt 0.52242475748062136 0.484391450881958 0
vt 0.68485915660858152 0.42278522253036496 0
vt 0.77619636058807376 0.49518254399299624 0
vt 0.73115682601928704 0.84165859222412112 0
vt 0.71908295154571536 0.90619438886642464 0
vt 0.55618691444396976 0.7859447002410888 0
vt 0.77414715290069584 0.755500853061676 0
vt 0.8990631699562072 0.79702103137969968 0
vt 0.80174303054809568 0.9075966477394104 0
vt 0.51983499526977536 0.65685629844665528 0
vt 0.70353019237518312 0.54502797126770016 0
vt 0.6787884831428528 0.70254492759704592 0
vt 0.70353019237518312 0.54502797126770016 0
vt 0.9034713506698608 0.54502797126770016 0
vt 0.80918765068054192 0.67469763755798336 0
vt 0.18963268399238588 0.39995318651199344 0
vt 0.28981706500053404 0.3931826055049896 0
vt 0.1621432602405548 0.5031156539916992 0
vt 0.28769329190254212 0.68616425991058352 0
vt 0.39249527454376224 0.75758242607116704 0
vt 0.3370738923549652 0.75799155235290528 0
vt 0.22922360897064208 0.3249424695968628 0
vt 0.39601284265518192 0.1671958565711975 0
vt 0.44381308555603024 0.3227229118347168 0
vt 0.53627264499664304 0.30400654673576356 0
vt 0.39601284265518192 0.1671958565711975 0
vt 0.48976796865463256 0.1817820966243744 0
vt 0.05428934097290039 0.66187417507171632 0
vt 0.2004190683364868 0.6949375867843628 0
vt 0.17000758647918702 0.7555046081542968 0
vt 0.20557481050491332 0.6185013055801392 0
vt 0.05332231521606445 0.60358750820159912 0
vt 0.13166725635528564 0.42792493104934696 0
vt 0.64638495445251464 0.66458249092102048 0
vt 0.73763185739517216 0.64072346687316896 0
vt 0.69544488191604616 0.72964680194854736 0
vt 0.53919458389282224 0.78120124340057376 0
vt 0.35551148653030396 0.69578218460083008 0
vt 0.44537794589996336 0.5862154960632324 0
vt 0.4073456525802612 0.36626982688903808 0
vt 0.4968843460083008 0.22485610842704772 0
vt 0.53878581523895264 0.27732914686203004 0
vt 0.25765079259872436 0.26699903607368468 0
vt 0.3401973247528076 0.22385495901107788 0
vt 0.31501030921936036 0.34186241030693056 0
vt 0.54221642017364504 0.3578205108642578 0
vt 0.69774049520492552 0.35853803157806396 0
vt 0.68184262514114376 0.48784682154655456 0
vt 0.43885970115661624 0.49363270401954648 0
vt 0.5684912204742432 0.54502797126770016 0
vt 0.50311553478240968 0.59147250652313232 0
vt 0.29074031114578248 0.33136415481567384 0
vt 0.1726994812488556 0.2841491997241974 0
vt 0.22820422053337096 0.22411885857582092 0
vt 0.1188441514968872 0.41263401508331296 0
vt 0.07646352052688599 0.26221901178359984 0
vt 0.1720571517944336 0.3758166432380676 0
vt 0.5105725526809692 0.63155943155288696 0
vt 0.59591966867446896 0.74748271703720096 0
vt 0.38183647394180296 0.7406102418899536 0
vt 0.33488178253173828 0.09558510780334472 0
vt 0.3571404218673706 0.15978813171386718 0
vt 0.25251728296279908 0.14082339406013488 0
vt 0.38245037198066712 0.52272868156433104 0
vt 0.28202515840530396 0.58614230155944824 0
vt 0.24090641736984252 0.52138614654541016 0
vt 0.38578811287879944 0.58248418569564816 0
vt 0.28202515840530396 0.58614230155944824 0
vt 0.38245037198066712 0.52272868156433104 0
vt 0.39954900741577152 0.8152050971984864 0
vt 0.26213300228118896 0.754499077796936 0
vt 0.37613824009895328 0.75737524032592768 0
vt 0.7509979009628296 0.61412012577056888 0
vt 0.67459917068481448 0.62106609344482424 0
vt 0.77808141708374016 0.54502797126770016 0
vt 0.50311553478240968 0.67844533920288088 0
vt 0.64765977859497072 0.68949949741363528 0
vt 0.55631136894226072 0.76073300838470464 0
vt 0.43941178917884824 0.80334138870239264 0
vt 0.50311553478240968 0.67844533920288088 0
vt 0.50311553478240968 0.7943388223648072 0
vt 0.68312793970108032 0.93308091163635248 0
vt 0.6109377145767212 0.86144542694091792 0
vt 0.70057386159896848 0.8243775367736816 0
vt 0.3370738923549652 0.263901948928833 0
vt 0.45067459344863888 0.29942613840103148 0
vt 0.34387138485908508 0.36692935228347776 0
vt 0.30478739738464356 0.95575547218322752 0
vt 0.25318652391433716 0.83613586425781248 0
vt 0.43941178917884824 0.80334138870239264 0
vt 0.80144619941711424 0.36126178503036496 0
vt 0.89558875560760496 0.43941178917884824 0
vt 0.84480386972427376 0.50311553478240968 0
vt 0.32623657584190368 0.2431234121322632 0
vt 0.34878236055374144 0.31440556049346924 0
vt 0.29429441690444948 0.28996658325195312 0
vt 0.728153109550476 0.38576611876487728 0
vt 0.782615840435028 0.27957800030708312 0
vt 0.8881912231445312 0.3371945321559906 0
vt 0.49655669927597048 0.2056933641433716 0
vt 0.51983499526977536 0.13957396149635314 0
vt 0.6201075911521912 0.18600812554359436 0
vt 0.78116255998611456 0.6325887441635132 0
vt 0.84363853931427008 0.43810603022575376 0
vt 0.85680216550827024 0.54502797126770016 0
vt 0.42922231554985048 0.6661386489868164 0
vt 0.34904336929321288 0.66933995485305784 0
vt 0.34490215778350832 0.54403561353683472 0
vt 0.6578882932662964 0.6983477473258972 0
vt 0.42922231554985048 0.6661386489868164 0
vt 0.51336812973022464 0.62625235319137576 0
vt 0.21431413292884828 0.20722845196723936 0
vt 0.36615157127380368 0.1661539375782013 0
vt 0.39648747444152832 0.25323331356048584 0
vt 0.45274746417999264 0.1291612982749939 0
vt 0.62498426437377928 0.03856474161148071 0
vt 0.50311553478240968 0.18782180547714232 0
vt 0.96005380153656 0.60559344291687008 0
vt 0.80918765068054192 0.67469763755798336 0
vt 0.9034713506698608 0.54502797126770016 0
vt 0.6787884831428528 0.09454137086868286 0
vt 0.935709536075592 0.1372741162776947 0
vt 0.80234181880950928 0.20040997862815856 0
vt 0.39864510297775272 0.19900324940681456 0
vt 0.40401077270507816 0.10910609364509582 0
vt 0.44381326436996456 0.11562380194664002 0
vt 0.32652640342712404 0.11587950587272644 0
vt 0.24023407697677612 0.22820422053337096 0
vt 0.19797974824905396 0.09702891111373902 0
vt 0.11880242824554444 0.10131853818893432 0
vt 0.03586620092391968 0.23603814840316772 0
vt 0.03804123401641845 0.11197113990783692 0
vt 0.79821425676345824 0.47038614749908448 0
vt 0.88119757175445552 0.45160734653472904 0
vt 0.9034713506698608 0.54502797126770016 0
vt 0.20121669769287108 0.41185519099235536 0
vt 0.330751895904541 0.42881035804748536 0
vt 0.30586278438568116 0.54502797126770016 0
vt 0.30586278438568116 0.54502797126770016 0
vt 0.3643003702163696 0.4837220013141632 0
vt 0.39778441190719608 0.580508291721344 0
vt 0.69516932964324952 0.29954230785369872 0
vt 0.79270982742309568 0.28789815306663512 0
vt 0.80400896072387696 0.42792493104934696 0
vt 0.58036547899246216 0.23178559541702272 0
vt 0.73451966047286992 0.23236525058746336 0
vt 0.69516932964324952 0.29954230785369872 0
vt 0.26694107055664064 0.32488763332366944 0
vt 0.07896757125854492 0.40318164229393008 0
vt 0.11180880665779114 0.31309646368026732 0
vt 0.5442417860031128 0.3938947021961212 0
vt 0.35710173845291136 0.39596956968307496 0
vt 0.53878581523895264 0.27732914686203004 0
vt 0.44537794589996336 0.5862154960632324 0
vt 0.35551148653030396 0.69578218460083008 0
vt 0.30006170272827148 0.54502797126770016 0
vt 0.2399243116378784 0.61342233419418336 0
vt 0.30006170272827148 0.54502797126770016 0
vt 0.35551148653030396 0.69578218460083008 0
vt 0.55618673563003544 0.23908525705337524 0
vt 0.59598922729492184 0.23393920063972472 0
vt 0.60531312227249144 0.35609889030456544 0
vt 0.60531312227249144 0.35609889030456544 0
vt 0.41748279333114624 0.43810603022575376 0
vt 0.51408332586288456 0.31848174333572388 0
vt 0.74892240762710576 0.59640824794769288 0
vt 0.66844940185546872 0.55733364820480344 0
vt 0.72344642877578736 0.39524790644645688 0
vt 0.55618691444396976 0.7859447002410888 0
vt 0.6578882932662964 0.6983477473258972 0
vt 0.73115682601928704 0.84165859222412112 0
vt 0.85126340389251712 0.76240909099578864 0
vt 0.73416703939437872 0.69858562946319584 0
vt 0.82206237316131584 0.60847193002700808 0
vt 0.79702103137969968 0.805985689163208 0
vt 0.691459596157074 0.79874014854431152 0
vt 0.64765977859497072 0.68949949741363528 0
vt 0.38578811287879944 0.58248418569564816 0
vt 0.49655669927597048 0.68273258209228512 0
vt 0.44562792778015136 0.67282688617706296 0
vt 0.78116255998611456 0.6325887441635132 0
vt 0.86042606830596928 0.65685629844665528 0
vt 0.79430663585662848 0.68273258209228512 0
vt 0.24043127894401552 0.61687344312667848 0
vt 0.34904336929321288 0.66933995485305784 0
vt 0.3752296268939972 0.73616886138916016 0
vt 0.14610546827316284 0.9030511379241944 0
vt 0.18120670318603516 0.79427015781402592 0
vt 0.19180512428283692 0.90292525291442864 0
vt 0.7513138055801392 0.79917061328887936 0
vt 0.65129804611206056 0.92241013050079344 0
vt 0.6201075911521912 0.76771998405456544 0
vt 0.52666807174682616 0.7766811847686768 0
vt 0.6201075911521912 0.76771998405456544 0
vt 0.5138529539108276 0.88079798221588128 0
vt 0.66293692588806152 0.35519444942474364 0
vt 0.69199323654174808 0.26699903607368468 0
vt 0.79219448566436768 0.36261045932769776 0
vt 0.83466315269470208 0.39906692504882816 0
vt 0.77619636058807376 0.49518254399299624 0
vt 0.68485915660858152 0.42278522253036496 0
vt 0.25318652391433716 0.83613586425781248 0
vt 0.21851292252540588 0.74581396579742432 0
vt 0.37385046482086184 0.80701720714569088 0
vt 0.65354335308074952 0.77131807804107664 0
vt 0.80234181880950928 0.7582794427871704 0
vt 0.7513138055801392 0.79917061328887936 0
vt 0.77619636058807376 0.49518254399299624 0
vt 0.538821280002594 0.54502797126770016 0
vt 0.52242475748062136 0.484391450881958 0
vt 0.15278422832489014 0.38579493761062624 0
vt 0.23422598838806152 0.484391450881958 0
vt 0.1862477660179138 0.52113115787506104 0
vt 0.26694107055664064 0.32488763332366944 0
vt 0.34878236055374144 0.31440556049346924 0
vt 0.35512161254882812 0.39060479402542112 0
vt 0.91605794429779056 0.31848174333572388 0
vt 0.79840874671936032 0.35789471864700316 0
vt 0.780943751335144 0.2909933030605316 0
vt 0.44537794589996336 0.5862154960632324 0
vt 0.5437961220741272 0.62000262737274168 0
vt 0.58061647415161136 0.74562323093414304 0
vt 0.496884286403656 0.46907368302345272 0
vt 0.62910538911819456 0.47440853714942936 0
vt 0.5437961220741272 0.62000262737274168 0
vt 0.73582553863525392 0.54341602325439456 0
vt 0.728153109550476 0.38576611876487728 0
vt 0.81446319818496704 0.5031156539916992 0
vt 0.4968843460083008 0.22485610842704772 0
vt 0.39465641975402832 0.26857686042785644 0
vt 0.3401973247528076 0.22385495901107788 0
vt 0.38183647394180296 0.05018925666809082 0
vt 0.26475751399993896 0.19123530387878416 0
vt 0.12019646167755126 0.18088221549987792 0
vt 0.64652842283248904 0.15113461017608642 0
vt 0.50311553478240968 0.18782180547714232 0
vt 0.62498426437377928 0.03856474161148071 0
vt 0.5684912204742432 0.54502797126770016 0
vt 0.43885970115661624 0.49363270401954648 0
vt 0.50311547517776488 0.43071261048316952 0
vt 0.8811558485031128 0.44854223728179928 0
vt 0.8279428482055664 0.38231295347213744 0
vt 0.93942642211914064 0.34536918997764588 0
vt 0.51336812973022464 0.62625235319137576 0
vt 0.42922231554985048 0.6661386489868164 0
vt 0.41421616077423096 0.54898834228515624 0
vt 0.66844940185546872 0.55733364820480344 0
vt 0.51336812973022464 0.62625235319137576 0
vt 0.46302887797355648 0.50311559438705448 0
vt 0.26362365484237672 0.45500880479812624 0
vt 0.15278422832489014 0.38579493761062624 0
vt 0.1802455186843872 0.3227229118347168 0
vt 0.22922360897064208 0.3249424695968628 0
vt 0.44381308555603024 0.3227229118347168 0
vt 0.36856365203857424 0.37125343084335328 0
vt 0.44351410865783688 0.64021682739257816 0
vt 0.37282678484916688 0.70126557350158688 0
vt 0.30125176906585692 0.57733887434005736 0
vt 0.43891289830207824 0.69883668422698976 0
vt 0.50311553478240968 0.67844533920288088 0
vt 0.43941178917884824 0.80334138870239264 0
vt 0.79821425676345824 0.47038614749908448 0
vt 0.70353019237518312 0.54502797126770016 0
vt 0.60531312227249144 0.35609889030456544 0
vt 0.79821425676345824 0.47038614749908448 0
vt 0.9034713506698608 0.54502797126770016 0
vt 0.70353019237518312 0.54502797126770016 0
vt 0.95274221897125248 0.24321600794792176 0
vt 0.86514461040496832 0.30988511443138124 0
vt 0.81454843282699584 0.25323331356048584 0
vt 0.14586246013641358 0.64652842283248904 0
vt 0.04725778102874756 0.50311547517776488 0
vt 0.12824618816375732 0.50311553478240968 0
vt 0.90287774801254272 0.61342233419418336 0
vt 0.7509979009628296 0.61412012577056888 0
vt 0.77808141708374016 0.54502797126770016 0
vt 0.84802937507629392 0.51482141017913816 0
vt 0.77619636058807376 0.49518254399299624 0
vt 0.83466315269470208 0.39906692504882816 0
vt 0.36856365203857424 0.37125343084335328 0
vt 0.330751895904541 0.42881035804748536 0
vt 0.22922360897064208 0.3249424695968628 0
vt 0.330751895904541 0.42881035804748536 0
vt 0.20121669769287108 0.41185519099235536 0
vt 0.22922360897064208 0.3249424695968628 0
vt 0.80174303054809568 0.9075966477394104 0
vt 0.71908295154571536 0.90619438886642464 0
vt 0.73115682601928704 0.84165859222412112 0
vt 0.17000758647918702 0.7555046081542968 0
vt 0.24740397930145264 0.73426127433776848 0
vt 0.28091704845428468 0.8632774353027344 0
vt 0.18479490280151368 0.66561269760131832 0
vt 0.0893406867980957 0.76536893844604496 0
vt 0.08347213268280029 0.640337347984314 0
vt 0.18479490280151368 0.66561269760131832 0
vt 0.08347213268280029 0.640337347984314 0
vt 0.17894482612609864 0.54502797126770016 0
vt 0.18479490280151368 0.66561269760131832 0
vt 0.24262475967407228 0.70326125621795656 0
vt 0.18120670318603516 0.79427015781402592 0
vt 0.26383113861083984 0.78137481212615968 0
vt 0.19180512428283692 0.90292525291442864 0
vt 0.18120670318603516 0.79427015781402592 0
vt 0.65282553434371952 0.60498785972595216 0
vt 0.68184262514114376 0.48784682154655456 0
vt 0.73416703939437872 0.69858562946319584 0
vt 0.68184262514114376 0.48784682154655456 0
vt 0.5684912204742432 0.54502797126770016 0
vt 0.50311547517776488 0.43071261048316952 0
vt 0.41748279333114624 0.43810603022575376 0
vt 0.34662583470344544 0.45299580693244936 0
vt 0.35512161254882812 0.39060479402542112 0
vt 0.34662583470344544 0.45299580693244936 0
vt 0.41748279333114624 0.43810603022575376 0
vt 0.47100409865379336 0.6325887441635132 0
vt 0.42668354511260984 0.2909933030605316 0
vt 0.32623657584190368 0.2431234121322632 0
vt 0.46959272027015688 0.2002209424972534 0
vt 0.48591667413711544 0.08394208550453186 0
vt 0.57331645488739016 0.21905627846717836 0
vt 0.53040730953216552 0.29503837227821352 0
vt 0.39249527454376224 0.75758242607116704 0
vt 0.47399210929870608 0.75929117202758784 0
vt 0.45067459344863888 0.8243775367736816 0
vt 0.3370738923549652 0.263901948928833 0
vt 0.39249527454376224 0.23390474915504456 0
vt 0.45067459344863888 0.29942613840103148 0
vt 0.11079537868499756 0.8498632907867432 0
vt 0.0893406867980957 0.76536893844604496 0
vt 0.18120670318603516 0.79427015781402592 0
vt 0.40309619903564456 0.86326360702514656 0
vt 0.52565765380859376 0.76536893844604496 0
vt 0.5218011140823364 0.8498632907867432 0
vt 0.77570307254791264 0.32488763332366944 0
vt 0.8108006119728088 0.44734045863151552 0
vt 0.78200149536132816 0.48831337690353392 0
vt 0.1630183756351471 0.24593994021415712 0
vt 0.24090641736984252 0.199200838804245 0
vt 0.28202515840530396 0.23883724212646484 0
vt 0.35147249698638916 0.28122973442077636 0
vt 0.2545514702796936 0.36615157127380368 0
vt 0.2728518843650818 0.21431413292884828 0
vt 0.32652640342712404 0.11587950587272644 0
vt 0.39864510297775272 0.19900324940681456 0
vt 0.2728518843650818 0.21431413292884828 0
vt 0.69199323654174808 0.26699903607368468 0
vt 0.53627264499664304 0.30400654673576356 0
vt 0.48976796865463256 0.1817820966243744 0
vt 0.3571404218673706 0.15978813171386718 0
vt 0.25765079259872436 0.26699903607368468 0
vt 0.25251728296279908 0.14082339406013488 0
vt 0.12019646167755126 0.72579568624496464 0
vt 0.25484347343444824 0.62498426437377928 0
vt 0.38183647394180296 0.7406102418899536 0
vt 0.38183647394180296 0.7406102418899536 0
vt 0.25484347343444824 0.62498426437377928 0
vt 0.5105725526809692 0.63155943155288696 0
vt 0.7509979009628296 0.61412012577056888 0
vt 0.90287774801254272 0.61342233419418336 0
vt 0.769200086593628 0.74022603034973152 0
vt 0.769200086593628 0.74022603034973152 0
vt 0.70453506708145144 0.74345934391021728 0
vt 0.73786699771881104 0.67728078365325928 0
vt 0.74933576583862304 0.28996658325195312 0
vt 0.61423385143280032 0.22389337420463564 0
vt 0.667901873588562 0.19201672077178956 0
vt 0.49688440561294552 0.04370263218879699 0
vt 0.667901873588562 0.19201672077178956 0
vt 0.54278111457824704 0.16607892513275146 0
vt 0.13166725635528564 0.42792493104934696 0
vt 0.20121669769287108 0.41185519099235536 0
vt 0.20557481050491332 0.6185013055801392 0
vt 0.13166725635528564 0.42792493104934696 0
vt 0.10596632957458496 0.28789815306663512 0
vt 0.94584977626800544 0.64289826154708864 0
vt 0.83466315269470208 0.75942301750183104 0
vt 0.83269023895263664 0.68498969078063968 0
vt 0.80704653263092048 0.60534358024597168 0
vt 0.81446319818496704 0.5031156539916992 0
vt 0.92518687248229984 0.5926543474197388 0
vt 0.691459596157074 0.79874014854431152 0
vt 0.55631136894226072 0.76073300838470464 0
vt 0.64765977859497072 0.68949949741363528 0
vt 0.59640824794769288 0.93166339397430416 0
vt 0.53820592164993288 0.832769513130188 0
vt 0.685255229473114 0.84287858009338384 0
vt 0.11377525329589844 0.18497505784034728 0
vt 0.1720571517944336 0.3758166432380676 0
vt 0.07646352052688599 0.26221901178359984 0
vt 0.23603814840316772 0.45374223589897152 0
vt 0.10131853818893432 0.45160734653472904 0
vt 0.18497505784034728 0.371540367603302 0
vt 0.73763185739517216 0.64072346687316896 0
vt 0.64638495445251464 0.66458249092102048 0
vt 0.6925707459449768 0.59711337089538576 0
vt 0.34825426340103148 0.68438720703125 0
vt 0.28769329190254212 0.68616425991058352 0
vt 0.28202515840530396 0.58614230155944824 0
vt 0.15352022647857666 0.78575408458709712 0
vt 0.20319828391075136 0.72964680194854736 0
vt 0.26474115252494812 0.76684260368347168 0
vt 0.34387138485908508 0.36692935228347776 0
vt 0.18963268399238588 0.39995318651199344 0
vt 0.26474115252494812 0.2826387882232666 0
vt 0.41421616077423096 0.54898834228515624 0
vt 0.34490215778350832 0.54403561353683472 0
vt 0.43789803981781008 0.42682981491088864 0
vt 0.34490215778350832 0.54403561353683472 0
vt 0.41421616077423096 0.54898834228515624 0
vt 0.42922231554985048 0.6661386489868164 0
vt 0.4378682076931 0.3890622854232788 0
vt 0.34387138485908508 0.36692935228347776 0
vt 0.45067459344863888 0.29942613840103148 0
vt 0.28981706500053404 0.3931826055049896 0
vt 0.43789803981781008 0.42682981491088864 0
vt 0.34490215778350832 0.54403561353683472 0
vt 0.80918765068054192 0.67469763755798336 0
vt 0.6787884831428528 0.70254492759704592 0
vt 0.70353019237518312 0.54502797126770016 0
vt 0.935709536075592 0.1372741162776947 0
vt 0.6787884831428528 0.09454137086868286 0
vt 0.80918765068054192 0.08374279737472534 0
vt 0.61295503377914432 0.33986324071884156 0
vt 0.55618679523468016 0.3466346263885498 0
vt 0.65129804611206056 0.22835713624954224 0
vt 0.55618679523468016 0.3466346263885498 0
vt 0.61295503377914432 0.33986324071884156 0
vt 0.66844940185546872 0.55733364820480344 0
vt 0.93942642211914064 0.34536918997764588 0
vt 0.8279428482055664 0.38231295347213744 0
vt 0.86514461040496832 0.30988511443138124 0
vt 0.3758166432380676 0.38231295347213744 0
vt 0.18497505784034728 0.371540367603302 0
vt 0.29074031114578248 0.33136415481567384 0
vt 0.769200086593628 0.74022603034973152 0
vt 0.82914865016937248 0.7755554914474488 0
vt 0.82187771797180176 0.83276689052581792 0
vt 0.1621432602405548 0.5031156539916992 0
vt 0.24043127894401552 0.61687344312667848 0
vt 0.18120670318603516 0.79427015781402592 0
vt 0.24262475967407228 0.70326125621795656 0
vt 0.2472602128982544 0.7421178817749024 0
vt 0.62386178970336912 0.70326125621795656 0
vt 0.73786699771881104 0.67728078365325928 0
vt 0.70453506708145144 0.74345934391021728 0
vt 0.44562792778015136 0.67282688617706296 0
vt 0.49655669927597048 0.68273258209228512 0
vt 0.47399210929870608 0.75929117202758784 0
vt 0.6201075911521912 0.76771998405456544 0
vt 0.52666807174682616 0.7766811847686768 0
vt 0.49655669927597048 0.68273258209228512 0
vt 0.78116255998611456 0.6325887441635132 0
vt 0.85680216550827024 0.54502797126770016 0
vt 0.86042606830596928 0.65685629844665528 0
vt 0.70353019237518312 0.01003888249397277 0
vt 0.51983499526977536 0.13957396149635314 0
vt 0.60150641202926632 0.04879087209701538 0
vt 0.21851292252540588 0.74581396579742432 0
vt 0.27762061357498168 0.72469055652618416 0
vt 0.37385046482086184 0.80701720714569088 0
vt 0.89930653572082512 0.27762061357498168 0
vt 0.8514326810836792 0.21851292252540588 0
vt 0.935709536075592 0.1372741162776947 0
vt 0.8881912231445312 0.3371945321559906 0
vt 0.8919717669487 0.46121415495872496 0
vt 0.728153109550476 0.38576611876487728 0
vt 0.53878581523895264 0.27732914686203004 0
vt 0.66280543804168704 0.31309646368026732 0
vt 0.67426049709320072 0.40318164229393008 0
vt 0.87952959537506096 0.60358750820159912 0
vt 0.82206237316131584 0.60847193002700808 0
vt 0.79871344566345216 0.51561737060546872 0
vt 0.87859737873077392 0.66187417507171632 0
vt 0.85126340389251712 0.76240909099578864 0
vt 0.82206237316131584 0.60847193002700808 0
vt 0.47399210929870608 0.75929117202758784 0
vt 0.39249527454376224 0.75758242607116704 0
vt 0.44562792778015136 0.67282688617706296 0
vt 0.28769329190254212 0.68616425991058352 0
vt 0.34825426340103148 0.68438720703125 0
vt 0.39249527454376224 0.75758242607116704 0
vt 0.2953791618347168 0.62144887447357176 0
vt 0.2004190683364868 0.6949375867843628 0
vt 0.20557481050491332 0.6185013055801392 0
vt 0.2004190683364868 0.6949375867843628 0
vt 0.05332231521606445 0.60358750820159912 0
vt 0.20557481050491332 0.6185013055801392 0
vt 0.51336812973022464 0.62625235319137576 0
vt 0.66844940185546872 0.55733364820480344 0
vt 0.6578882932662964 0.6983477473258972 0
vt 0.74892240762710576 0.59640824794769288 0
vt 0.70717829465866088 0.64866387844085696 0
vt 0.66844940185546872 0.55733364820480344 0
vt 0.2641427516937256 0.64035606384277344 0
vt 0.1372741162776947 0.65887409448623656 0
vt 0.21317043900489808 0.54502797126770016 0
vt 0.2641427516937256 0.64035606384277344 0
vt 0.30125176906585692 0.57733887434005736 0
vt 0.37282678484916688 0.70126557350158688 0
vt 0.64638495445251464 0.66458249092102048 0
vt 0.58061647415161136 0.74562323093414304 0
vt 0.5437961220741272 0.62000262737274168 0
vt 0.64638495445251464 0.66458249092102048 0
vt 0.5437961220741272 0.62000262737274168 0
vt 0.62910538911819456 0.47440853714942936 0
vt 0.70717829465866088 0.64866387844085696 0
vt 0.74892240762710576 0.59640824794769288 0
vt 0.77414715290069584 0.755500853061676 0
vt 0.685255229473114 0.84287858009338384 0
vt 0.755500853061676 0.88965964317321776 0
vt 0.59640824794769288 0.93166339397430416 0
vt 0.53919458389282224 0.78120124340057376 0
vt 0.58061647415161136 0.74562323093414304 0
vt 0.60974252223968504 0.78575408458709712 0
vt 0.58061647415161136 0.74562323093414304 0
vt 0.53919458389282224 0.78120124340057376 0
vt 0.44537794589996336 0.5862154960632324 0
vt 0.06681561470031738 0.37622916698455808 0
vt 0.18497505784034728 0.371540367603302 0
vt 0.10131853818893432 0.45160734653472904 0
vt 0.88119757175445552 0.45160734653472904 0
vt 0.81966948509216304 0.37622916698455808 0
vt 0.50311553478240968 0.67844533920288088 0
vt 0.55631136894226072 0.76073300838470464 0
vt 0.50311553478240968 0.7943388223648072 0
vt 0.53820592164993288 0.832769513130188 0
vt 0.58692705631256104 0.77264428138732912 0
vt 0.685255229473114 0.84287858009338384 0
vt 0.53724586963653568 0.45500880479812624 0
vt 0.66293692588806152 0.35519444942474364 0
vt 0.68485915660858152 0.42278522253036496 0
vt 0.79219448566436768 0.36261045932769776 0
vt 0.68485915660858152 0.42278522253036496 0
vt 0.330751895904541 0.42881035804748536 0
vt 0.36856365203857424 0.37125343084335328 0
vt 0.44381308555603024 0.38579493761062624 0
vt 0.44381308555603024 0.38579493761062624 0
vt 0.44381308555603024 0.3227229118347168 0
vt 0.50311553478240968 0.59147250652313232 0
vt 0.44351410865783688 0.64021682739257816 0
vt 0.39955812692642208 0.5727026462554932 0
vt 0.43891289830207824 0.69883668422698976 0
vt 0.44351410865783688 0.64021682739257816 0
vt 0.50311553478240968 0.67844533920288088 0
vt 0.90041840076446528 0.37385046482086184 0
vt 0.89558875560760496 0.43941178917884824 0
vt 0.7784831523895264 0.25318652391433716 0
vt 0.43891289830207824 0.69883668422698976 0
vt 0.43941178917884824 0.80334138870239264 0
vt 0.33488178253173828 0.09558510780334472 0
vt 0.49688440561294552 0.04370263218879699 0
vt 0.54278111457824704 0.16607892513275146 0
vt 0.56850051879882816 0.50311559438705448 0
vt 0.5105725526809692 0.63155943155288696 0
vt 0.44381314516067504 0.50311559438705448 0
vt 0.72344642877578736 0.39524790644645688 0
vt 0.80144619941711424 0.36126178503036496 0
vt 0.30478739738464356 0.95575547218322752 0
vt 0.36126178503036496 0.93608415126800544 0
vt 0.79871344566345216 0.51561737060546872 0
vt 0.80400896072387696 0.42792493104934696 0
vt 0.87952959537506096 0.60358750820159912 0
vt 0.69774049520492552 0.35853803157806396 0
vt 0.80400896072387696 0.42792493104934696 0
vt 0.76244616508483888 0.441945880651474 0
vt 0.50311547517776488 0.24321600794792176 0
vt 0.58036547899246216 0.23178559541702272 0
vt 0.54221642017364504 0.3578205108642578 0
vt 0.04725778102874756 0.50311547517776488 0
vt 0.14586246013641358 0.64652842283248904 0
vt 0.03223919868469238 0.58036547899246216 0
vt 0.35275334119796752 0.7755554914474488 0
vt 0.53919458389282224 0.78120124340057376 0
vt 0.4968843460083008 0.84492826461792 0
vt 0.4968843460083008 0.84492826461792 0
vt 0.39048236608505248 0.83276689052581792 0
vt 0.35275334119796752 0.7755554914474488 0
vt 0.83269023895263664 0.68498969078063968 0
vt 0.83466315269470208 0.75942301750183104 0
vt 0.79219448566436768 0.73206841945648192 0
vt 0.83466315269470208 0.39906692504882816 0
vt 0.68485915660858152 0.42278522253036496 0
vt 0.496884286403656 0.46907368302345272 0
vt 0.44537794589996336 0.5862154960632324 0
vt 0.35710173845291136 0.39596956968307496 0
vt 0.44537794589996336 0.5862154960632324 0
vt 0.496884286403656 0.46907368302345272 0
vt 0.67459917068481448 0.62106609344482424 0
vt 0.60045099258422848 0.66561269760131832 0
vt 0.538821280002594 0.54502797126770016 0
vt 0.2490020990371704 0.79922676086425776 0
vt 0.39954900741577152 0.8152050971984864 0
vt 0.32540079951286316 0.83067232370376592 0
vt 0.38183647394180296 0.05018925666809082 0
vt 0.39601284265518192 0.1671958565711975 0
vt 0.26475751399993896 0.19123530387878416 0
vt 0.22922360897064208 0.3249424695968628 0
vt 0.39601284265518192 0.1671958565711975 0
vt 0.54221642017364504 0.3578205108642578 0
vt 0.46734675765037536 0.34536918997764588 0
vt 0.50311547517776488 0.24321600794792176 0
vt 0.68184262514114376 0.48784682154655456 0
vt 0.50311547517776488 0.43071261048316952 0
vt 0.54221642017364504 0.3578205108642578 0
vt 0.84802937507629392 0.51482141017913816 0
vt 0.9747411012649536 0.54502797126770016 0
vt 0.90287774801254272 0.61342233419418336 0
vt 0.77808141708374016 0.54502797126770016 0
vt 0.84802937507629392 0.51482141017913816 0
vt 0.90287774801254272 0.61342233419418336 0
vt 0.55618691444396976 0.7859447002410888 0
vt 0.46566981077194216 0.80819487571716304 0
vt 0.42922231554985048 0.6661386489868164 0
vt 0.42922231554985048 0.6661386489868164 0
vt 0.6578882932662964 0.6983477473258972 0
vt 0.28769329190254212 0.68616425991058352 0
vt 0.20319828391075136 0.72964680194854736 0
vt 0.23608171939849852 0.64072346687316896 0
vt 0.28769329190254212 0.68616425991058352 0
vt 0.23608171939849852 0.64072346687316896 0
vt 0.28202515840530396 0.58614230155944824 0
vt 0.39955812692642208 0.5727026462554932 0
vt 0.30125176906585692 0.57733887434005736 0
vt 0.32366043329238892 0.45899358391761776 0
vt 0.50311547517776488 0.43071261048316952 0
vt 0.43885970115661624 0.49363270401954648 0
vt 0.41263401508331296 0.44854223728179928 0
vt 0.70496165752410888 0.2002209424972534 0
vt 0.8843761682510376 0.23908525705337524 0
vt 0.91605794429779056 0.31848174333572388 0
vt 0.55618673563003544 0.23908525705337524 0
vt 0.60531312227249144 0.35609889030456544 0
vt 0.41421616077423096 0.54898834228515624 0
vt 0.46302887797355648 0.50311559438705448 0
vt 0.46302887797355648 0.50311559438705448 0
vt 0.43789803981781008 0.42682981491088864 0
vt 0.26694107055664064 0.32488763332366944 0
vt 0.29429441690444948 0.28996658325195312 0
vt 0.34878236055374144 0.31440556049346924 0
vt 0.21738415956497192 0.28717073798179628 0
vt 0.26694107055664064 0.32488763332366944 0
vt 0.41748279333114624 0.43810603022575376 0
vt 0.60531312227249144 0.35609889030456544 0
vt 0.6063891649246216 0.42915341258049008 0
vt 0.6063891649246216 0.42915341258049008 0
vt 0.34904336929321288 0.66933995485305784 0
vt 0.46566981077194216 0.80819487571716304 0
vt 0.26383113861083984 0.78137481212615968 0
vt 0.25484347343444824 0.62498426437377928 0
vt 0.18374466896057128 0.45274746417999264 0
vt 0.265000581741333 0.4453386068344116 0
vt 0.81625533103942864 0.1291612982749939 0
vt 0.6485275030136108 0.17733854055404664 0
vt 0.28981706500053404 0.3931826055049896 0
vt 0.34387138485908508 0.36692935228347776 0
vt 0.43789803981781008 0.42682981491088864 0
vt 0.18963268399238588 0.82400643825531008 0
vt 0.34387138485908508 0.82515180110931392 0
vt 0.3789392113685608 0.7527397871017456 0
vt 0.2954649329185486 0.75443887710571296 0
vt 0.23079991340637208 0.71721857786178592 0
vt 0.6210607886314392 0.7421178817749024 0
vt 0.73416703939437872 0.69858562946319584 0
vt 0.64765977859497072 0.68949949741363528 0
vt 0.65282553434371952 0.60498785972595216 0
vt 0.64765977859497072 0.68949949741363528 0
vt 0.73416703939437872 0.69858562946319584 0
vt 0.79702103137969968 0.805985689163208 0
vt 0.53724586963653568 0.45500880479812624 0
vt 0.44381308555603024 0.3227229118347168 0
vt 0.53627264499664304 0.30400654673576356 0
vt 0.44381320476531984 0.44058224558830264 0
vt 0.44381320476531984 0.34049221873283388 0
vt 0.6657501459121704 0.33209815621376036 0
vt 0.44381320476531984 0.44058224558830264 0
vt 0.35147249698638916 0.28122973442077636 0
vt 0.44381320476531984 0.34049221873283388 0
vt 0.92518687248229984 0.5926543474197388 0
vt 0.83269023895263664 0.68498969078063968 0
vt 0.80704653263092048 0.60534358024597168 0
vt 0.31501030921936036 0.34186241030693056 0
vt 0.3401973247528076 0.22385495901107788 0
vt 0.3370738923549652 0.75799155235290528 0
vt 0.26474115252494812 0.76684260368347168 0
vt 0.26474115252494812 0.2826387882232666 0
vt 0.34387138485908508 0.36692935228347776 0
vt 0.67426049709320072 0.40318164229393008 0
vt 0.75406002998352048 0.51569235324859616 0
vt 0.62910538911819456 0.47440853714942936 0
vt 0.5442417860031128 0.3938947021961212 0
vt 0.62910538911819456 0.47440853714942936 0
vt 0.79270982742309568 0.28789815306663512 0
vt 0.69516932964324952 0.29954230785369872 0
vt 0.73451966047286992 0.23236525058746336 0
vt 0.12019646167755126 0.18088221549987792 0
vt 0.16524654626846314 0.2336817681789398 0
vt 0.08033943176269531 0.23236525058746336 0
vt 0.65129804611206056 0.22835713624954224 0
vt 0.50758463144302368 0.31687206029891968 0
vt 0.5138529539108276 0.25886633992195128 0
vt 0.65129804611206056 0.92241013050079344 0
vt 0.6201075911521912 0.76771998405456544 0
vt 0.24090641736984252 0.52138614654541016 0
vt 0.17667889595031738 0.48831337690353392 0
vt 0.23053091764450072 0.44734045863151552 0
vt 0.34662583470344544 0.45299580693244936 0
vt 0.24090641736984252 0.52138614654541016 0
vt 0.59591966867446896 0.14082339406013488 0
vt 0.69199323654174808 0.26699903607368468 0
vt 0.48976796865463256 0.1817820966243744 0
vt 0.59591966867446896 0.14082339406013488 0
vt 0.52565765380859376 0.76536893844604496 0
vt 0.40309619903564456 0.86326360702514656 0
vt 0.39625728130340576 0.65479350090026856 0
vt 0.39625728130340576 0.65479350090026856 0
vt 0.48510569334030152 0.640337347984314 0
vt 0.43481132388114928 0.35789471864700316 0
vt 0.35512161254882812 0.39060479402542112 0
vt 0.34878236055374144 0.31440556049346924 0
vt 0.43481132388114928 0.35789471864700316 0
vt 0.29074031114578248 0.33136415481567384 0
vt 0.36409866809844968 0.31914854049682616 0
vt 0.3758166432380676 0.38231295347213744 0
vt 0.36409866809844968 0.31914854049682616 0
vt 0.29074031114578248 0.33136415481567384 0
vt 0.22820422053337096 0.22411885857582092 0
vt 0.53820592164993288 0.832769513130188 0
vt 0.50311553478240968 0.7943388223648072 0
vt 0.55631136894226072 0.76073300838470464 0
vt 0.36126178503036496 0.93608415126800544 0
vt 0.53820592164993288 0.832769513130188 0
vt 0.7509979009628296 0.61412012577056888 0
vt 0.73786699771881104 0.67728078365325928 0
vt 0.769200086593628 0.74022603034973152 0
vt 0.30006170272827148 0.54502797126770016 0
vt 0.30816102027893068 0.4317792356014252 0
vt 0.78116255998611456 0.6325887441635132 0
vt 0.73886620998382576 0.58248418569564816 0
vt 0.78540062904357904 0.52272868156433104 0
vt 0.38578811287879944 0.58248418569564816 0
vt 0.47100409865379336 0.6325887441635132 0
vt 0.49655669927597048 0.68273258209228512 0
vt 0.50311553478240968 0.18782180547714232 0
vt 0.39648747444152832 0.25323331356048584 0
vt 0.45274746417999264 0.1291612982749939 0
vt 0.81454843282699584 0.25323331356048584 0
vt 0.3571404218673706 0.15978813171386718 0
vt 0.54278111457824704 0.16607892513275146 0
vt 0.45658397674560544 0.214564710855484 0
vt 0.7286685109138488 0.6598026752471924 0
vt 0.73582553863525392 0.54341602325439456 0
vt 0.51073408126831056 0.85389453172683712 0
vt 0.71908295154571536 0.90619438886642464 0
vt 0.59690380096435544 0.90617686510086064 0
vt 0.40309619903564456 0.86326360702514656 0
vt 0.28091704845428468 0.8632774353027344 0
vt 0.24740397930145264 0.73426127433776848 0
vt 0.19825696945190428 0.82961952686309808 0
vt 0.17000758647918702 0.7555046081542968 0
vt 0.9075966477394104 0.82961952686309808 0
vt 0.85126340389251712 0.76240909099578864 0
vt 0.95598047971725456 0.7555046081542968 0
vt 0.77619636058807376 0.49518254399299624 0
vt 0.77808141708374016 0.54502797126770016 0
vt 0.26362365484237672 0.45500880479812624 0
vt 0.23422598838806152 0.484391450881958 0
vt 0.15278422832489014 0.38579493761062624 0
vt 0.52242475748062136 0.7657740116119384 0
vt 0.61423385143280032 0.22389337420463564 0
vt 0.45658397674560544 0.214564710855484 0
vt 0.54278111457824704 0.16607892513275146 0
vt 0.6657501459121704 0.33209815621376036 0
vt 0.728153109550476 0.38576611876487728 0
vt 0.30125176906585692 0.57733887434005736 0
vt 0.21317043900489808 0.54502797126770016 0
vt 0.23603814840316772 0.45374223589897152 0
vt 0.21317043900489808 0.54502797126770016 0
vt 0.5105725526809692 0.63155943155288696 0
vt 0.61187410354614256 0.66511821746826168 0
vt 0.56850051879882816 0.50311559438705448 0
vt 0.14586246013641358 0.64652842283248904 0
vt 0.12019646167755126 0.72579568624496464 0
vt 0.62498426437377928 0.03856474161148071 0
vt 0.6210607886314392 0.7421178817749024 0
vt 0.769200086593628 0.74022603034973152 0
vt 0.77016037702560432 0.79340565204620368 0
vt 0.39048236608505248 0.83276689052581792 0
vt 0.31250023841857912 0.79340565204620368 0
vt 0.28278142213821412 0.74022603034973152 0
vt 0.34878236055374144 0.31440556049346924 0
vt 0.42668354511260984 0.2909933030605316 0
vt 0.32623657584190368 0.2431234121322632 0
vt 0.330751895904541 0.42881035804748536 0
vt 0.3643003702163696 0.4837220013141632 0
vt 0.30586278438568116 0.54502797126770016 0
vt 0.50311553478240968 0.67844533920288088 0
vt 0.50311553478240968 0.59147250652313232 0
vt 0.44351410865783688 0.64021682739257816 0
vt 0.50311553478240968 0.59147250652313232 0
vt 0.7513138055801392 0.21832260489463808 0
vt 0.6201075911521912 0.18600812554359436 0
vt 0.65354335308074952 0.18099236488342284 0
vt 0.11380749940872192 0.60559344291687008 0
vt 0.1372741162776947 0.65887409448623656 0
vt 0.935709536075592 0.65887409448623656 0
vt 0.96005380153656 0.60559344291687008 0
vt 0.18497505784034728 0.371540367603302 0
vt 0.26221901178359984 0.40784299373626712 0
vt 0.23603814840316772 0.45374223589897152 0
vt 0.32366043329238892 0.45899358391761776 0
vt 0.26221901178359984 0.40784299373626712 0
vt 0.85126340389251712 0.76240909099578864 0
vt 0.79702103137969968 0.805985689163208 0
vt 0.80174303054809568 0.9075966477394104 0
vt 0.09702891111373902 0.3246954083442688 0
vt 0.1726994812488556 0.2841491997241974 0
vt 0.06681561470031738 0.37622916698455808 0
vt 0.81966948509216304 0.37622916698455808 0
vt 0.673473596572876 0.23928716778755188 0
vt 0.35147249698638916 0.28122973442077636 0
vt 0.2728518843650818 0.21431413292884828 0
vt 0.39864510297775272 0.19900324940681456 0
vt 0.39864510297775272 0.19900324940681456 0
vt 0.44381320476531984 0.2801518440246582 0
vt 0.35147249698638916 0.28122973442077636 0
vt 0.46734675765037536 0.34536918997764588 0
vt 0.54221642017364504 0.3578205108642578 0
vt 0.50311547517776488 0.43071261048316952 0
vt 0.41263401508331296 0.44854223728179928 0
vt 0.28202515840530396 0.23883724212646484 0
vt 0.20658856630325316 0.3074292540550232 0
vt 0.1630183756351471 0.24593994021415712 0
vt 0.37282678484916688 0.70126557350158688 0
vt 0.43891289830207824 0.69883668422698976 0
vt 0.30586278438568116 0.54502797126770016 0
vt 0.2953791618347168 0.62144887447357176 0
vt 0.39778441190719608 0.580508291721344 0
vt 0.2953791618347168 0.62144887447357176 0
vt 0.7513138055801392 0.79917061328887936 0
vt 0.7784831523895264 0.83613586425781248 0
vt 0.7619317770004272 0.95575547218322752 0
vt 0.80234181880950928 0.7582794427871704 0
vt 0.7784831523895264 0.83613586425781248 0
vt 0.55631136894226072 0.76073300838470464 0
vt 0.58692705631256104 0.77264428138732912 0
vt 0.88954305648803712 0.691459596157074 0
vt 0.8199948072433472 0.58692705631256104 0
vt 0.58061647415161136 0.74562323093414304 0
vt 0.69544488191604616 0.72964680194854736 0
vt 0.60974252223968504 0.78575408458709712 0
vt 0.32366043329238892 0.45899358391761776 0
vt 0.41263401508331296 0.44854223728179928 0
vt 0.39955812692642208 0.5727026462554932 0
vt 0.41263401508331296 0.44854223728179928 0
vt 0.50575721263885496 0.81375223398208624 0
vt 0.538821280002594 0.82105517387390144 0
vt 0.50575721263885496 0.52113115787506104 0
vt 0.48510569334030152 0.640337347984314 0
vt 0.9034713506698608 0.54502797126770016 0
vt 0.9619587659835816 0.51460039615631104 0
vt 0.24043127894401552 0.61687344312667848 0
vt 0.17812228202819824 0.60951763391494752 0
vt 0.22983962297439576 0.68749976158142088 0
vt 0.08627223968505859 0.6780142784118652 0
vt 0.04843887686729431 0.64448851346969608 0
vt 0.17085134983062744 0.64724665880203248 0
vt 0.2399243116378784 0.61342233419418336 0
vt 0.55618679523468016 0.09211981296539306 0
vt 0.55618679523468016 0.17503252625465394 0
vt 0.46959272027015688 0.2002209424972534 0
vt 0.24740397930145264 0.73426127433776848 0
vt 0.2004190683364868 0.6949375867843628 0
vt 0.2004190683364868 0.6949375867843628 0
vt 0.6657501459121704 0.33209815621376036 0
vt 0.67376339435577392 0.2814549207687378 0
vt 0.70570558309555056 0.25066423416137696 0
vt 0.13166725635528564 0.42792493104934696 0
vt 0.02706027030944824 0.35853803157806396 0
vt 0.03381896018981933 0.29954230785369872 0
vt 0.87952959537506096 0.60358750820159912 0
vt 0.87859737873077392 0.66187417507171632 0
vt 0.2472602128982544 0.7421178817749024 0
vt 0.26383113861083984 0.78137481212615968 0
vt 0.18120670318603516 0.79427015781402592 0
vt 0.77414715290069584 0.755500853061676 0
vt 0.6578882932662964 0.6983477473258972 0
vt 0.70717829465866088 0.64866387844085696 0
vt 0.6578882932662964 0.6983477473258972 0
vt 0.39955812692642208 0.5727026462554932 0
vt 0.43885970115661624 0.49363270401954648 0
vt 0.50311553478240968 0.59147250652313232 0
vt 0.5442417860031128 0.3938947021961212 0
vt 0.67426049709320072 0.40318164229393008 0
vt 0.67426049709320072 0.40318164229393008 0
vt 0.53878581523895264 0.27732914686203004 0
vt 0.24090641736984252 0.52138614654541016 0
vt 0.1630183756351471 0.51569235324859616 0
vt 0.17667889595031738 0.48831337690353392 0
vt 0.48510569334030152 0.640337347984314 0
vt 0.39778441190719608 0.580508291721344 0
vt 0.81625533103942864 0.1291612982749939 0
vt 0.7454485297203064 0.1661539375782013 0
vt 0.39648747444152832 0.25323331356048584 0
vt 0.73115682601928704 0.84165859222412112 0
vt 0.77414715290069584 0.755500853061676 0
vt 0.77414715290069584 0.755500853061676 0
vt 0.48442715406417848 0.54502797126770016 0
vt 0.60150641202926632 0.5799617767333984 0
vt 0.5684912204742432 0.54502797126770016 0
vt 0.68184262514114376 0.48784682154655456 0
vt 0.65282553434371952 0.60498785972595216 0
vt 0.16524654626846314 0.2336817681789398 0
vt 0.10596632957458496 0.28789815306663512 0
vt 0.7619317770004272 0.30478739738464356 0
vt 0.72344642877578736 0.39524790644645688 0
vt 0.92518687248229984 0.5926543474197388 0
vt 0.94584977626800544 0.64289826154708864 0
vt 0.34825426340103148 0.68438720703125 0
vt 0.44562792778015136 0.67282688617706296 0
vt 0.76244616508483888 0.441945880651474 0
vt 0.79871344566345216 0.51561737060546872 0
vt 0.57317018508911136 0.86205732822418208 0
vt 0.6109377145767212 0.86144542694091792 0
vt 0.4378682076931 0.3890622854232788 0
vt 0.24023407697677612 0.22820422053337096 0
vt 0.2728518843650818 0.21431413292884828 0
vt 0.18152189254760744 0.36409866809844968 0
vt 0.32652640342712404 0.11587950587272644 0
vt 0.8514326810836792 0.21851292252540588 0
vt 0.80234181880950928 0.20040997862815856 0
vt 0.52666807174682616 0.7766811847686768 0
vt 0.47399210929870608 0.75929117202758784 0
vt 0.70570558309555056 0.25066423416137696 0
vt 0.782615840435028 0.27957800030708312 0
vt 0.82088685035705568 0.685255229473114 0
vt 0.88954305648803712 0.691459596157074 0
vt 0.34662583470344544 0.45299580693244936 0
vt 0.38245037198066712 0.52272868156433104 0
vt 0.18497505784034728 0.371540367603302 0
vt 0.06681561470031738 0.37622916698455808 0
vt 0.1726994812488556 0.2841491997241974 0
vt 0.81847810745239264 0.31914854049682616 0
vt 0.86514461040496832 0.30988511443138124 0
vt 0.15352022647857666 0.39025747776031496 0
vt 0.18963268399238588 0.39995318651199344 0
vt 0.3571404218673706 0.15978813171386718 0
vt 0.3401973247528076 0.22385495901107788 0
vt 0.44381320476531984 0.44058224558830264 0
vt 0.44381314516067504 0.50311559438705448 0
vt 0.65336537361145016 0.98082959651947024 0
vt 0.68312793970108032 0.93308091163635248 0
vt 0.59598922729492184 0.23393920063972472 0
vt 0.673473596572876 0.23928716778755188 0
vt 0.837260901927948 0.72129750251770016 0
vt 0.769200086593628 0.74022603034973152 0
vt 0.14610546827316284 0.9030511379241944 0
vt 0.11079537868499756 0.8498632907867432 0
# 1428 texture coords

g Box003
usemtl Material #26
s 4
f 579/1090/2425 630/1091/2426 486/1092/2427
f 545/1093/2428 616/1094/2429 489/1095/2430
f 613/1096/2431 566/1097/2432 506/1098/2433
f 464/1099/2434 448/1100/2435 481/1101/2436
f 455/1102/2437 546/1103/2438 475/1104/2439
f 604/1105/2440 623/1106/2441 574/1107/2442
f 595/1108/2443 519/1109/2444 635/1110/2445
f 627/1111/2446 564/1112/2447 594/1113/2448
f 451/1114/2449 525/1115/2450 559/1116/2451
f 516/1117/2452 522/1118/2453 455/1119/2454
f 477/1120/2455 513/1121/2456 598/1122/2457
f 574/1123/2458 614/1124/2459 604/1125/2460
f 488/1126/2461 550/1127/2462 628/1128/2463
f 542/1129/2464 441/1130/2465 465/1131/2466
f 588/1132/2467 471/1133/2468 597/1134/2469
f 581/1135/2470 433/1136/2471 634/1137/2472
f 432/1138/2473 510/1139/2474 527/1140/2475
f 607/1141/2476 554/1142/2477 452/1143/2478
f 560/1144/2479 467/1145/2480 648/1146/2481
f 448/1147/2482 629/1148/2483 450/1149/2484
f 647/1150/2485 612/1151/2486 546/1152/2487
f 538/1153/2488 431/1154/2489 491/1155/2490
f 588/1156/2491 596/1157/2492 471/1158/2493
f 493/1159/2494 430/1160/2495 411/1161/2496
f 507/1162/2497 538/1163/2498 491/1164/2499
f 442/1165/2500 508/1166/2501 573/1167/2502
f 559/1168/2503 626/1169/2504 460/1170/2505
f 412/1171/2506 419/1172/2507 444/1173/2508
f 532/1174/2509 620/1175/2510 540/1176/2511
f 537/1177/2512 534/1178/2513 543/1179/2514
f 457/1180/2515 632/1181/2516 528/1182/2517
f 472/1183/2518 530/1184/2519 511/1185/2520
f 621/1186/2521 548/1187/2522 630/1188/2523
f 602/1189/2524 533/1190/2525 569/1191/2526
f 570/1192/2527 545/1193/2528 488/1194/2529
f 468/1195/2530 506/1196/2531 441/1197/2532
f 479/1198/2533 529/1199/2534 424/1200/2535
f 503/1201/2536 571/1202/2537 520/1203/2538
f 556/1204/2539 613/1205/2540 600/1206/2541
f 476/1207/2542 460/1208/2543 575/1209/2544
f 593/1210/2545 484/1211/2546 623/1212/2547
f 549/1213/2548 609/1214/2549 495/1215/2550
f 512/1216/2551 547/1217/2552 507/1218/2553
f 587/1219/2554 643/1220/2555 589/1221/2556
f 597/1222/2557 608/1223/2558 532/1224/2559
f 428/1225/2560 601/1226/2561 641/1227/2562
f 410/1228/2563 648/1229/2564 467/1230/2565
f 574/1231/2566 583/1232/2567 614/1233/2568
f 517/1234/2569 522/1235/2570 562/1236/2571
f 611/1237/2572 517/1238/2573 480/1239/2574
f 449/1240/2575 630/1241/2576 579/1242/2577
f 612/1243/2578 647/1244/2579 552/1245/2580
f 528/1246/2581 437/1247/2582 457/1248/2583
f 584/1249/2584 478/1250/2585 617/1251/2586
f 469/1252/2587 438/1253/2588 526/1254/2589
f 603/1255/2590 526/1256/2591 438/1257/2592
f 640/1258/2593 599/1259/2594 470/1260/2595
f 411/1261/2596 430/1262/2597 646/1263/2598
f 504/1264/2599 413/1265/2600 499/1266/2601
f 591/1267/2602 611/1268/2603 440/1269/2604
f 409/1270/2605 468/1271/2606 441/1272/2607
f 644/1273/2608 459/1274/2609 409/1275/2610
f 496/1276/2611 628/1277/2612 550/1278/2613
f 484/1279/2614 593/1280/2615 453/1281/2616
f 571/1282/2617 503/1283/2618 524/1284/2619
f 466/1285/2620 519/1286/2621 429/1287/2622
f 639/1288/2623 505/1289/2624 485/1290/2625
f 569/1291/2626 622/1292/2627 602/1293/2628
f 481/1294/2629 605/1295/2630 464/1296/2631
f 526/1297/2632 492/1298/2633 414/1299/2634
f 544/1300/2635 457/1301/2636 473/1302/2637
f 496/1303/2638 511/1304/2639 446/1305/2640
f 566/1306/2641 502/1307/2642 615/1308/2643
f 485/1309/2644 505/1310/2645 419/1311/2646
f 450/1312/2647 557/1313/2648 645/1314/2649
f 633/1315/2650 645/1316/2651 557/1317/2652
f 436/1318/2653 421/1319/2654 449/1320/2655
f 586/1321/2656 482/1322/2657 495/1323/2658
f 625/1324/2659 410/1325/2660 467/1326/2661
f 477/1327/2662 598/1328/2663 497/1329/2664
f 466/1330/2665 451/1331/2666 519/1332/2667
f 451/1333/2668 610/1334/2669 422/1335/2670
f 516/1336/2671 562/1337/2672 522/1338/2673
f 554/1339/2674 415/1340/2675 568/1341/2676
f 496/1342/2677 442/1343/2678 565/1344/2679
f 491/1345/2680 442/1346/2681 573/1347/2682
f 617/1348/2683 454/1349/2684 584/1350/2685
f 530/1351/2686 416/1352/2687 426/1353/2688
f 533/1354/2689 515/1355/2690 607/1356/2691
f 455/1357/2692 475/1358/2693 486/1359/2694
f 456/1360/2695 432/1361/2696 527/1362/2697
f 507/1363/2698 487/1364/2699 512/1365/2700
f 489/1366/2701 473/1367/2702 457/1368/2703
f 418/1369/2704 500/1370/2705 594/1371/2706
f 576/1372/2707 640/1373/2708 470/1374/2709
f 555/1375/2710 458/1376/2711 521/1377/2712
f 459/1378/2713 417/1379/2714 508/1380/2715
f 589/1381/2716 643/1382/2717 417/1383/2718
f 501/1384/2719 424/1385/2720 572/1386/2721
f 479/1387/2722 424/1388/2723 501/1389/2724
f 413/1390/2725 509/1391/2726 523/1392/2727
f 578/1393/2728 549/1394/2729 585/1395/2730
f 462/1396/2731 564/1397/2732 425/1398/2733
f 541/1399/2734 462/1400/2735 577/1401/2736
f 520/1402/2737 633/1403/2738 503/1404/2739
f 568/1405/2740 503/1406/2741 518/1407/2742
f 464/1408/2743 483/1409/2744 541/1410/2745
f 543/1411/2746 541/1412/2747 577/1413/2748
f 615/1414/2749 592/1415/2750 558/1416/2751
f 510/1417/2752 637/1418/2753 474/1419/2754
f 443/1420/2755 466/1421/2756 429/1422/2757
f 580/1423/2758 460/1424/2759 626/1425/2760
f 553/1426/2761 480/1427/2762 517/1428/2763
f 531/1429/2764 553/1430/2765 490/1431/2766
f 634/1432/2767 624/1433/2768 581/1434/2769
f 561/1435/2770 409/1436/2771 494/1437/2772
f 596/1438/2773 422/1439/2774 610/1440/2775
f 519/1441/2776 469/1442/2777 635/1443/2778
f 600/1444/2779 646/1445/2780 556/1446/2781
f 439/1447/2782 470/1448/2783 599/1449/2784
f 536/1450/2785 597/1451/2786 471/1452/2787
f 493/1453/2788 536/1454/2789 610/1455/2790
f 511/1456/2791 423/1457/2792 472/1458/2793
f 472/1459/2794 593/1460/2795 623/1461/2796
f 616/1462/2797 446/1463/2798 426/1464/2799
f 545/1465/2800 570/1466/2801 616/1467/2802
f 419/1468/2803 412/1469/2804 474/1470/2805
f 621/1471/2806 630/1472/2807 527/1473/2808
f 486/1474/2809 475/1475/2810 436/1476/2811
f 552/1477/2812 436/1478/2813 475/1479/2814
f 556/1480/2815 646/1481/2816 430/1482/2817
f 430/1483/2818 460/1484/2819 476/1485/2820
f 534/1486/2821 450/1487/2822 629/1488/2823
f 467/1489/2824 531/1490/2825 625/1491/2826
f 478/1492/2827 437/1493/2828 528/1494/2829
f 598/1495/2830 513/1496/2831 564/1497/2832
f 479/1498/2833 443/1499/2834 631/1500/2835
f 580/1501/2836 466/1502/2837 443/1503/2838
f 611/1504/2839 480/1505/2840 440/1506/2841
f 648/1507/2842 499/1508/2843 560/1509/2844
f 605/1510/2845 481/1511/2846 429/1512/2847
f 524/1513/2848 429/1514/2849 571/1515/2850
f 538/1516/2851 507/1517/2852 547/1518/2853
f 449/1519/2854 495/1520/2855 482/1521/2856
f 483/1522/2857 445/1523/2858 414/1524/2859
f 595/1525/2860 635/1526/2861 605/1527/2862
f 495/1528/2863 609/1529/2864 586/1530/2865
f 453/1531/2866 586/1532/2867 484/1533/2868
f 419/1534/2869 592/1535/2870 485/1536/2871
f 476/1537/2872 575/1538/2873 447/1539/2874
f 486/1540/2875 427/1541/2876 535/1542/2877
f 548/1543/2878 569/1544/2879 427/1545/2880
f 582/1546/2881 510/1547/2882 432/1548/2883
f 432/1549/2884 567/1550/2885 487/1551/2886
f 508/1552/2887 550/1553/2888 488/1554/2889
f 590/1555/2890 494/1556/2891 409/1557/2892
f 500/1558/2893 418/1559/2894 551/1560/2895
f 555/1561/2896 521/1562/2897 601/1563/2898
f 490/1564/2899 553/1565/2900 420/1566/2901
f 450/1567/2902 490/1568/2903 557/1569/2904
f 431/1570/2905 453/1571/2906 565/1572/2907
f 496/1573/2908 565/1574/2909 539/1575/2910
f 540/1576/2911 603/1577/2912 532/1578/2913
f 492/1579/2914 462/1580/2915 541/1581/2916
f 493/1582/2917 451/1583/2918 430/1584/2919
f 493/1585/2920 610/1586/2921 451/1587/2922
f 428/1588/2923 641/1589/2924 581/1590/2925
f 590/1591/2926 428/1592/2927 494/1593/2928
f 552/1594/2929 578/1595/2930 585/1596/2931
f 421/1597/2932 495/1598/2933 449/1599/2934
f 539/1600/2935 423/1601/2936 496/1602/2937
f 423/1603/2938 511/1604/2939 496/1605/2940
f 497/1606/2941 410/1607/2942 625/1608/2943
f 584/1609/2944 614/1610/2945 410/1611/2946
f 413/1612/2947 504/1613/2948 498/1614/2949
f 413/1615/2950 498/1616/2951 609/1617/2952
f 413/1618/2953 523/1619/2954 499/1620/2955
f 440/1621/2956 560/1622/2957 499/1623/2958
f 627/1624/2959 457/1625/2960 437/1626/2961
f 457/1627/2962 500/1628/2963 551/1629/2964
f 460/1630/2965 639/1631/2966 485/1632/2967
f 639/1633/2968 460/1634/2969 580/1635/2970
f 447/1636/2971 615/1637/2972 502/1638/2973
f 476/1639/2974 447/1640/2975 502/1641/2976
f 415/1642/2977 636/1643/2978 503/1644/2979
f 568/1645/2980 415/1646/2981 503/1647/2982
f 434/1648/2983 504/1649/2984 499/1650/2985
f 583/1651/2986 504/1652/2987 434/1653/2988
f 419/1654/2989 505/1655/2990 444/1656/2991
f 622/1657/2992 572/1658/2993 424/1659/2994
f 506/1660/2995 624/1661/2996 634/1662/2997
f 439/1663/2998 600/1664/2999 634/1665/3000
f 507/1666/3001 491/1667/3002 573/1668/3003
f 643/1669/3004 507/1670/3005 417/1671/3006
f 488/1672/3007 409/1673/3008 508/1674/3009
f 508/1675/3010 409/1676/3011 459/1677/3012
f 578/1678/3013 552/1679/3014 461/1680/3015
f 461/1681/3016 563/1682/3017 509/1683/3018
f 558/1684/3019 510/1685/3020 465/1686/3021
f 542/1687/3022 465/1688/3023 587/1689/3024
f 426/1690/3025 511/1691/3026 530/1692/3027
f 511/952/3028 426/1693/3029 446/1694/3030
f 630/1695/3031 449/1696/3032 512/1697/3033
f 567/1698/3034 432/1699/3035 456/1700/3036
f 513/1701/3037 425/1702/3038 564/1703/3039
f 534/1704/3040 537/1705/3041 638/1706/3042
f 514/1707/3043 521/1708/3044 458/1709/3045
f 597/1710/3046 536/1711/3047 514/1712/3048
f 515/1713/3049 533/1714/3050 602/1715/3051
f 529/1716/3052 554/1717/3053 424/1718/3054
f 642/1719/3055 607/1720/3056 452/1721/3057
f 518/1722/3058 516/1723/3059 452/1724/3060
f 420/1725/3061 517/1726/3062 463/1727/3063
f 517/1728/3064 420/1729/3065 553/1730/3066
f 633/1731/3067 518/1732/3068 503/1733/3069
f 562/1734/3070 463/1735/3071 517/1736/3072
f 422/1737/3073 519/1738/3074 451/1739/3075
f 469/1740/3076 519/1741/3077 422/1742/3078
f 448/1743/3079 645/1744/3080 481/1745/3081
f 645/1746/3082 448/1747/3083 450/1748/3084
f 601/1749/3085 521/1750/3086 641/1751/3087
f 521/1752/3088 514/1753/3089 576/1754/3090
f 461/1755/3091 546/1756/3092 435/1757/3093
f 522/1758/3094 517/958/3095 611/1759/3096
f 499/1760/3097 523/1761/3098 618/1762/3099
f 523/1763/3100 509/1764/3101 563/1765/3102
f 631/1766/3103 443/1767/3104 636/1768/3105
f 429/1769/3106 524/1770/3107 443/1771/3108
f 580/1772/3109 626/1773/3110 466/1774/3111
f 451/1775/3112 466/1776/3113 525/1777/3114
f 445/1778/3115 526/1779/3116 414/1780/3117
f 526/1781/3118 445/1782/3119 469/1783/3120
f 474/1784/3121 527/1785/3122 510/1786/3123
f 527/1787/3124 474/1788/3125 412/1789/3126
f 416/1790/3127 528/1791/3128 632/1792/3129
f 617/1793/3130 478/1794/3131 528/1795/3132
f 636/1796/3133 415/1797/3134 631/1798/3135
f 554/1799/3136 529/1800/3137 415/1801/3138
f 604/1802/3139 454/1803/3140 530/1804/3141
f 454/1805/3142 416/1806/3143 530/1807/3144
f 490/1808/3145 450/1809/3146 531/1810/3147
f 534/1811/3148 619/1812/3149 450/1813/3150
f 438/1814/3151 469/1815/3152 588/1816/3153
f 438/1817/3154 532/1818/3155 603/1819/3156
f 533/1820/3157 535/1821/3158 427/1822/3159
f 533/1823/3160 427/1824/3161 569/1825/3162
f 619/1826/3163 534/1827/3164 477/1828/3165
f 638/1829/3166 477/1830/3167 534/1831/3168
f 455/1832/3169 535/1833/3170 642/1834/3171
f 535/1835/3172 455/1836/3173 486/1837/3174
f 411/1838/3175 514/1839/3176 536/1840/3177
f 536/1841/3178 493/934/3179 411/1842/3180
f 462/1843/3181 425/1844/3182 577/1845/3183
f 537/1846/3184 606/1847/3185 638/1848/3186
f 431/1849/3187 538/1850/3188 482/1851/3189
f 547/1852/3190 482/1853/3191 538/979/3192
f 423/1854/3193 539/1855/3194 453/1856/3195
f 453/1857/3196 539/980/3197 565/1858/3198
f 594/1859/3199 540/1860/3200 620/1861/3201
f 492/1862/3202 540/1863/3203 462/1864/3204
f 414/1865/3205 541/1866/3206 483/1867/3207
f 414/855/3208 492/1868/3209 541/1869/3210
f 589/1870/3211 542/1871/3212 587/1872/3213
f 542/1873/3214 459/1874/3215 644/1875/3216
f 629/1876/3217 543/1877/3218 534/975/3219
f 464/1878/3220 541/982/3221 543/1879/3222
f 632/1880/3223 426/1881/3224 416/1882/3225
f 473/1883/3226 426/1884/3227 544/1885/3228
f 428/1886/3229 545/1887/3230 489/1888/3231
f 428/1889/3232 590/1890/3233 545/1891/3234
f 546/1892/3235 455/1893/3236 522/1894/3237
f 522/1895/3238 435/1896/3239 546/1897/3240
f 512/1898/3241 449/1899/3242 547/1900/3243
f 449/1901/3244 482/1902/3245 547/988/3246
f 548/1903/3247 486/1904/3248 630/1905/3249
f 427/868/3250 486/1906/3251 548/1907/3252
f 549/1908/3253 413/1909/3254 609/1910/3255
f 578/1911/3256 413/1912/3257 549/1913/3258
f 508/1914/3259 442/1915/3260 550/1916/3261
f 496/1917/3262 550/991/3263 442/1918/3264
f 489/1919/3265 601/1920/3266 428/1921/3267
f 457/1922/3268 551/1923/3269 489/1924/3270
f 421/1925/3271 436/1926/3272 552/1927/3273
f 585/1928/3274 421/1929/3275 552/1930/3276
f 467/1931/3277 560/1932/3278 553/1933/3279
f 553/1934/3280 531/1935/3281 467/908/3282
f 554/1936/3283 607/1937/3284 515/1938/3285
f 554/1939/3286 515/1940/3287 424/1941/3288
f 620/1942/3289 532/1943/3290 608/1944/3291
f 551/1945/3292 418/1946/3293 555/1947/3294
f 502/1948/3295 556/1949/3296 476/1950/3297
f 476/917/3298 556/1951/3299 430/1952/3300
f 490/931/3301 420/1953/3302 557/1954/3303
f 557/1955/3304 420/861/3305 463/1956/3306
f 419/1957/3307 558/1958/3308 592/1959/3309
f 474/915/3310 637/1960/3311 419/1961/3312
f 460/1962/3313 430/1963/3314 559/1964/3315
f 559/1965/3316 430/871/3317 451/892/3318
f 480/1966/3319 553/994/3320 560/1967/3321
f 560/1001/3322 440/1968/3323 480/921/3324
f 409/1969/3325 561/1970/3326 468/1971/3327
f 468/909/3328 561/1972/3329 506/1973/3330
f 562/1974/3331 518/1975/3332 463/1976/3333
f 516/1977/3334 518/1978/3335 562/1003/3336
f 618/1979/3337 563/1980/3338 461/1981/3339
f 618/1982/3340 523/964/3341 563/1004/3342
f 437/1983/3343 564/1984/3344 627/1985/3345
f 564/1986/3346 437/1987/3347 598/1988/3348
f 431/1989/3349 565/1990/3350 491/1991/3351
f 565/1006/3352 442/883/3353 491/932/3354
f 441/1992/3355 566/1993/3356 465/1994/3357
f 441/1995/3358 506/1996/3359 566/1997/3360
f 456/1998/3361 512/1999/3362 567/2000/3363
f 512/2001/3364 487/2002/3365 567/1008/3366
f 568/2003/3367 452/2004/3368 554/995/3369
f 452/2005/3370 568/1009/3371 518/2006/3372
f 412/2007/3373 622/2008/3374 569/2009/3375
f 548/989/3376 621/2010/3377 569/2011/3378
f 446/2012/3379 616/2013/3380 570/2014/3381
f 488/2015/3382 628/2016/3383 570/2017/3384
f 481/2018/3385 520/2019/3386 571/2020/3387
f 481/2021/3388 571/1012/3389 429/2022/3390
f 572/2023/3391 444/2024/3392 505/2025/3393
f 505/946/3394 639/2026/3395 572/2027/3396
f 417/2028/3397 507/2029/3398 573/2030/3399
f 573/1014/3400 508/949/3401 417/2031/3402
f 504/2032/3403 583/2033/3404 574/2034/3405
f 504/945/3406 574/2035/3407 498/2036/3408
f 575/2037/3409 485/2038/3410 592/2039/3411
f 485/926/3412 575/2040/3413 460/901/3414
f 576/2041/3415 433/2042/3416 521/2043/3417
f 433/2044/3418 576/2045/3419 470/2046/3420
f 537/2047/3421 577/2048/3422 425/2049/3423
f 543/2050/3424 577/1018/3425 537/2051/3426
f 413/854/3427 578/2052/3428 509/2053/3429
f 461/2054/3430 509/950/3431 578/1019/3432
f 486/927/3433 436/2055/3434 579/2056/3435
f 449/890/3436 579/1020/3437 436/877/3438
f 580/2057/3439 479/2058/3440 501/2059/3441
f 479/2060/3442 580/2061/3443 443/2062/3444
f 494/2063/3445 581/2064/3446 561/2065/3447
f 494/935/3448 428/869/3449 581/2066/3450
f 643/2067/3451 587/2068/3452 582/2069/3453
f 487/2070/3454 582/2071/3455 432/873/3456
f 648/2072/3457 410/2073/3458 583/2074/3459
f 583/2075/3460 410/2076/3461 614/2077/3462
f 410/851/3463 497/2078/3464 584/2079/3465
f 497/2080/3466 478/2081/3467 584/2082/3468
f 495/2083/3469 585/2084/3470 549/990/3471
f 421/862/3472 585/1026/3473 495/936/3474
f 431/2085/3475 586/2086/3476 453/2087/3477
f 431/872/3478 482/923/3479 586/2088/3480
f 510/2089/3481 582/2090/3482 587/2091/3483
f 465/2092/3484 510/2093/3485 587/1028/3486
f 532/2094/3487 588/2095/3488 597/2096/3489
f 588/2097/3490 532/973/3491 438/879/3492
f 417/858/3493 459/2098/3494 589/2099/3495
f 542/2100/3496 589/1030/3497 459/900/3498
f 590/2101/3499 488/2102/3500 545/986/3501
f 488/929/3502 590/1031/3503 409/2103/3504
f 618/2104/3505 461/2105/3506 591/2106/3507
f 435/2107/3508 591/2108/3509 461/2109/3510
f 592/2110/3511 447/2111/3512 575/1016/3513
f 592/1033/3514 615/2112/3515 447/888/3516
f 423/2113/3517 453/894/3518 593/2114/3519
f 423/864/3520 593/1034/3521 472/2115/3522
f 564/1005/3523 462/2116/3524 594/2117/3525
f 462/903/3526 540/2118/3527 594/2119/3528
f 605/2120/3529 429/2121/3530 595/2122/3531
f 429/870/3532 519/960/3533 595/1036/3534
f 596/2123/3535 588/1029/3536 469/2124/3537
f 469/2125/3538 422/863/3539 596/2126/3540
f 514/2127/3541 458/2128/3542 597/2129/3543
f 608/2130/3544 597/1038/3545 458/2131/3546
f 478/2132/3547 598/2133/3548 437/878/3549
f 497/2134/3550 598/1039/3551 478/919/3552
f 599/2135/3553 640/2136/3554 411/2137/3555
f 599/1040/3556 411/2138/3557 439/2139/3558
f 506/2140/3559 634/2141/3560 600/2142/3561
f 600/2143/3562 613/2144/3563 506/2145/3564
f 601/2146/3565 489/2147/3566 551/2148/3567
f 555/2149/3568 601/1042/3569 551/992/3570
f 424/2150/3571 602/2151/3572 622/2152/3573
f 602/1043/3574 424/865/3575 515/956/3576
f 603/2153/3577 540/981/3578 492/2154/3579
f 492/933/3580 526/967/3581 603/1044/3582
f 530/971/3583 472/2155/3584 604/2156/3585
f 623/2157/3586 604/2158/3587 472/913/3588
f 605/2159/3589 483/2160/3590 464/2161/3591
f 605/1046/3592 635/2162/3593 483/2163/3594
f 425/2164/3595 606/2165/3596 537/978/3597
f 425/866/3598 513/2166/3599 606/2167/3600
f 535/2168/3601 607/2169/3602 642/2170/3603
f 607/1048/3604 535/976/3605 533/974/3606
f 608/2171/3607 458/899/3608 555/2172/3609
f 620/2173/3610 608/1049/3611 555/2174/3612
f 484/2175/3613 586/1027/3614 609/2176/3615
f 484/2177/3616 609/1050/3617 498/2178/3618
f 596/1037/3619 610/2179/3620 471/2180/3621
f 471/912/3622 610/1051/3623 536/977/3624
f 611/2181/3625 435/2182/3626 522/963/3627
f 435/876/3628 611/1052/3629 591/2183/3630
f 612/2184/3631 475/2185/3632 546/2186/3633
f 475/916/3634 612/1053/3635 552/2187/3636
f 566/2188/3637 613/2189/3638 502/2190/3639
f 613/1054/3640 556/997/3641 502/943/3642
f 614/2191/3643 584/1025/3644 454/2192/3645
f 454/2193/3646 604/1045/3647 614/1055/3648
f 465/2194/3649 615/2195/3650 558/2196/3651
f 566/1007/3652 615/1056/3653 465/906/3654
f 426/2197/3655 473/2198/3656 616/2199/3657
f 489/930/3658 616/1057/3659 473/914/3660
f 528/969/3661 416/2200/3662 617/2201/3663
f 454/895/3664 617/1058/3665 416/857/3666
f 618/2202/3667 440/2203/3668 499/2204/3669
f 591/1032/3670 440/881/3671 618/1059/3672
f 477/2205/3673 531/2206/3674 619/2207/3675
f 619/1060/3676 531/2208/3677 450/891/3678
f 620/2209/3679 418/2210/3680 594/2211/3681
f 418/859/3682 620/1061/3683 555/996/3684
f 621/2212/3685 412/2213/3686 569/1010/3687
f 412/2214/3688 621/1062/3689 527/2215/3690
f 572/2216/3691 622/2217/3692 444/2218/3693
f 412/853/3694 444/885/3695 622/1063/3696
f 498/2219/3697 574/1015/3698 623/2220/3699
f 623/1064/3700 484/925/3701 498/939/3702
f 561/2221/3703 624/2222/3704 506/947/3705
f 624/1065/3706 561/1002/3707 581/2223/3708
f 625/2224/3709 477/2225/3710 497/938/3711
f 531/972/3712 477/2226/3713 625/1066/3714
f 626/2227/3715 559/1000/3716 525/2228/3717
f 626/1067/3718 525/966/3719 466/907/3720
f 500/2229/3721 457/2230/3722 627/2231/3723
f 627/1068/3724 594/1035/3725 500/941/3726
f 628/2232/3727 496/937/3728 446/2233/3729
f 570/1011/3730 628/1069/3731 446/887/3732
f 448/889/3733 464/2234/3734 629/2235/3735
f 543/984/3736 629/1070/3737 464/905/3738
f 456/2236/3739 630/2237/3740 512/953/3741
f 456/897/3742 527/968/3743 630/1071/3744
f 529/2238/3745 631/2239/3746 415/856/3747
f 529/970/3748 479/920/3749 631/1072/3750
f 457/898/3751 544/2240/3752 632/2241/3753
f 426/867/3754 632/1073/3755 544/985/3756
f 463/2242/3757 633/2243/3758 557/998/3759
f 518/959/3760 633/2244/3761 463/904/3762
f 470/2245/3763 634/2246/3764 433/2247/3765
f 439/2248/3766 634/1075/3767 470/911/3768
f 445/2249/3769 635/2250/3770 469/910/3771
f 445/886/3772 483/924/3773 635/1076/3774
f 524/2251/3775 503/944/3776 636/2252/3777
f 524/965/3778 636/1077/3779 443/884/3780
f 510/951/3781 558/2253/3782 637/2254/3783
f 637/1078/3784 558/999/3785 419/860/3786
f 638/2255/3787 606/1047/3788 513/2256/3789
f 638/1079/3790 513/954/3791 477/918/3792
f 572/1013/3793 639/2257/3794 501/2258/3795
f 580/1021/3796 501/942/3797 639/1080/3798
f 514/2259/3799 411/2260/3800 640/2261/3801
f 576/1017/3802 514/955/3803 640/1081/3804
f 433/2262/3805 581/1022/3806 641/2263/3807
f 433/874/3808 641/1082/3809 521/962/3810
f 455/896/3811 642/2264/3812 516/2265/3813
f 452/893/3814 516/957/3815 642/1083/3816
f 507/948/3817 643/2266/3818 487/2267/3819
f 582/1023/3820 487/928/3821 643/1084/3822
f 441/2268/3823 542/983/3824 644/2269/3825
f 409/850/3826 441/882/3827 644/1085/3828
f 645/2270/3829 633/1074/3830 520/2271/3831
f 520/961/3832 481/922/3833 645/1086/3834
f 646/2272/3835 439/2273/3836 411/852/3837
f 600/1041/3838 439/880/3839 646/1087/3840
f 647/2274/3841 461/2275/3842 552/993/3843
f 546/987/3844 461/902/3845 647/1088/3846
f 499/940/3847 648/2276/3848 434/2277/3849
f 583/1024/3850 434/875/3851 648/1089/3852
#476 polygons

